pitcher,stuff_plus_CH,stuff_plus_CU,stuff_plus_FF,stuff_plus_SI,stuff_plus_SL,stuff_plus_FC,stuff_plus_ST,stuff_plus_KC,stuff_plus,PlayerName,Team,IP,ERA,FIP,xFIP,K.BB.,hard_hit_percent,woba
434378,110.5637679404884,100.11407383932787,105.02686156232454,88.45851775229843,111.81206955617132,NA,NA,NA,105.81268390451889,Justin Verlander,"<a href=""leaders.aspx?pos=all&stats=pit&lg=all&qual=0&type=strType&season=2024&month=0&season1=2024&ind=1&team=21&rost=0&age=0"">HOU</a>",90.1,5.479705105585477,4.782716031654401,5.134759530442583,0.11868687,32.5,0.337
445276,NA,NA,NA,104.6116042162227,104.2020198535894,111.39137299636769,NA,NA,110.30467097311046,Kenley Jansen,"<a href=""leaders.aspx?pos=all&stats=pit&lg=all&qual=0&type=strType&season=2024&month=0&season1=2024&ind=1&team=3&rost=0&age=0"">BOS</a>",54.2,3.2926830800071847,3.001845624289436,4.042051866241064,0.19266055,37,0.253
445926,97.14118347002346,96.27367727135383,NA,90.79187797340188,94.76631081801963,94.03602084896802,NA,NA,93.7060100667684,Jesse Chavez,"<a href=""leaders.aspx?pos=all&stats=pit&lg=all&qual=0&type=strType&season=2024&month=0&season1=2024&ind=1&team=16&rost=0&age=0"">ATL</a>",63.1,3.126316228850788,4.42963785055274,3.881056661748712,0.13636364,35.4,0.315
448179,NA,101.71534100004726,91.57799956226228,92.0818758898429,NA,92.81125309034887,95.16625202065647,NA,94.07467868696821,Rich Hill,"<a href=""leaders.aspx?pos=all&stats=pit&lg=all&qual=0&type=strType&season=2024&month=0&season1=2024&ind=1&team=3&rost=0&age=0"">BOS</a>",3.2,4.90909303712543,7.257390642560987,4.536666775643608,0.13333333,66.7,0.322
450203,100.54796514467641,107.97957842408194,92.14269294055612,98.29476846892844,NA,98.38177379080778,NA,NA,100.68567400047375,Charlie Morton,"<a href=""leaders.aspx?pos=all&stats=pit&lg=all&qual=0&type=strType&season=2024&month=0&season1=2024&ind=1&team=16&rost=0&age=0"">ATL</a>",165.1,4.1915323870115095,4.4608346568186015,3.987567871947028,0.14550642,38.4,0.335
453286,96.18298206629282,98.47536546573046,100.61168569716301,NA,101.9210057258809,104.72621815262158,NA,NA,100.25167836941594,Max Scherzer,"<a href=""leaders.aspx?pos=all&stats=pit&lg=all&qual=0&type=strType&season=2024&month=0&season1=2024&ind=1&team=13&rost=0&age=0"">TEX</a>",43.1,3.946153961949098,4.18186442346968,4.03584451337931,0.16949153,34.9,0.312
455119,NA,NA,98.7754284122156,97.07504929744704,NA,98.18842623727107,100.86914066146866,NA,97.68666300396634,Chris Martin,"<a href=""leaders.aspx?pos=all&stats=pit&lg=all&qual=0&type=strType&season=2024&month=0&season1=2024&ind=1&team=3&rost=0&age=0"">BOS</a>",44.1,3.4511279185338966,2.7830211206749174,2.6128629075936445,0.26111111,35,0.293
456501,83.55260328013024,94.8996872118363,87.25740063145508,92.14662958355171,93.32940454124173,83.48881377036736,NA,NA,89.03119603843153,Johnny Cueto,"<a href=""leaders.aspx?pos=all&stats=pit&lg=all&qual=0&type=strType&season=2024&month=0&season1=2024&ind=1&team=1&rost=0&age=0"">LAA</a>",11.1,7.147059023999018,7.490009311326238,5.3031990716343564,0.06,56.1,0.42
458677,NA,NA,97.27775596548986,NA,111.31308270698935,96.85262233256356,NA,NA,100.57490664548399,Justin Wilson,"<a href=""leaders.aspx?pos=all&stats=pit&lg=all&qual=0&type=strType&season=2024&month=0&season1=2024&ind=1&team=18&rost=0&age=0"">CIN</a>",46.2,5.592858362003514,4.730765833562809,3.9862627339592462,0.18181818,41.3,0.354
458681,90.7971787157924,96.3471916642183,100.22860667161618,90.29582470694157,NA,97.61004472811415,103.38577389774879,NA,97.16547883676098,Lance Lynn,"<a href=""leaders.aspx?pos=all&stats=pit&lg=all&qual=0&type=strType&season=2024&month=0&season1=2024&ind=1&team=28&rost=0&age=0"">STL</a>",117.1,3.835227438979905,4.308525282341589,4.391444693571976,0.12720157,39.3,0.314
471911,95.64558659971573,100.0689377353293,89.17421194628734,91.65518347960742,98.9904056355571,NA,102.30812087875378,NA,94.53141557198596,Carlos Carrasco,"<a href=""leaders.aspx?pos=all&stats=pit&lg=all&qual=0&type=strType&season=2024&month=0&season1=2024&ind=1&team=5&rost=0&age=0"">CLE</a>",103.2,5.6430869551554235,4.931753133492261,4.182668949490616,0.12527964,38.8,0.36
472610,NA,NA,97.89053845357385,93.67413126071371,101.1029703099664,106.12078318675071,103.75702191436332,NA,96.94491515702686,Luis García,- - -,59,4.881356642322375,4.047835838709113,3.617741490099073,0.1496063,39.3,0.314
477132,81.96699961616932,99.87668386190269,98.63567944900315,98.34002462168097,101.98631368006882,NA,NA,NA,99.69341873492347,Clayton Kershaw,"<a href=""leaders.aspx?pos=all&stats=pit&lg=all&qual=0&type=strType&season=2024&month=0&season1=2024&ind=1&team=22&rost=0&age=0"">LAD</a>",30,4.500000286102313,3.533146468268502,4.329689099088705,0.11278196,40.8,0.336
489119,95.51287739961248,96.1332158203616,97.00287948966287,92.67847433954421,NA,96.43672136291427,101.21464889404082,NA,95.86223521214083,Wade Miley,"<a href=""leaders.aspx?pos=all&stats=pit&lg=all&qual=0&type=strType&season=2024&month=0&season1=2024&ind=1&team=23&rost=0&age=0"">MIL</a>",7,6.428571428571429,6.595051206861223,6.033915555051395,-0.06666667,34.8,0.343
489446,NA,NA,99.37174904652926,NA,97.74542697142361,NA,NA,NA,100.32671813160334,Kirby Yates,"<a href=""leaders.aspx?pos=all&stats=pit&lg=all&qual=0&type=strType&season=2024&month=0&season1=2024&ind=1&team=13&rost=0&age=0"">TEX</a>",61.2,1.16756768794371,2.5016148448774045,3.1196542932023377,0.24050633,33.1,0.186
493603,91.16716964563194,107.72127161495985,97.86644415620344,95.86304710542782,104.43204280036026,104.37168480312526,105.1010504024963,NA,100.45118649186448,Adam Ottavino,"<a href=""leaders.aspx?pos=all&stats=pit&lg=all&qual=0&type=strType&season=2024&month=0&season1=2024&ind=1&team=25&rost=0&age=0"">NYM</a>",56,4.339286601057039,3.666479880469207,3.8936317906988376,0.19183673,34.7,0.305
500779,91.4929750407607,94.48276863439999,94.73506019432408,92.24629438096363,NA,NA,NA,NA,93.27932434264076,Jose Quintana,"<a href=""leaders.aspx?pos=all&stats=pit&lg=all&qual=0&type=strType&season=2024&month=0&season1=2024&ind=1&team=25&rost=0&age=0"">NYM</a>",170.1,3.751467822393065,4.563740093985491,4.438112718935702,0.10041841,38.2,0.312
502043,88.20906953384771,95.96588345850387,93.46242622375848,87.52487059738203,NA,98.0278487130816,99.94904219737815,NA,93.87271554863936,Kyle Gibson,"<a href=""leaders.aspx?pos=all&stats=pit&lg=all&qual=0&type=strType&season=2024&month=0&season1=2024&ind=1&team=28&rost=0&age=0"">STL</a>",169.2,4.243615185667697,4.421882604049823,4.192405846893454,0.11495845,39.1,0.323
502085,97.93412247447954,NA,NA,100.37894663730646,101.41392367082953,110.82198850472416,NA,109.92716128874642,109.59889223902458,David Robertson,"<a href=""leaders.aspx?pos=all&stats=pit&lg=all&qual=0&type=strType&season=2024&month=0&season1=2024&ind=1&team=13&rost=0&age=0"">TEX</a>",72,3.0000003178914727,2.6525908349472744,2.8838193863377555,0.24324324,37.8,0.257
502171,NA,NA,84.43271047705477,94.23290738209411,NA,NA,NA,100.6844165148004,96.00943142737194,Alex Cobb,"<a href=""leaders.aspx?pos=all&stats=pit&lg=all&qual=0&type=strType&season=2024&month=0&season1=2024&ind=1&team=5&rost=0&age=0"">CLE</a>",16.1,2.7551022553036946,3.288928767414404,3.696445693888006,0.11290323,44.9,0.269
502179,99.37292403816393,110.75829591802143,94.98813581360507,NA,NA,NA,104.03286486138987,NA,101.30554477805805,Paolo Espino,"<a href=""leaders.aspx?pos=all&stats=pit&lg=all&qual=0&type=strType&season=2024&month=0&season1=2024&ind=1&team=14&rost=0&age=0"">TOR</a>",8.2,8.307692917141027,9.051095594598024,7.342495603819321,-0.04545455,45.7,0.512
502624,100.82699228834524,95.44749035468853,90.41263943010888,92.05442254676937,NA,100.10533198625917,97.95392946434373,NA,98.16995395597363,Chase Anderson,- - -,58.1,5.40000020599366,5.6864798744201694,5.526448132375804,0.08235294,33,0.329
503449,NA,NA,90.05432665193632,NA,99.5970684139933,NA,NA,NA,94.96213497093015,NA,NA,NA,NA,NA,NA,NA,NA,NA
506433,NA,103.79703697437928,99.86877312452522,95.00487873628481,104.71904552163335,95.04016193364781,105.5506301287587,100.77591786713641,101.44200954449279,Yu Darvish,"<a href=""leaders.aspx?pos=all&stats=pit&lg=all&qual=0&type=strType&season=2024&month=0&season1=2024&ind=1&team=29&rost=0&age=0"">SDP</a>",81.2,3.3061225519335236,4.084847153826885,3.98905315667741,0.16918429,39.9,0.286
516853,NA,97.84605894124948,92.61067786410429,NA,NA,96.71461190753064,NA,NA,95.13517033516682,NA,NA,NA,NA,NA,NA,NA,NA,NA
518397,89.59227575143636,NA,NA,93.23041066386345,101.44223356013198,NA,NA,NA,94.66795404887019,Scott Alexander,"<a href=""leaders.aspx?pos=all&stats=pit&lg=all&qual=0&type=strType&season=2024&month=0&season1=2024&ind=1&team=10&rost=0&age=0"">OAK</a>",38.2,2.5603455011684817,3.890617899832396,3.9377961958991072,0.1,44.6,0.268
518489,NA,NA,98.29448240255782,96.85428589247171,102.73792168633014,95.29049596220507,NA,NA,99.5456805428612,Ryan Brasier,"<a href=""leaders.aspx?pos=all&stats=pit&lg=all&qual=0&type=strType&season=2024&month=0&season1=2024&ind=1&team=22&rost=0&age=0"">LAD</a>",28,3.5357147674171947,3.3093369406096813,3.5904891429449814,0.18181818,43.8,0.265
518585,NA,NA,96.88632526216148,98.18851743097076,103.18991509292833,103.34083411642672,NA,NA,101.87455450192411,Fernando Cruz,"<a href=""leaders.aspx?pos=all&stats=pit&lg=all&qual=0&type=strType&season=2024&month=0&season1=2024&ind=1&team=18&rost=0&age=0"">CIN</a>",66.2,4.860001019668793,3.271479800319677,2.673166105548196,0.25694445,44.1,0.307
518617,90.15467504944895,NA,99.14022584356258,95.62449493540649,NA,NA,105.85323039539028,NA,99.64847397875289,Jake Diekman,"<a href=""leaders.aspx?pos=all&stats=pit&lg=all&qual=0&type=strType&season=2024&month=0&season1=2024&ind=1&team=25&rost=0&age=0"">NYM</a>",32,5.625002346933868,6.135231016949336,4.425486608254779,0.11034483,39,0.35
518633,98.48221118168924,101.82564999154701,96.87721366721557,84.4506065380812,NA,NA,NA,NA,97.28503801642762,NA,NA,NA,NA,NA,NA,NA,NA,NA
518876,96.40503323777963,99.60249618186901,92.97769561182292,91.76874750048114,95.77063172063342,95.57613335606825,NA,NA,95.02299422915506,Merrill Kelly,"<a href=""leaders.aspx?pos=all&stats=pit&lg=all&qual=0&type=strType&season=2024&month=0&season1=2024&ind=1&team=15&rost=0&age=0"">ARI</a>",73.2,4.0316743473268515,4.252452666458644,3.8917012596031526,0.14666667,40.9,0.311
518886,100.94547190715343,NA,110.73798439507337,NA,NA,NA,108.06578768930258,109.65096657823959,110.2643043800299,Craig Kimbrel,"<a href=""leaders.aspx?pos=all&stats=pit&lg=all&qual=0&type=strType&season=2024&month=0&season1=2024&ind=1&team=2&rost=0&age=0"">BAL</a>",52.1,5.331210709221781,4.179218730220814,4.000526749847051,0.18103448,43.1,0.309
519008,89.55764659063625,NA,NA,95.82679005527994,NA,92.13195219120996,97.66175912252716,NA,95.77022905508409,T.J. McFarland,"<a href=""leaders.aspx?pos=all&stats=pit&lg=all&qual=0&type=strType&season=2024&month=0&season1=2024&ind=1&team=10&rost=0&age=0"">OAK</a>",56.2,3.81176641655705,3.819421247792623,3.9690743075823076,0.09361702,34.9,0.293
519043,115.0335368622553,NA,92.03205649982222,NA,NA,96.69083638608409,NA,105.46098579236069,101.45354615963967,Matt Moore,"<a href=""leaders.aspx?pos=all&stats=pit&lg=all&qual=0&type=strType&season=2024&month=0&season1=2024&ind=1&team=1&rost=0&age=0"">LAA</a>",48.1,5.027587132765933,6.166480330763294,5.460230654108274,0.07142857,35.5,0.329
519151,99.44590709182684,119.10201771323442,105.05112797480942,93.08814347911384,114.83947674097587,NA,NA,NA,110.33836037960732,Ryan Pressly,"<a href=""leaders.aspx?pos=all&stats=pit&lg=all&qual=0&type=strType&season=2024&month=0&season1=2024&ind=1&team=21&rost=0&age=0"">HOU</a>",56.2,3.4941180390883098,3.0958915350758898,3.4323220744534573,0.16393443,41.8,0.314
519242,92.40592883147511,NA,96.38115818989435,94.77063883381955,99.33759224475673,NA,NA,NA,96.89154000755632,Chris Sale,"<a href=""leaders.aspx?pos=all&stats=pit&lg=all&qual=0&type=strType&season=2024&month=0&season1=2024&ind=1&team=16&rost=0&age=0"">ATL</a>",177.2,2.380863175718908,2.0858042942755386,2.6442501166237466,0.26495727,31.2,0.26
519293,96.03064853560525,96.95417170228974,87.79145833347947,NA,102.70110055535935,NA,NA,NA,96.52838992611903,Will Smith,"<a href=""leaders.aspx?pos=all&stats=pit&lg=all&qual=0&type=strType&season=2024&month=0&season1=2024&ind=1&team=7&rost=0&age=0"">KCR</a>",41.1,6.532258868341614,5.271318746977649,5.410880167333589,0.07526882,30.9,0.347
519326,92.14575253861682,NA,96.97923393353281,98.25430735859801,102.36555177817874,109.75586586356916,107.15255455177385,NA,102.34680867466524,Hunter Strickland,"<a href=""leaders.aspx?pos=all&stats=pit&lg=all&qual=0&type=strType&season=2024&month=0&season1=2024&ind=1&team=1&rost=0&age=0"">LAA</a>",73.1,3.313636938205535,4.448298182369302,4.881728704784218,0.1122449,35.5,0.286
523260,101.50170407410032,NA,94.51039681735013,95.57091001810565,118.28453036069145,NA,NA,118.62800684005896,104.5671068534052,Joe Kelly,"<a href=""leaders.aspx?pos=all&stats=pit&lg=all&qual=0&type=strType&season=2024&month=0&season1=2024&ind=1&team=22&rost=0&age=0"">LAD</a>",32,4.781250569969484,4.572729945927879,4.223486997044574,0.13286713,43,0.344
527048,90.84106115924607,93.48461211522293,89.03640605357458,92.36574266970781,99.07589983367855,92.4105676943466,NA,NA,92.05268306500399,Martín Pérez,- - -,135,4.533333461431813,4.899813160601958,4.483704095108578,0.09830509,41.5,0.351
527054,89.24352693274713,94.53486622407804,90.39054813355827,93.98047932102743,NA,95.55137917220497,NA,NA,93.70334018058482,Julio Teheran,"<a href=""leaders.aspx?pos=all&stats=pit&lg=all&qual=0&type=strType&season=2024&month=0&season1=2024&ind=1&team=25&rost=0&age=0"">NYM</a>",2.2,13.500003218651585,8.041480940580644,6.001496215876386,0.0625,45.5,0.513
528748,85.10554165334874,92.80382295462333,91.33021667014926,91.92927578159389,NA,93.70610563577937,NA,NA,91.61197365284386,Humberto Castellanos,"<a href=""leaders.aspx?pos=all&stats=pit&lg=all&qual=0&type=strType&season=2024&month=0&season1=2024&ind=1&team=15&rost=0&age=0"">ARI</a>",10.1,5.225807094673291,3.553576600117447,5.163134133836683,0.0625,37.1,0.313
541640,92.40767889482537,92.67142887872953,90.3061165440949,92.3043551882619,NA,98.080148675005,NA,NA,94.600538255171,Erasmo Ramírez,"<a href=""leaders.aspx?pos=all&stats=pit&lg=all&qual=0&type=strType&season=2024&month=0&season1=2024&ind=1&team=12&rost=0&age=0"">TBR</a>",20.2,4.3548392455610765,6.456802763824831,5.652815680975872,0.05882353,32.2,0.282
542585,106.94385346682488,NA,100.91860092747226,99.8752048507821,102.54372789724735,100.14090994919715,NA,NA,101.88843869851215,José Cisnero,"<a href=""leaders.aspx?pos=all&stats=pit&lg=all&qual=0&type=strType&season=2024&month=0&season1=2024&ind=1&team=1&rost=0&age=0"">LAA</a>",15.2,6.893618559934822,6.2303102493719384,4.648362107684371,0.12162162,40.4,0.387
542881,106.32521332697752,96.17250390945685,94.02297716277835,96.28446837380602,100.13289739935395,100.40777848155174,NA,NA,99.74852524170028,Tyler Anderson,"<a href=""leaders.aspx?pos=all&stats=pit&lg=all&qual=0&type=strType&season=2024&month=0&season1=2024&ind=1&team=1&rost=0&age=0"">LAA</a>",179.1,3.8141265022285347,4.660903612496297,4.8518883299472595,0.09019608,33,0.308
542882,NA,98.16661436825176,101.4849590052278,92.69970259850258,NA,99.9569402397188,NA,NA,99.21158726225977,Matt Andriese,"<a href=""leaders.aspx?pos=all&stats=pit&lg=all&qual=0&type=strType&season=2024&month=0&season1=2024&ind=1&team=20&rost=0&age=0"">MIA</a>",6,6,5.666479778289796,3.349157653252284,0.23076923,44.4,0.384
542888,NA,NA,95.34697487583092,96.15254739032244,NA,100.84459539254438,113.97456088827626,NA,98.60067458111124,Shawn Armstrong,- - -,66.2,4.860000533008634,3.571479822707181,4.193209852266809,0.13898305,38.1,0.345
543037,91.86882893969594,NA,104.40845805113446,97.70466495425195,107.96615937819685,101.54668223683056,NA,105.08612928435764,103.89123818183333,Gerrit Cole,"<a href=""leaders.aspx?pos=all&stats=pit&lg=all&qual=0&type=strType&season=2024&month=0&season1=2024&ind=1&team=9&rost=0&age=0"">NYY</a>",95,3.4105263157894736,3.692795567763479,3.9860266193747522,0.17948718,39.5,0.286
543056,NA,NA,85.31266456606203,86.27455891905015,NA,104.26722620619543,102.65579540043349,103.9598731347366,98.21289336981093,Danny Coulombe,"<a href=""leaders.aspx?pos=all&stats=pit&lg=all&qual=0&type=strType&season=2024&month=0&season1=2024&ind=1&team=2&rost=0&age=0"">BAL</a>",29.2,2.1235962337866736,2.8294010110220693,2.941858421747514,0.25233645,47.1,0.199
543063,82.35238611446823,89.26024782272081,84.54842107159986,NA,NA,NA,NA,NA,84.55755698122437,Brandon Crawford,"<a href=""leaders.aspx?pos=all&stats=pit&lg=all&qual=0&type=strType&season=2024&month=0&season1=2024&ind=1&team=28&rost=0&age=0"">STL</a>",1.1,27.00000643730317,9.916481387615587,12.18449453768486,-0.2,42.9,0.474
543135,NA,98.0512385426041,93.08118630678918,NA,100.99073193644539,97.03576238393914,NA,NA,97.63353133014787,Nathan Eovaldi,"<a href=""leaders.aspx?pos=all&stats=pit&lg=all&qual=0&type=strType&season=2024&month=0&season1=2024&ind=1&team=13&rost=0&age=0"">TEX</a>",170.2,3.796875226311399,3.8344485681038374,3.473425029652539,0.17816092,42.6,0.291
543238,NA,NA,97.35449650761208,NA,102.71998966089815,NA,NA,NA,99.50069376892651,Anthony Gose,"<a href=""leaders.aspx?pos=all&stats=pit&lg=all&qual=0&type=strType&season=2024&month=0&season1=2024&ind=1&team=5&rost=0&age=0"">CLE</a>",4.1,10.384616146426286,8.012633979955396,3.7572587518850824,0.13636364,47.1,0.566
543243,90.947548697971,106.7711766601409,102.94507985854838,90.37959890415537,NA,107.36133558685931,114.760315537493,NA,103.40803995719419,Sonny Gray,"<a href=""leaders.aspx?pos=all&stats=pit&lg=all&qual=0&type=strType&season=2024&month=0&season1=2024&ind=1&team=28&rost=0&age=0"">STL</a>",166.1,3.8416834842072904,3.124395608666241,2.819376976380927,0.24441133,37.9,0.292
543294,93.2883618998902,97.04854808238339,86.26872258396337,84.29684709104016,NA,NA,NA,NA,89.60722069788213,Kyle Hendricks,"<a href=""leaders.aspx?pos=all&stats=pit&lg=all&qual=0&type=strType&season=2024&month=0&season1=2024&ind=1&team=17&rost=0&age=0"">CHC</a>",130.2,5.923469675972495,4.98025537674649,4.591979100568073,0.07760141,33.4,0.339
543339,97.78353064442105,NA,105.12708373854434,96.84931835875446,100.7871601065967,NA,NA,NA,102.75920626279785,Daniel Hudson,"<a href=""leaders.aspx?pos=all&stats=pit&lg=all&qual=0&type=strType&season=2024&month=0&season1=2024&ind=1&team=22&rost=0&age=0"">LAD</a>",63,3.0000001816522617,4.182352855674688,4.062871592947487,0.17391304,49.4,0.274
543351,91.37399311187306,NA,93.83181517714081,90.461217026447,97.76072014618254,NA,NA,NA,95.56175578720364,Jay Jackson,"<a href=""leaders.aspx?pos=all&stats=pit&lg=all&qual=0&type=strType&season=2024&month=0&season1=2024&ind=1&team=8&rost=0&age=0"">MIN</a>",26.1,7.5189882494513895,5.444961066002337,3.826641971873295,0.1754386,42.1,0.362
543391,95.89408098589854,96.5678499837211,88.4597181238794,91.43394782298076,100.48112132604078,NA,NA,NA,94.5790284299876,Casey Kelly,"<a href=""leaders.aspx?pos=all&stats=pit&lg=all&qual=0&type=strType&season=2024&month=0&season1=2024&ind=1&team=18&rost=0&age=0"">CIN</a>",5.1,5.062500301748532,4.666479867696768,4.496992466927331,0.14285714,37.5,0.316
543475,97.79533807000298,94.89616385853857,94.60777882909832,86.79010152475459,NA,96.77856087683273,95.59367335769248,NA,95.0018760610622,Jordan Lyles,"<a href=""leaders.aspx?pos=all&stats=pit&lg=all&qual=0&type=strType&season=2024&month=0&season1=2024&ind=1&team=7&rost=0&age=0"">KCR</a>",5,0,3.166479778289795,5.585693228244782,0.05263158,64.3,0.205
543518,NA,NA,96.81565094469525,89.62948424289519,102.90007868560548,NA,NA,NA,96.33771205927356,Scott McGough,"<a href=""leaders.aspx?pos=all&stats=pit&lg=all&qual=0&type=strType&season=2024&month=0&season1=2024&ind=1&team=15&rost=0&age=0"">ARI</a>",32.2,7.438776740825464,6.044031274740798,5.600286907289429,0.02666667,41.7,0.382
543606,NA,NA,99.1931488391783,NA,92.16453376790747,93.04214347270096,NA,NA,93.14910615928783,NA,NA,NA,NA,NA,NA,NA,NA,NA
543766,91.69308656363633,97.51952254392711,NA,91.68745862026647,NA,100.51754166335968,100.69793691783539,NA,99.06080896095567,Bryan Shaw,"<a href=""leaders.aspx?pos=all&stats=pit&lg=all&qual=0&type=strType&season=2024&month=0&season1=2024&ind=1&team=4&rost=0&age=0"">CHW</a>",4,9.00000429153647,7.416481804848684,7.1904985095351845,0,56.3,0.496
543859,NA,NA,99.08376488860647,100.92675957273023,99.94761263555704,NA,97.13413823943404,NA,99.504651128498935,Michael Tonkin,- - -,79.1,3.6302528572609387,3.443790760441672,3.890017287873473,0.16176471,35,0.296
544150,103.47889598552197,95.7282861488199,95.95037241303214,NA,NA,99.44087902876063,NA,NA,97.88966513964812,Albert Suárez,"<a href=""leaders.aspx?pos=all&stats=pit&lg=all&qual=0&type=strType&season=2024&month=0&season1=2024&ind=1&team=2&rost=0&age=0"">BAL</a>",133.2,3.7032421770922257,4.236305296116438,4.52856551190087,0.11504425,38.4,0.32
546276,86.8295298837646,98.54775877616778,92.70645441758259,NA,NA,NA,NA,NA,94.64695954169751,NA,NA,NA,NA,NA,NA,NA,NA,NA
547001,100.2112211701891,99.7970952021756,89.27683368857237,90.36771985043484,NA,NA,103.10278001937453,NA,95.02519658824231,Cody Poteet,"<a href=""leaders.aspx?pos=all&stats=pit&lg=all&qual=0&type=strType&season=2024&month=0&season1=2024&ind=1&team=9&rost=0&age=0"">NYY</a>",24.1,2.219178111183194,4.029493488194371,4.328021640185355,0.08333333,42.3,0.266
547179,95.23031852876476,100.69150964207235,92.59562571343963,92.36409921363594,102.52632744088432,95.48663992843714,102.82209662282203,NA,95.42968795775066,Michael Lorenzen,- - -,130.1,3.3145781344666205,4.892822556657826,4.9489345998156455,0.06902985,39.4,0.303
547184,NA,NA,88.02825346883837,92.7935148539354,107.87913591706251,NA,112.16756950479838,NA,103.3729905112011,Michael Kelly,"<a href=""leaders.aspx?pos=all&stats=pit&lg=all&qual=0&type=strType&season=2024&month=0&season1=2024&ind=1&team=10&rost=0&age=0"">OAK</a>",31.1,2.5851069599755583,3.836692693839014,4.937129202718809,0.09375,20.4,0.294
547973,NA,NA,105.62598927612812,108.9536256008873,109.96952500127816,NA,NA,NA,109.15251831820373,Aroldis Chapman,"<a href=""leaders.aspx?pos=all&stats=pit&lg=all&qual=0&type=strType&season=2024&month=0&season1=2024&ind=1&team=27&rost=0&age=0"">PIT</a>",61.2,3.7945949858170573,3.0367500351849386,3.1350915873633136,0.22264151,41.3,0.289
548384,93.7044822224212,NA,NA,82.61269593102458,NA,99.51588914740967,120.71663665429831,NA,105.61370406343768,Brooks Raley,"<a href=""leaders.aspx?pos=all&stats=pit&lg=all&qual=0&type=strType&season=2024&month=0&season1=2024&ind=1&team=25&rost=0&age=0"">NYM</a>",7,0,1.8807653174108157,3.6087751599441784,0.24,30.8,0.168
548389,103.39566992507454,NA,90.08932547227393,92.9447918168599,105.59160631208304,95.47897497748528,NA,96.89010581383026,96.287156116717,Ross Stripling,"<a href=""leaders.aspx?pos=all&stats=pit&lg=all&qual=0&type=strType&season=2024&month=0&season1=2024&ind=1&team=10&rost=0&age=0"">OAK</a>",85.1,6.011719242698786,3.893042337836237,4.740271796396652,0.07086614,35.3,0.344
552640,82.25396553880076,NA,102.3020466640227,94.63310934520484,109.78214644810724,110.86595295755033,NA,NA,103.02025960210537,Andrew Kittredge,"<a href=""leaders.aspx?pos=all&stats=pit&lg=all&qual=0&type=strType&season=2024&month=0&season1=2024&ind=1&team=28&rost=0&age=0"">STL</a>",70.2,2.801887498287434,3.9589328081084636,3.6384506072106406,0.16376307,39.5,0.289
554340,100.37855619428137,104.28528534963806,103.92025923839772,100.86419272830388,105.86185473360162,NA,116.3873768998753,NA,104.9424872601441,Yimi García,- - -,39,3.461539138703789,3.730582452745228,3.630285302480226,0.24183007,34.4,0.252
554430,NA,107.57640781336903,105.91533128780823,103.00397936756887,NA,100.04894137195868,109.13511863379121,NA,104.79267836985535,Zack Wheeler,"<a href=""leaders.aspx?pos=all&stats=pit&lg=all&qual=0&type=strType&season=2024&month=0&season1=2024&ind=1&team=26&rost=0&age=0"">PHI</a>",200,2.565,3.126479778289795,3.300687974356115,0.21855146,33.7,0.256
554431,NA,NA,99.08827800353588,98.19693509124463,105.60926733976008,105.75682307382277,NA,NA,101.08186430508356,Tyler Matzek,"<a href=""leaders.aspx?pos=all&stats=pit&lg=all&qual=0&type=strType&season=2024&month=0&season1=2024&ind=1&team=16&rost=0&age=0"">ATL</a>",10,9.900001888275506,5.966480312347514,4.0320908714804355,0.14583333,51.4,0.432
570257,90.99304591565422,NA,86.85294728546452,92.71960248221986,99.70943694216702,NA,96.8079374262,NA,92.71688776676305,Joely Rodríguez,"<a href=""leaders.aspx?pos=all&stats=pit&lg=all&qual=0&type=strType&season=2024&month=0&season1=2024&ind=1&team=3&rost=0&age=0"">BOS</a>",13.2,5.926830784754372,4.922577788587387,3.064631629498595,0.15625,28.6,0.372
570632,93.2131351327289,NA,95.12611298851122,97.94260020178,101.8326186555457,NA,NA,NA,98.29256662257929,José Ureña,"<a href=""leaders.aspx?pos=all&stats=pit&lg=all&qual=0&type=strType&season=2024&month=0&season1=2024&ind=1&team=13&rost=0&age=0"">TEX</a>",109,3.7981655363904134,4.616021214883237,4.605314177893282,0.06695464,39.7,0.314
571479,94.97244638934544,NA,100.80950740720915,NA,99.39369635461982,NA,NA,NA,99.92163753415346,NA,NA,NA,NA,NA,NA,NA,NA,NA
571510,93.27945221832964,98.46461258103318,93.28383021233196,93.15883388437443,94.49225030832285,NA,NA,NA,93.91701454556961,Matthew Boyd,"<a href=""leaders.aspx?pos=all&stats=pit&lg=all&qual=0&type=strType&season=2024&month=0&season1=2024&ind=1&team=5&rost=0&age=0"">CLE</a>",39.2,2.7226892501888273,3.292530206539278,3.887498823955499,0.19879518,37.1,0.279
571527,91.01040548696828,93.30427838755885,84.35971294697453,85.0489475684191,NA,93.3964179685068,96.26433190344892,NA,90.4891860932637,David Buchanan,"<a href=""leaders.aspx?pos=all&stats=pit&lg=all&qual=0&type=strType&season=2024&month=0&season1=2024&ind=1&team=18&rost=0&age=0"">CIN</a>",3.1,2.70000025749209,4.366479892730725,7.541697848609026,-0.07142857,27.3,0.251
571539,NA,NA,85.63949944334293,90.41944561470308,NA,97.41985060760238,NA,NA,93.01750598206127,Matt Carasiti,"<a href=""leaders.aspx?pos=all&stats=pit&lg=all&qual=0&type=strType&season=2024&month=0&season1=2024&ind=1&team=19&rost=0&age=0"">COL</a>",8.2,10.384618431859657,5.935711360119036,3.9824858374292473,0.09302326,46.9,0.473
571578,99.1072917449182,77.94976010876688,86.57262517466363,91.51870088322431,96.40050877380774,98.01615515868916,NA,NA,94.02054230145595,Patrick Corbin,"<a href=""leaders.aspx?pos=all&stats=pit&lg=all&qual=0&type=strType&season=2024&month=0&season1=2024&ind=1&team=24&rost=0&age=0"">WSN</a>",174.2,5.616412540838375,4.414571454031656,4.138030626887474,0.11125654,46.7,0.357
571656,96.71488387629074,NA,90.9602790651195,98.22628566007796,106.28652941138364,NA,NA,NA,99.20178745143953,Buck Farmer,"<a href=""leaders.aspx?pos=all&stats=pit&lg=all&qual=0&type=strType&season=2024&month=0&season1=2024&ind=1&team=18&rost=0&age=0"">CIN</a>",71,3.042253848035984,3.997465783077402,4.440743026540897,0.13712375,35.8,0.293
571670,91.07526154738866,NA,92.33704276817036,93.27611066507373,96.1278792986134,NA,NA,NA,93.68249162446557,Dylan Floro,- - -,68.2,3.800971542455241,3.5014312935253145,4.096197249159715,0.11111111,39,0.285
571710,90.03757911613855,NA,97.27908474794404,89.90241858561794,101.28523228054055,NA,NA,NA,95.44005808208665,NA,NA,NA,NA,NA,NA,NA,NA,NA
571760,90.56703297023984,93.41534141817499,102.24462815800484,98.46660833356852,99.88336047200485,93.62795957861374,NA,NA,99.31208360157807,Andrew Heaney,"<a href=""leaders.aspx?pos=all&stats=pit&lg=all&qual=0&type=strType&season=2024&month=0&season1=2024&ind=1&team=13&rost=0&age=0"">TEX</a>",160,4.27500028029086,4.04147983565927,4.176140982732315,0.17027417,40.1,0.312
571863,NA,NA,90.2747086783445,NA,96.71167168423865,97.2850535929903,NA,NA,94.39451451525291,Matt Koch,"<a href=""leaders.aspx?pos=all&stats=pit&lg=all&qual=0&type=strType&season=2024&month=0&season1=2024&ind=1&team=19&rost=0&age=0"">COL</a>",0.1,81.0000844896721,51.166529846243634,21.238549066258223,-0.2,NA,NA
571882,95.48389433026249,105.02599557674637,93.26813377409304,92.02063479301268,101.55535413152629,94.8124933189296,NA,NA,96.64380855040034,Derek Law,"<a href=""leaders.aspx?pos=all&stats=pit&lg=all&qual=0&type=strType&season=2024&month=0&season1=2024&ind=1&team=24&rost=0&age=0"">WSN</a>",90,2.6000004408095365,3.3220353602185706,3.5373311039891107,0.14246575,35.2,0.282
571927,100.31950721158586,99.40411229742179,86.05798469176625,97.23898544079162,96.18618870757497,NA,NA,NA,98.10050791591057,Steven Matz,"<a href=""leaders.aspx?pos=all&stats=pit&lg=all&qual=0&type=strType&season=2024&month=0&season1=2024&ind=1&team=28&rost=0&age=0"">STL</a>",44.1,5.0751881154910246,4.880765541744541,4.499301137680204,0.09473684,30.7,0.352
571945,97.48079710292282,96.59379498314526,90.11386193827131,91.28580232626597,104.07048785178186,NA,103.6285728237966,NA,95.67142528375706,Miles Mikolas,"<a href=""leaders.aspx?pos=all&stats=pit&lg=all&qual=0&type=strType&season=2024&month=0&season1=2024&ind=1&team=28&rost=0&age=0"">STL</a>",171.2,5.3475731324174385,4.238324501998737,4.0838025414734505,0.13472222,42.3,0.339
571946,NA,NA,103.6145326941142,NA,100.45383602022835,104.77055115028321,NA,NA,101.75964253072013,Shelby Miller,"<a href=""leaders.aspx?pos=all&stats=pit&lg=all&qual=0&type=strType&season=2024&month=0&season1=2024&ind=1&team=6&rost=0&age=0"">DET</a>",55.2,4.526946935038663,4.477857263439884,4.358874253448959,0.16,41.1,0.28
571948,103.35846888318302,NA,95.59410050785281,96.93671453723677,NA,NA,107.0891588909834,NA,100.76668772171786,Hoby Milner,"<a href=""leaders.aspx?pos=all&stats=pit&lg=all&qual=0&type=strType&season=2024&month=0&season1=2024&ind=1&team=23&rost=0&age=0"">MIL</a>",64.2,4.731960065535731,3.135551934724202,3.1452081815608537,0.18656717,36.2,0.297
572020,99.40883507173791,NA,89.373049584338,90.40396659070684,NA,97.85526193962068,NA,93.84750648703964,91.68377039176077,James Paxton,- - -,100.1,4.395349101803653,4.791064593695681,5.210397853640641,0.05263158,43.1,0.324
572143,92.84101066559,100.94929367709447,105.07045111910602,86.1588880723619,NA,102.6651131283373,104.66014737832319,NA,103.66310463454126,Burch Smith,- - -,56.1,4.952663672128739,3.663521293772249,4.023531062331743,0.14107884,44.8,0.328
572888,NA,NA,82.97369960877336,NA,NA,102.55560641226253,107.13899594006996,NA,103.5974247365261,NA,NA,NA,NA,NA,NA,NA,NA,NA
572955,NA,109.58691265244101,95.77842461030365,NA,NA,95.51057849767928,NA,NA,105.48392828978173,Pierce Johnson,"<a href=""leaders.aspx?pos=all&stats=pit&lg=all&qual=0&type=strType&season=2024&month=0&season1=2024&ind=1&team=16&rost=0&age=0"">ATL</a>",56.1,3.6745567936168775,3.610266830658983,3.648191905226945,0.1779661,39.4,0.302
572971,91.20415792390973,NA,NA,89.08454207090855,97.12761547200084,95.91544628578009,NA,NA,90.73120046642582,Dallas Keuchel,"<a href=""leaders.aspx?pos=all&stats=pit&lg=all&qual=0&type=strType&season=2024&month=0&season1=2024&ind=1&team=23&rost=0&age=0"">MIL</a>",16.2,5.40000020599366,5.626479872131352,4.828728416045852,0.03797468,35,0.399
573009,90.48350233753784,96.21501897098624,90.2430123136641,95.45398240947513,NA,NA,NA,NA,94.09328775336539,Joe Mantiply,"<a href=""leaders.aspx?pos=all&stats=pit&lg=all&qual=0&type=strType&season=2024&month=0&season1=2024&ind=1&team=15&rost=0&age=0"">ARI</a>",59.2,3.921789255687804,2.512848235675161,3.714063302810929,0.14403292,41.9,0.265
573124,NA,NA,NA,95.14491963226612,NA,NA,106.21717859391933,NA,100.39024075515047,Taylor Rogers,"<a href=""leaders.aspx?pos=all&stats=pit&lg=all&qual=0&type=strType&season=2024&month=0&season1=2024&ind=1&team=30&rost=0&age=0"">SFG</a>",60,2.4000004577637593,3.7498132228851535,3.719954816641616,0.1686747,32.9,0.309
573186,NA,92.15913560856882,90.10795657652686,89.44342383527854,102.738015066721,97.22298848873909,NA,NA,95.6729507476112,Marcus Stroman,"<a href=""leaders.aspx?pos=all&stats=pit&lg=all&qual=0&type=strType&season=2024&month=0&season1=2024&ind=1&team=9&rost=0&age=0"">NYY</a>",154.2,4.306034765969294,4.621221253279422,4.500401866062591,0.07851852,40.2,0.341
573204,NA,103.13860175468618,97.17000556138835,NA,105.80827813186092,NA,106.81360663655438,NA,101.6364343858028,Caleb Thielbar,"<a href=""leaders.aspx?pos=all&stats=pit&lg=all&qual=0&type=strType&season=2024&month=0&season1=2024&ind=1&team=8&rost=0&age=0"">MIN</a>",47.1,5.323945521268489,4.096057567717627,4.2050814580924065,0.13425926,33.8,0.327
573262,NA,NA,NA,NA,-39.47404673380578,NA,NA,NA,18.190499444173994,Mike Yastrzemski,"<a href=""leaders.aspx?pos=all&stats=pit&lg=all&qual=0&type=strType&season=2024&month=0&season1=2024&ind=1&team=30&rost=0&age=0"">SFG</a>",1,18,12.166479778289794,13.67848818451166,-0.375,NA,NA
579328,95.00724879555716,100.94841515555478,106.79281164327669,NA,102.5641688991902,NA,NA,NA,103.46888610609471,Yusei Kikuchi,- - -,175.2,4.047438476657994,3.456802369442478,3.1990503021500785,0.2201087,45,0.297
592094,114.09473423277933,NA,106.5392500687567,87.13214476697291,106.07697834204274,105.8381900621345,107.35672209308265,NA,108.44788295773571,Jason Adam,- - -,73.2,1.9547512999272498,3.0307331602392917,3.5440803306491606,0.20567376,37.8,0.224
592155,NA,NA,98.17407932315616,NA,NA,100.61403189193763,95.48618065117857,NA,98.45834504207042,Cam Booser,"<a href=""leaders.aspx?pos=all&stats=pit&lg=all&qual=0&type=strType&season=2024&month=0&season1=2024&ind=1&team=3&rost=0&age=0"">BOS</a>",42.2,3.3750005029142653,3.7992923725862204,4.4021167836635575,0.14754098,36.3,0.304
592169,94.16575257631133,97.88063588835104,94.61525042766775,94.7114210543271,NA,NA,NA,NA,95.17389006624138,NA,NA,NA,NA,NA,NA,NA,NA,NA
592288,93.57046865474085,NA,NA,93.05464474214396,100.37698389978482,NA,96.43020208594653,NA,94.09608292631457,Kent Emanuel,"<a href=""leaders.aspx?pos=all&stats=pit&lg=all&qual=0&type=strType&season=2024&month=0&season1=2024&ind=1&team=20&rost=0&age=0"">MIA</a>",17.2,6.622642462768909,6.449499118807716,4.961054163362082,0.06097561,45,0.379
592332,NA,NA,101.57736055519183,94.57998997046296,97.37056119842187,NA,NA,NA,99.69707984665655,Kevin Gausman,"<a href=""leaders.aspx?pos=all&stats=pit&lg=all&qual=0&type=strType&season=2024&month=0&season1=2024&ind=1&team=14&rost=0&age=0"">TOR</a>",181,3.8287292817679557,3.7742145849196294,4.217318957294878,0.14021164,42.4,0.3
592351,91.80991007083719,95.78494720400604,89.10032897946073,NA,99.77458347254955,NA,NA,NA,94.20943090315342,Jon Gray,"<a href=""leaders.aspx?pos=all&stats=pit&lg=all&qual=0&type=strType&season=2024&month=0&season1=2024&ind=1&team=13&rost=0&age=0"">TEX</a>",102.2,4.470779373053059,3.702194082250401,4.238620411057316,0.13211845,42.2,0.309
592426,NA,113.10205646246767,99.5888134767568,NA,118.17762236727394,96.04979436047196,NA,NA,111.06475848578127,Luke Jackson,- - -,53,5.094340355976084,4.24195163121808,3.808751159046885,0.14042553,39.9,0.328
592454,106.74185040871845,NA,92.67100925941897,95.07153536932336,100.56498718477833,NA,NA,NA,103.75502351004847,Tommy Kahnle,"<a href=""leaders.aspx?pos=all&stats=pit&lg=all&qual=0&type=strType&season=2024&month=0&season1=2024&ind=1&team=9&rost=0&age=0"">NYY</a>",42.2,2.10937550291431,4.010229979455519,3.5499232803346,0.15083799,32.1,0.278
592473,NA,NA,NA,96.0943975009283,116.282359851307,NA,NA,NA,101.14138808852297,NA,NA,NA,NA,NA,NA,NA,NA,NA
592662,NA,NA,98.6639911640001,NA,95.91805235338306,NA,NA,98.28568386185896,97.76592541431992,Robbie Ray,"<a href=""leaders.aspx?pos=all&stats=pit&lg=all&qual=0&type=strType&season=2024&month=0&season1=2024&ind=1&team=30&rost=0&age=0"">SFG</a>",30.2,4.695652563315065,4.959958187889299,4.092837001139525,0.21705426,35.9,0.316
592712,NA,88.17771344611678,NA,89.96749919224804,96.979784013071,NA,NA,NA,93.81691293551556,NA,NA,NA,NA,NA,NA,NA,NA,NA
592716,88.25465566396132,NA,92.10562140402078,96.54770145631278,96.53474827896022,NA,NA,NA,94.7816190231506,NA,NA,NA,NA,NA,NA,NA,NA,NA
592741,NA,NA,86.3514195259722,NA,NA,NA,96.16443122870037,NA,91.41753726598678,Chasen Shreve,"<a href=""leaders.aspx?pos=all&stats=pit&lg=all&qual=0&type=strType&season=2024&month=0&season1=2024&ind=1&team=19&rost=0&age=0"">COL</a>",1,0,3.166479778289795,3.166479778289795,0,NA,NA
592767,NA,NA,82.20863756790897,89.43910195012633,NA,86.99744497907747,NA,106.88148125765767,97.50265487416543,Drew Smyly,"<a href=""leaders.aspx?pos=all&stats=pit&lg=all&qual=0&type=strType&season=2024&month=0&season1=2024&ind=1&team=17&rost=0&age=0"">CHC</a>",58.2,3.8352279377378875,4.905116443397637,4.570626845413412,0.12062257,38.2,0.325
592773,NA,NA,104.9733631307183,92.95826689010765,110.86916710796106,NA,NA,NA,109.04283958746456,Ryne Stanek,- - -,55.1,4.879519025409921,4.14238358337178,4.175647236294451,0.17427386,41.8,0.307
592779,101.01144444564305,NA,104.14431562997835,98.22674285344996,NA,102.52063046721737,113.77092611173458,NA,105.55779924031951,Brock Stewart,"<a href=""leaders.aspx?pos=all&stats=pit&lg=all&qual=0&type=strType&season=2024&month=0&season1=2024&ind=1&team=8&rost=0&age=0"">MIN</a>",15.2,5.1702132904999605,3.8047777153885556,3.496359664126141,0.17910448,59,0.331
592791,92.58242349362794,100.05246113753135,91.60502817138867,88.51098753097644,NA,103.74507225515848,107.32823226971553,NA,97.9530411380623,Jameson Taillon,"<a href=""leaders.aspx?pos=all&stats=pit&lg=all&qual=0&type=strType&season=2024&month=0&season1=2024&ind=1&team=17&rost=0&age=0"">CHC</a>",165.1,3.266129132736241,3.9225281886454066,4.155232218072615,0.1362963,38.8,0.289
592836,NA,94.35651424758062,89.92866803218058,91.22236532045243,NA,93.36410058395117,106.43921287102458,NA,95.38248081760506,Taijuan Walker,"<a href=""leaders.aspx?pos=all&stats=pit&lg=all&qual=0&type=strType&season=2024&month=0&season1=2024&ind=1&team=26&rost=0&age=0"">PHI</a>",83.2,7.09960164757536,6.94337223726928,5.292547125706909,0.05511811,46.3,0.413
592866,96.24815976208923,NA,93.882079466415,92.18744085672294,95.16577076930592,NA,101.70209585879918,NA,95.7531596380276,Trevor Williams,"<a href=""leaders.aspx?pos=all&stats=pit&lg=all&qual=0&type=strType&season=2024&month=0&season1=2024&ind=1&team=24&rost=0&age=0"">WSN</a>",66.2,2.0250000772476224,2.79147976398468,3.816768755722639,0.15769231,39.3,0.248
593334,95.82282685711296,99.2160720996383,97.54771713260224,95.09173645072008,NA,NA,NA,NA,97.59046852552481,Domingo Germán,"<a href=""leaders.aspx?pos=all&stats=pit&lg=all&qual=0&type=strType&season=2024&month=0&season1=2024&ind=1&team=27&rost=0&age=0"">PIT</a>",20.2,7.838709918566978,6.118092772318102,5.796814642433885,0.05,36.4,0.379
593423,NA,NA,94.47831550088254,92.32143096811556,106.85075901591635,100.39984725118754,NA,NA,98.00641839093058,Frankie Montas,- - -,150.2,4.838495779395981,4.7063028521167745,4.261249924982076,0.12519084,43.1,0.325
593576,NA,NA,94.3729711006953,93.07301966417576,97.71645577584816,NA,NA,NA,98.86311274588688,Héctor Neris,- - -,59.1,4.095505969058774,4.278839424206993,4.233410710484566,0.13846154,40.6,0.324
593833,93.87754316572175,94.70683740513277,NA,NA,NA,105.55710829112284,NA,NA,102.2595798857421,Wander Suero,"<a href=""leaders.aspx?pos=all&stats=pit&lg=all&qual=0&type=strType&season=2024&month=0&season1=2024&ind=1&team=21&rost=0&age=0"">HOU</a>",0,0,3.166479778289795,3.166479778289795,0,NA,NA
593958,98.64947338436694,NA,91.33029125580605,88.38430411728204,99.04458519322645,93.58196723546948,NA,NA,93.59415641982497,Eduardo Rodriguez,"<a href=""leaders.aspx?pos=all&stats=pit&lg=all&qual=0&type=strType&season=2024&month=0&season1=2024&ind=1&team=15&rost=0&age=0"">ARI</a>",50,5.040000384521513,4.566479885101327,4.240409611441504,0.125,42,0.35
593974,98.11528177357613,NA,88.88337939875818,95.72659776003563,102.29668612937857,NA,NA,NA,96.84581873173184,Wandy Peralta,"<a href=""leaders.aspx?pos=all&stats=pit&lg=all&qual=0&type=strType&season=2024&month=0&season1=2024&ind=1&team=29&rost=0&age=0"">SDP</a>",38.1,3.991305274603037,5.4621324852510185,4.847322845727306,0.05555556,43.4,0.307
594577,NA,NA,95.95516492200616,NA,99.83910062444436,96.83057028079706,NA,NA,97.48325158516313,NA,NA,NA,NA,NA,NA,NA,NA,NA
594580,78.83609989867169,NA,94.1621780799521,97.26419644344172,NA,NA,102.72703142211921,NA,95.72253866514285,Sam Moll,"<a href=""leaders.aspx?pos=all&stats=pit&lg=all&qual=0&type=strType&season=2024&month=0&season1=2024&ind=1&team=18&rost=0&age=0"">CIN</a>",37.2,3.3451336467732515,3.458515255389047,3.9083643422822494,0.15789474,36.7,0.261
594798,102.54940198255969,101.53445015555945,110.09863980504586,NA,114.33357613505162,NA,NA,NA,111.23645742265636,Jacob deGrom,"<a href=""leaders.aspx?pos=all&stats=pit&lg=all&qual=0&type=strType&season=2024&month=0&season1=2024&ind=1&team=13&rost=0&age=0"">TEX</a>",10.2,1.687500100582844,2.322729727998373,2.8049892137428785,0.29545455,53.6,0.304
594835,94.20607623644561,94.23596545832714,90.08741981252162,90.2623962422351,NA,88.19139088176632,NA,NA,91.04758245952124,Marco Gonzales,"<a href=""leaders.aspx?pos=all&stats=pit&lg=all&qual=0&type=strType&season=2024&month=0&season1=2024&ind=1&team=27&rost=0&age=0"">PIT</a>",33.2,4.544554798734668,4.7110343504087675,4.801342622972623,0.0794702,43.6,0.362
594902,91.80879837758691,92.07828663866549,90.45196767509506,88.95230609274358,98.0120537005895,93.26592823729206,94.80869658865204,NA,91.36053024851543,Ben Lively,"<a href=""leaders.aspx?pos=all&stats=pit&lg=all&qual=0&type=strType&season=2024&month=0&season1=2024&ind=1&team=5&rost=0&age=0"">CLE</a>",151,3.814569536423841,4.656546003455358,4.56892738607743,0.10917722,41.5,0.315
595014,NA,NA,91.89702110574574,96.46286376792145,NA,100.4298260769682,108.23407302431772,NA,101.25516859017205,Blake Treinen,"<a href=""leaders.aspx?pos=all&stats=pit&lg=all&qual=0&type=strType&season=2024&month=0&season1=2024&ind=1&team=22&rost=0&age=0"">LAD</a>",46.2,1.9285715336702365,2.9950511975191074,3.0602021642120674,0.24456522,33.9,0.257
595345,89.90826092747713,NA,90.20389026593126,91.12335351085774,105.16077661129756,NA,NA,NA,99.02193930629791,Steven Okert,"<a href=""leaders.aspx?pos=all&stats=pit&lg=all&qual=0&type=strType&season=2024&month=0&season1=2024&ind=1&team=8&rost=0&age=0"">MIN</a>",35.1,5.094341322774918,5.119310618686848,4.880227143224153,0.10625,29.6,0.347
595881,NA,95.1414655285368,88.38864448325616,95.2331597225479,NA,NA,NA,NA,93.35350586834616,Tyler Beede,"<a href=""leaders.aspx?pos=all&stats=pit&lg=all&qual=0&type=strType&season=2024&month=0&season1=2024&ind=1&team=5&rost=0&age=0"">CLE</a>",14,8.357143426428074,5.023622761940478,4.462487071906314,0.13235294,44.7,0.393
595897,NA,NA,99.85062919940734,106.17776719734246,117.83132541215724,NA,NA,NA,107.01824011198123,Nick Burdi,"<a href=""leaders.aspx?pos=all&stats=pit&lg=all&qual=0&type=strType&season=2024&month=0&season1=2024&ind=1&team=9&rost=0&age=0"">NYY</a>",9.2,1.8620698228039418,5.442342895050169,5.974491506392847,0.06666667,31.8,0.294
595928,93.44784593263364,NA,95.0989051561385,NA,100.0602792771491,NA,NA,NA,97.19062554931936,John Curtiss,"<a href=""leaders.aspx?pos=all&stats=pit&lg=all&qual=0&type=strType&season=2024&month=0&season1=2024&ind=1&team=19&rost=0&age=0"">COL</a>",2.1,15.428573530547759,13.452195465321633,6.197358950070541,0.08333333,54.5,0.698
596001,85.37052380838877,NA,90.01706787528677,90.10094418988209,104.3462016341867,96.6484685557609,NA,NA,96.12852110681635,Jakob Junis,- - -,67,2.686567278900457,3.6888678602982172,3.874310364919695,0.16996047,42.4,0.259
596133,100.89421432846342,NA,106.33850618816373,114.48203949868159,102.60081852425932,99.30396647921297,NA,97.77469988018362,103.33277855544293,Luke Weaver,"<a href=""leaders.aspx?pos=all&stats=pit&lg=all&qual=0&type=strType&season=2024&month=0&season1=2024&ind=1&team=9&rost=0&age=0"">NYY</a>",84,2.8928576683512492,3.3331464752318425,3.423536550772711,0.2326284,38.4,0.256
596271,89.87361335788161,NA,81.22616737879089,70.27831771027657,95.39308889222423,88.11343825590689,101.2070137487256,NA,87.6378070073105,NA,NA,NA,NA,NA,NA,NA,NA,NA
596295,99.76239063498065,NA,91.27060995691433,93.78647027062578,104.98039850625341,NA,NA,98.9067382274788,96.87455931761735,Austin Gomber,"<a href=""leaders.aspx?pos=all&stats=pit&lg=all&qual=0&type=strType&season=2024&month=0&season1=2024&ind=1&team=19&rost=0&age=0"">COL</a>",165,4.745454545454545,4.833146444956462,4.503848664236791,0.11206897,41.2,0.339
598264,NA,NA,91.58464070242758,NA,NA,NA,NA,100.44942598351618,96.97893161250387,Matt Barnes,"<a href=""leaders.aspx?pos=all&stats=pit&lg=all&qual=0&type=strType&season=2024&month=0&season1=2024&ind=1&team=24&rost=0&age=0"">WSN</a>",13.1,6.750000643730225,3.541479814052586,4.607691264133953,0.1,42.2,0.331
598286,96.36172531342488,NA,85.66142498929213,88.71309449025581,NA,NA,93.94443430755946,NA,92.01439355842517,Nick Ramirez,"<a href=""leaders.aspx?pos=all&stats=pit&lg=all&qual=0&type=strType&season=2024&month=0&season1=2024&ind=1&team=22&rost=0&age=0"">LAD</a>",13.1,6.07500014483929,3.9914797979593284,5.579088662343834,-0.03174603,51,0.353
600917,92.07650982588042,98.85492553908236,101.41544152515368,90.82568205244529,101.374111573796,104.22067918641386,NA,NA,100.18072326269483,José Leclerc,"<a href=""leaders.aspx?pos=all&stats=pit&lg=all&qual=0&type=strType&season=2024&month=0&season1=2024&ind=1&team=13&rost=0&age=0"">TEX</a>",66.2,4.320000659179788,3.481479826354988,3.658728427747282,0.19791667,30.7,0.3
600986,89.64363379871783,NA,106.25320676665488,99.76079450457605,107.28081920863328,NA,NA,NA,103.8234440269161,Thyago Vieira,- - -,38,5.210527100391453,6.061217056285047,5.035331677268653,0.07344633,45.5,0.361
601713,NA,105.44219298636092,104.126792740286,100.11458303593442,109.41011349033914,107.89699815421106,113.81574334087476,NA,107.24041287688708,Nick Pivetta,"<a href=""leaders.aspx?pos=all&stats=pit&lg=all&qual=0&type=strType&season=2024&month=0&season1=2024&ind=1&team=3&rost=0&age=0"">BOS</a>",145.2,4.139588389771652,4.06579334223687,3.4976026633627244,0.22857143,38.9,0.306
605121,NA,NA,102.08511614448409,95.78483790385245,106.24773070769768,95.77505731318902,NA,NA,102.59261867093392,Justin Anderson,"<a href=""leaders.aspx?pos=all&stats=pit&lg=all&qual=0&type=strType&season=2024&month=0&season1=2024&ind=1&team=4&rost=0&age=0"">CHW</a>",53.1,4.387501046061765,4.216480028629363,4.755439929360336,0.10330579,35.3,0.314
605130,NA,105.39147731672296,95.8973150506337,88.95018183159988,99.20607855842015,NA,107.29633028125998,NA,101.95128269240512,Scott Barlow,"<a href=""leaders.aspx?pos=all&stats=pit&lg=all&qual=0&type=strType&season=2024&month=0&season1=2024&ind=1&team=5&rost=0&age=0"">CLE</a>",55,4.2545466348950844,4.021025469914021,3.7849592492859414,0.15352697,32.6,0.306
605135,94.7863549952112,105.16195293552232,88.14056837609394,94.86386450928903,98.60425125500026,94.20121787947383,94.40404563552863,NA,96.00153338224216,Chris Bassitt,"<a href=""leaders.aspx?pos=all&stats=pit&lg=all&qual=0&type=strType&season=2024&month=0&season1=2024&ind=1&team=14&rost=0&age=0"">TOR</a>",171,4.157894736842105,4.078760480044181,4.275400760168569,0.1292876,37.1,0.331
605154,NA,NA,99.19604749324107,NA,103.39926676668415,NA,NA,NA,101.33189924216988,John Brebbia,- - -,55.1,5.855422830491906,4.5219017297925514,3.8230205094717924,0.19834711,37.3,0.337
605155,NA,104.27835527375225,92.33736176222632,91.17619018489364,101.88036564953752,97.11096852491654,98.74270442472313,NA,98.14487720544088,Colten Brewer,"<a href=""leaders.aspx?pos=all&stats=pit&lg=all&qual=0&type=strType&season=2024&month=0&season1=2024&ind=1&team=17&rost=0&age=0"">CHC</a>",20.2,5.661291019229399,3.118092675561339,4.244941285966936,0.13684211,30.2,0.339
605156,100.34341082700314,NA,84.57007942208787,99.37000202441807,102.55436372101565,NA,NA,98.05903508933048,96.34008468791211,Aaron Brooks,"<a href=""leaders.aspx?pos=all&stats=pit&lg=all&qual=0&type=strType&season=2024&month=0&season1=2024&ind=1&team=10&rost=0&age=0"">OAK</a>",26.2,5.062500120699409,5.228979827463628,5.1500902282823136,0.03361345,48,0.358
605177,NA,NA,92.14813206373778,94.85303341055085,103.7775353427096,NA,NA,NA,98.05002345164264,Andrew Chafin,- - -,56.1,3.514793692773603,3.5392609275233595,3.942157247356967,0.15853659,34,0.301
605182,96.12738606640303,95.09355731983368,100.96184462395937,95.32894022203749,NA,100.99490765326374,99.35893097841723,NA,98.99273289260174,Mike Clevinger,"<a href=""leaders.aspx?pos=all&stats=pit&lg=all&qual=0&type=strType&season=2024&month=0&season1=2024&ind=1&team=4&rost=0&age=0"">CHW</a>",16,6.7500008046628,6.228980143368288,5.341493172293263,0.07692308,37,0.418
605218,99.14633705605135,100.77659739606078,100.57112656806368,NA,NA,NA,NA,NA,100.49028886526158,Carl Edwards Jr.,"<a href=""leaders.aspx?pos=all&stats=pit&lg=all&qual=0&type=strType&season=2024&month=0&season1=2024&ind=1&team=29&rost=0&age=0"">SDP</a>",0,0,9.166479778289794,9.166479778289794,-0.66666667,NA,NA
605280,NA,NA,94.88156335735154,100.54074214388145,117.39166671097061,NA,128.10957063589564,NA,109.89936567989238,Clay Holmes,"<a href=""leaders.aspx?pos=all&stats=pit&lg=all&qual=0&type=strType&season=2024&month=0&season1=2024&ind=1&team=9&rost=0&age=0"">NYY</a>",63,3.1428577137643203,3.023622609482326,3.014230319070536,0.1697417,36.5,0.292
605288,94.4129464935139,94.88176249110722,92.26242417495793,95.62014242273126,98.13556690882132,NA,NA,NA,95.25582564021715,Adrian Houser,"<a href=""leaders.aspx?pos=all&stats=pit&lg=all&qual=0&type=strType&season=2024&month=0&season1=2024&ind=1&team=25&rost=0&age=0"">NYM</a>",69.1,5.841346582364785,4.926095291989805,5.105296948584282,0.0420712,40.4,0.35
605335,86.90184512102155,NA,87.19652039222102,84.42667892977296,97.95396990683535,NA,95.53732488664507,NA,90.2575353263176,Brandon Leibrandt,"<a href=""leaders.aspx?pos=all&stats=pit&lg=all&qual=0&type=strType&season=2024&month=0&season1=2024&ind=1&team=18&rost=0&age=0"">CIN</a>",6.1,9.94736892034475,8.692795845147991,4.444806250312528,0.09375,36,0.456
605347,98.7368580764854,NA,89.40073070647715,97.07730340446687,107.17430392889918,NA,NA,100.44008782919836,97.95593730471018,Jorge López,- - -,53,2.8867928683864474,3.940064795308386,3.951846629523958,0.14285714,39.7,0.298
605397,96.82688807173251,111.9240458901308,94.49998378110544,89.37089174582238,105.92305765983477,102.58912364621858,112.58001339099785,NA,103.6506034788756,Joe Musgrove,"<a href=""leaders.aspx?pos=all&stats=pit&lg=all&qual=0&type=strType&season=2024&month=0&season1=2024&ind=1&team=29&rost=0&age=0"">SDP</a>",99.2,3.8829432428913244,3.959121938983373,3.741124184854151,0.1902439,40.6,0.317
605400,95.56857573859367,NA,101.92961456268452,96.289514036461,NA,94.73315854280177,NA,106.6785788598325,101.0028184487058,Aaron Nola,"<a href=""leaders.aspx?pos=all&stats=pit&lg=all&qual=0&type=strType&season=2024&month=0&season1=2024&ind=1&team=26&rost=0&age=0"">PHI</a>",199.1,3.5668897231211,3.944071771375267,3.4439326983857663,0.17926829,38.2,0.31
605447,NA,NA,105.06846068180509,NA,108.09810776173312,NA,NA,NA,106.59813543294523,Jordan Romano,"<a href=""leaders.aspx?pos=all&stats=pit&lg=all&qual=0&type=strType&season=2024&month=0&season1=2024&ind=1&team=14&rost=0&age=0"">TOR</a>",13.2,6.5853666195481715,6.166480127195074,4.353027573262517,0.14516129,50,0.378
605452,92.80275641760855,99.54897764998644,90.51537452277881,91.13309041726633,98.99525972458889,NA,NA,NA,94.18487003620629,Joe Ross,"<a href=""leaders.aspx?pos=all&stats=pit&lg=all&qual=0&type=strType&season=2024&month=0&season1=2024&ind=1&team=23&rost=0&age=0"">MIL</a>",74,3.7702703674489193,3.8286419575191752,4.49913902586384,0.1152648,38.8,0.299
605463,95.0406306718853,NA,98.0135440830058,97.26984999277636,106.00493018479678,NA,NA,NA,98.81993353602702,Tayler Scott,"<a href=""leaders.aspx?pos=all&stats=pit&lg=all&qual=0&type=strType&season=2024&month=0&season1=2024&ind=1&team=21&rost=0&age=0"">HOU</a>",68.2,2.22815566989279,4.127644969223939,4.16761373027742,0.12765957,35.7,0.275
605483,109.15216617151331,110.8681405302064,106.95841930024723,109.69740653731046,110.25575996756261,NA,NA,NA,108.61951675353454,Blake Snell,"<a href=""leaders.aspx?pos=all&stats=pit&lg=all&qual=0&type=strType&season=2024&month=0&season1=2024&ind=1&team=30&rost=0&age=0"">SFG</a>",104,3.1153846153846154,2.4260951629051797,3.013641060716831,0.2416268,28.9,0.241
605488,97.32488582976072,NA,93.08319793262203,NA,97.24313786971373,90.29945911572251,97.49936323624087,NA,95.30047603494417,Jeffrey Springs,"<a href=""leaders.aspx?pos=all&stats=pit&lg=all&qual=0&type=strType&season=2024&month=0&season1=2024&ind=1&team=12&rost=0&age=0"">TBR</a>",33,3.272727272727273,3.9846615964716134,3.8018836523095767,0.18309859,46.2,0.324
605498,97.44128081108401,95.64267560757331,86.34505954508741,82.34609529438644,104.21650241318169,NA,NA,NA,96.27822065278005,NA,NA,NA,NA,NA,NA,NA,NA,NA
605513,105.29585958217814,100.01462187173595,97.79188152593048,94.02463839825043,102.52359155635247,NA,112.40083796443872,NA,102.96126065775334,Spencer Turnbull,"<a href=""leaders.aspx?pos=all&stats=pit&lg=all&qual=0&type=strType&season=2024&month=0&season1=2024&ind=1&team=26&rost=0&age=0"">PHI</a>",54.1,2.6503068104915224,3.8474613893188674,3.8032973449311833,0.17117117,42.4,0.272
606149,88.03512187834998,NA,92.40780648889648,83.79999175523528,106.14397425251623,NA,NA,NA,98.55030293964539,Giovanny Gallegos,"<a href=""leaders.aspx?pos=all&stats=pit&lg=all&qual=0&type=strType&season=2024&month=0&season1=2024&ind=1&team=28&rost=0&age=0"">STL</a>",20.2,6.532260074080213,6.360029147840121,4.049068830021443,0.11702128,41.3,0.409
606160,96.96252262123684,NA,103.22470646267251,94.4119479107417,105.46556982726325,NA,NA,NA,100.03712394537212,Rafael Montero,"<a href=""leaders.aspx?pos=all&stats=pit&lg=all&qual=0&type=strType&season=2024&month=0&season1=2024&ind=1&team=21&rost=0&age=0"">HOU</a>",38.1,4.695652796956309,6.4012628161930305,5.384298197801484,0.02439024,42,0.352
606303,102.15276517887585,NA,101.05387976665189,96.10926312679432,104.51946620998625,NA,NA,NA,101.58485307198933,Joel Payamps,"<a href=""leaders.aspx?pos=all&stats=pit&lg=all&qual=0&type=strType&season=2024&month=0&season1=2024&ind=1&team=23&rost=0&age=0"">MIL</a>",59,3.0508478521376596,3.7258018845150325,3.7979464631997284,0.17446809,43.6,0.254
606930,NA,NA,100.94153845645165,NA,97.0644266918552,102.9597143400241,NA,NA,101.81222682244494,Jacob Barnes,"<a href=""leaders.aspx?pos=all&stats=pit&lg=all&qual=0&type=strType&season=2024&month=0&season1=2024&ind=1&team=24&rost=0&age=0"">WSN</a>",66,4.363637372482155,4.378601270645949,4.172914060654222,0.12635379,41.6,0.323
606965,117.73813420171643,NA,97.88208637286142,87.46123971145774,99.39965794551435,107.47876283841397,106.47278266509973,NA,108.73814498224314,Chris Devenski,"<a href=""leaders.aspx?pos=all&stats=pit&lg=all&qual=0&type=strType&season=2024&month=0&season1=2024&ind=1&team=12&rost=0&age=0"">TBR</a>",26.2,6.750000643730225,7.328980175256767,5.719795468225636,0.08196721,44,0.392
607067,NA,94.19741460930746,90.16189491775559,90.306481856837,NA,95.9572375910465,97.15682829467066,NA,92.73387907707672,Colin Rea,"<a href=""leaders.aspx?pos=all&stats=pit&lg=all&qual=0&type=strType&season=2024&month=0&season1=2024&ind=1&team=23&rost=0&age=0"">MIL</a>",167.2,4.294234755280374,4.752960951768378,4.416255862175867,0.12885154,42,0.327
607074,108.3561010387778,105.14819480299593,102.43997899082521,93.22914361406615,111.59439731322398,96.9634180415213,NA,NA,105.45991515347626,Carlos Rodón,"<a href=""leaders.aspx?pos=all&stats=pit&lg=all&qual=0&type=strType&season=2024&month=0&season1=2024&ind=1&team=9&rost=0&age=0"">NYY</a>",175,3.96,4.389336921146938,4.0909709225382125,0.1875,40.9,0.32
607179,NA,100.06343070450724,97.4828442177919,NA,105.68647163289042,NA,NA,NA,100.63634631058142,Jordan Weems,"<a href=""leaders.aspx?pos=all&stats=pit&lg=all&qual=0&type=strType&season=2024&month=0&season1=2024&ind=1&team=24&rost=0&age=0"">WSN</a>",41.2,6.696001021728671,5.542480140838679,5.426907622915225,0.05612245,43,0.376
607192,NA,118.31013569105718,111.68781762821769,103.7382326550665,114.71591429338102,NA,NA,NA,113.0263515564363,Tyler Glasnow,"<a href=""leaders.aspx?pos=all&stats=pit&lg=all&qual=0&type=strType&season=2024&month=0&season1=2024&ind=1&team=22&rost=0&age=0"">LAD</a>",134,3.4925373134328357,2.8978230618718848,2.6838001117555064,0.25478927,39.9,0.258
607200,88.9866107219026,NA,83.439861074999925,84.89522667394215,NA,95.82418019991516,101.62879439980746,NA,92.44940263244752,Erick Fedde,- - -,177.1,3.298872275069166,3.8600888207402355,4.116248779535615,0.14049587,37.7,0.293
607216,98.22598102043463,NA,85.41705086934593,85.1341781410558,NA,104.88824543767814,NA,NA,96.42938042100884,NA,NA,NA,NA,NA,NA,NA,NA,NA
607237,NA,NA,95.99462350630328,96.03101167347093,100.07611908783022,NA,NA,NA,98.59593331969954,Amir Garrett,"<a href=""leaders.aspx?pos=all&stats=pit&lg=all&qual=0&type=strType&season=2024&month=0&season1=2024&ind=1&team=1&rost=0&age=0"">LAA</a>",5.1,5.0625012069943445,4.2914800465107605,3.5549893279172897,0.25,37.5,0.355
607259,103.0894881473475,100.39520532497144,93.39322144833429,86.19702375088833,100.30296045864412,93.65446874751908,NA,NA,95.43648066958734,Nick Martinez,"<a href=""leaders.aspx?pos=all&stats=pit&lg=all&qual=0&type=strType&season=2024&month=0&season1=2024&ind=1&team=18&rost=0&age=0"">CIN</a>",142.1,3.098360766457221,3.2086343465409137,3.890930479787186,0.17192982,30.5,0.279
607455,93.25256993708757,NA,96.59382588986495,93.57375532801538,104.55406898069545,NA,NA,NA,97.9056019986573,Anthony Banda,"<a href=""leaders.aspx?pos=all&stats=pit&lg=all&qual=0&type=strType&season=2024&month=0&season1=2024&ind=1&team=22&rost=0&age=0"">LAD</a>",49.2,3.080537543694934,3.669835586083085,3.8832669112286364,0.15311005,38.8,0.281
607481,94.04253658735986,101.45786163342328,88.99003533887036,95.6964015728206,NA,99.88247109730041,106.01847456536318,NA,99.64528198186218,Aaron Bummer,"<a href=""leaders.aspx?pos=all&stats=pit&lg=all&qual=0&type=strType&season=2024&month=0&season1=2024&ind=1&team=16&rost=0&age=0"">ATL</a>",55.1,3.5783140753123446,2.226720526187563,2.521953763445943,0.20901639,32.9,0.305
607536,87.12879040252952,NA,92.34443631570598,92.48730007124675,NA,92.48335401822939,NA,99.9045785092736,93.06707223531072,Kyle Freeland,"<a href=""leaders.aspx?pos=all&stats=pit&lg=all&qual=0&type=strType&season=2024&month=0&season1=2024&ind=1&team=19&rost=0&age=0"">COL</a>",113.1,5.241176705805911,4.904715150417345,4.382373311680686,0.12040816,40.7,0.357
607625,95.7393136309527,106.26067350386693,93.80369541174375,92.48006908602862,102.10739122121164,93.59796407491733,107.5931829823695,NA,98.34181295085925,Seth Lugo,"<a href=""leaders.aspx?pos=all&stats=pit&lg=all&qual=0&type=strType&season=2024&month=0&season1=2024&ind=1&team=7&rost=0&age=0"">KCR</a>",206.2,3.004838857581298,3.2487378468548225,3.8298950890902206,0.15909091,39,0.278
607644,99.29741321241343,NA,98.54280212960875,NA,101.81028182919131,NA,NA,98.44535190834203,99.4802162565192,John Means,"<a href=""leaders.aspx?pos=all&stats=pit&lg=all&qual=0&type=strType&season=2024&month=0&season1=2024&ind=1&team=2&rost=0&age=0"">BAL</a>",20.2,2.6129033061889926,3.3116410730780723,4.541074295329494,0.175,52.5,0.259
608032,95.50330396235832,96.57672319511408,99.57724902659456,NA,107.8033223946663,NA,NA,NA,101.43416507948743,Carlos Estévez,- - -,55,2.4545455396668014,3.2392070535391824,4.091727484202306,0.17924528,42.3,0.235
608331,96.33231167785138,111.66029888363508,95.51218459616918,89.18250856439087,104.13839837131,100.6680086985465,110.69998042795939,NA,99.54442969407705,Max Fried,"<a href=""leaders.aspx?pos=all&stats=pit&lg=all&qual=0&type=strType&season=2024&month=0&season1=2024&ind=1&team=16&rost=0&age=0"">ATL</a>",174.1,3.2523901522515013,3.3328277754948985,3.326133318840467,0.15266107,34.6,0.273
608334,92.47525808794725,99.49823193828678,98.58460568992679,94.30966049656244,103.0653938846746,NA,103.55138519558074,NA,96.8869725172573,Carson Fulmer,"<a href=""leaders.aspx?pos=all&stats=pit&lg=all&qual=0&type=strType&season=2024&month=0&season1=2024&ind=1&team=1&rost=0&age=0"">LAA</a>",86.2,4.153846458570514,4.504941414940294,4.564674001742361,0.10817942,44.4,0.326
608344,95.48322618822469,97.96669672871413,90.11571240068469,95.92265129606751,96.0099201007355,99.32054811872118,NA,NA,95.20820048779419,Cole Irvin,- - -,111,5.108108590866592,4.815128582749383,4.777518468796031,0.0995935,40.9,0.357
608371,NA,108.4997346559786,102.38670256488065,NA,112.15947036794094,103.84543816954105,123.03804223534247,NA,112.18911981369227,Lucas Sims,- - -,49.1,4.378379422265379,5.234047838804002,5.332654725448332,0.08837209,31.3,0.331
608379,110.22099742725901,98.12151603721745,93.57516223958262,89.67422732301226,102.09195477048522,94.36871734840933,NA,NA,99.32087846736587,Michael Wacha,"<a href=""leaders.aspx?pos=all&stats=pit&lg=all&qual=0&type=strType&season=2024&month=0&season1=2024&ind=1&team=7&rost=0&age=0"">KCR</a>",166.2,3.3480002043457158,3.652479807952883,4.1408899252293105,0.1459854,32.5,0.3
608566,99.96265229593061,NA,91.00580383835894,86.46430517158149,102.1132474327965,NA,NA,107.68281262218488,96.46580376832227,Germán Márquez,"<a href=""leaders.aspx?pos=all&stats=pit&lg=all&qual=0&type=strType&season=2024&month=0&season1=2024&ind=1&team=19&rost=0&age=0"">COL</a>",4,6.75,7.916479778289795,6.556490286067128,-0.05,53.8,0.417
608638,95.2484866753465,NA,95.347939352481,99.26479833935964,105.13690005112028,NA,NA,NA,101.55546703328088,JT Chargois,- - -,36.1,2.2293582272825416,4.900425066176217,4.584692066148183,0.11643836,41.6,0.269
608648,94.63828263041603,NA,93.5262495741978,92.8203389865694,98.09912069501186,NA,NA,102.10216953816972,96.80777128527531,Tyler Duffey,"<a href=""leaders.aspx?pos=all&stats=pit&lg=all&qual=0&type=strType&season=2024&month=0&season1=2024&ind=1&team=7&rost=0&age=0"">KCR</a>",9,5.0000015894577,3.9442578033165483,5.79226866505455,0.04761905,52.2,0.322
608678,101.65615040689913,NA,99.94250350936684,97.645957979612,101.8237793649499,101.81224205074379,108.11608010431456,NA,101.1707798047311,Dominic Leone,"<a href=""leaders.aspx?pos=all&stats=pit&lg=all&qual=0&type=strType&season=2024&month=0&season1=2024&ind=1&team=4&rost=0&age=0"">CHW</a>",19,6.631580944537397,6.324375466164746,4.7812237431827995,0.03370787,34.5,0.381
608717,99.56082888942352,106.22625674606736,94.8510078059927,93.07879496042236,101.87543377109806,NA,108.60750136995074,NA,99.073398528134,Chris Stratton,"<a href=""leaders.aspx?pos=all&stats=pit&lg=all&qual=0&type=strType&season=2024&month=0&season1=2024&ind=1&team=7&rost=0&age=0"">KCR</a>",58.1,5.554286561802584,4.623622857775041,5.168226449415517,0.04280156,37.9,0.326
608718,108.61752060405409,NA,98.5491333677749,89.04321018973641,97.15789132395756,NA,NA,NA,98.22864135192373,Brent Suter,"<a href=""leaders.aspx?pos=all&stats=pit&lg=all&qual=0&type=strType&season=2024&month=0&season1=2024&ind=1&team=18&rost=0&age=0"">CIN</a>",65.2,3.152284569162724,4.308611868566144,4.1939826326551515,0.14074074,30.2,0.305
608723,NA,99.39341436364376,101.82085656985414,NA,NA,101.09708060337181,103.39070515990335,NA,101.52074222073216,Austin Voth,"<a href=""leaders.aspx?pos=all&stats=pit&lg=all&qual=0&type=strType&season=2024&month=0&season1=2024&ind=1&team=11&rost=0&age=0"">SEA</a>",61,3.6885250514952928,4.117299569341915,3.9343583732730645,0.1733871,29.5,0.281
612434,98.94433706181145,NA,96.68457658419754,97.59888469056956,110.21305176289125,NA,NA,NA,102.30334307988838,Miguel Castro,"<a href=""leaders.aspx?pos=all&stats=pit&lg=all&qual=0&type=strType&season=2024&month=0&season1=2024&ind=1&team=15&rost=0&age=0"">ARI</a>",13.2,5.926830371173835,5.727455864599477,4.643953309286822,0.078125,25,0.421
613534,NA,NA,97.17378312055659,91.21557743923144,111.55439479437646,NA,NA,NA,107.60761985469874,Austin Adams,"<a href=""leaders.aspx?pos=all&stats=pit&lg=all&qual=0&type=strType&season=2024&month=0&season1=2024&ind=1&team=10&rost=0&age=0"">OAK</a>",41.1,3.919356044448128,4.472931793105837,4.64152042180829,0.15706806,31.4,0.354
614179,103.61029801107428,108.46876639899644,97.57723040449152,92.60746930902006,90.44454470041096,NA,NA,NA,100.55685845426697,José Ruiz,"<a href=""leaders.aspx?pos=all&stats=pit&lg=all&qual=0&type=strType&season=2024&month=0&season1=2024&ind=1&team=26&rost=0&age=0"">PHI</a>",51,3.705882630133732,4.225303386899433,3.6684488415437824,0.16129032,42.2,0.32
615698,94.69907998952061,99.51053502304732,87.8479439919446,96.24919963035654,103.36496759428395,102.0780938287589,NA,NA,95.34944795626369,Cal Quantrill,"<a href=""leaders.aspx?pos=all&stats=pit&lg=all&qual=0&type=strType&season=2024&month=0&season1=2024&ind=1&team=19&rost=0&age=0"">COL</a>",148.1,4.975281069475875,5.31704164978411,4.8710818225249986,0.0625,41.2,0.358
620982,NA,NA,86.61380082012833,93.93005821993037,98.17181162148154,NA,95.75661860742281,NA,93.44840384926148,Ricardo Pinto,"<a href=""leaders.aspx?pos=all&stats=pit&lg=all&qual=0&type=strType&season=2024&month=0&season1=2024&ind=1&team=26&rost=0&age=0"">PHI</a>",10.2,10.968750653788486,6.072729951515804,5.336239364617144,0.05084746,40.9,0.444
621016,84.70283076806783,NA,98.99902323446963,98.67231744239321,NA,NA,97.59228236083717,NA,98.07203584787057,Jose Cuas,- - -,16.1,7.714286765273879,7.023623160926735,5.969104242347868,0.08433735,43.1,0.394
621051,100.58081107736564,NA,103.78957576848423,NA,NA,101.10791534868879,108.87521383393937,NA,106.11492126044243,Steven Wilson,"<a href=""leaders.aspx?pos=all&stats=pit&lg=all&qual=0&type=strType&season=2024&month=0&season1=2024&ind=1&team=4&rost=0&age=0"">CHW</a>",34.2,5.711540137522811,6.714557742508511,6.113417056751301,0.04907976,31,0.347
621053,101.88592262348111,NA,100.16025186934588,101.15450262210193,NA,101.5461966073516,106.4458215322045,NA,102.08900619412364,Tyler Ferguson,"<a href=""leaders.aspx?pos=all&stats=pit&lg=all&qual=0&type=strType&season=2024&month=0&season1=2024&ind=1&team=10&rost=0&age=0"">OAK</a>",51.1,3.681818546623978,3.283362906754048,3.7725661120566074,0.18357488,38.7,0.262
621057,94.1326564645794,NA,100.6259340980969,NA,NA,NA,95.79897650037957,NA,98.29547293957806,NA,NA,NA,NA,NA,NA,NA,NA,NA
621097,106.25805651933484,106.27113153907767,98.52604025002081,NA,NA,108.00462646850738,NA,NA,103.72709364484913,Jacob Waguespack,"<a href=""leaders.aspx?pos=all&stats=pit&lg=all&qual=0&type=strType&season=2024&month=0&season1=2024&ind=1&team=12&rost=0&age=0"">TBR</a>",10,5.4,5.266479778289796,5.176086503267289,0.01960784,36.7,0.397
621107,98.97345648653535,93.17005769285501,86.42422416489889,91.57727826224007,100.59612294627088,95.25743932802696,100.03114305638232,NA,93.7475093530547,Zach Eflin,- - -,165.1,3.592741963115369,3.7652701054756896,3.809602550214079,0.16081871,36.1,0.297
621111,94.4674924291789,NA,100.7001945716869,93.66427231722918,106.79357189318993,101.54683679622082,110.42227147422727,101.91204719289318,100.72477586641423,Walker Buehler,"<a href=""leaders.aspx?pos=all&stats=pit&lg=all&qual=0&type=strType&season=2024&month=0&season1=2024&ind=1&team=22&rost=0&age=0"">LAD</a>",75.1,5.376106557667593,5.542586133407077,4.487551299283281,0.10465116,37.8,0.37
621112,87.00457066318995,98.91463673091397,94.65941399065349,84.91295336022966,100.03042462723317,102.15921393867178,NA,NA,95.0551637725026,Paul Blackburn,- - -,75.1,4.659292114043313,4.626656794086845,4.1414620614484,0.12025316,35.6,0.329
621114,NA,NA,96.91509016405601,87.00373665396931,106.26128147380022,NA,NA,NA,102.40172513087767,Ryan Burr,"<a href=""leaders.aspx?pos=all&stats=pit&lg=all&qual=0&type=strType&season=2024&month=0&season1=2024&ind=1&team=14&rost=0&age=0"">TOR</a>",32.2,4.1326539862014,3.074643023040875,3.1491012832976812,0.25,47.5,0.307
621199,NA,NA,83.58829858820353,93.92879122076666,NA,89.99833554870398,102.81915530035137,NA,95.31215164634759,Matt Bowman,- - -,30.2,4.402174697361589,5.188219268929933,4.794315749329,0.08333333,40.9,0.314
621237,NA,114.06606166401637,92.01550217989598,98.75627102289693,NA,105.50404053380811,NA,NA,101.4182440155723,José Alvarado,"<a href=""leaders.aspx?pos=all&stats=pit&lg=all&qual=0&type=strType&season=2024&month=0&season1=2024&ind=1&team=26&rost=0&age=0"">PHI</a>",61.2,4.086486907802985,3.7989122759259715,3.809038284378671,0.13565892,41,0.288
621242,NA,NA,106.04663376763148,NA,113.33572745000575,NA,NA,NA,109.42483537250614,Edwin Díaz,"<a href=""leaders.aspx?pos=all&stats=pit&lg=all&qual=0&type=strType&season=2024&month=0&season1=2024&ind=1&team=25&rost=0&age=0"">NYM</a>",53.2,3.521739547651249,3.017411437648472,2.5895923487040653,0.2962963,30.3,0.269
621244,93.07304694286933,NA,91.79230719580667,94.38669120225516,NA,93.0562918191449,NA,NA,95.63900169350802,José Berríos,"<a href=""leaders.aspx?pos=all&stats=pit&lg=all&qual=0&type=strType&season=2024&month=0&season1=2024&ind=1&team=14&rost=0&age=0"">TOR</a>",192.1,3.6031196793401095,4.715873233475008,4.247861471122299,0.1259542,41.8,0.308
621294,100.24868622761208,NA,99.73615116571018,98.23207638133681,99.6652237509506,100.94400808940678,94.92216963319933,NA,99.46716197636637,Ben Heller,"<a href=""leaders.aspx?pos=all&stats=pit&lg=all&qual=0&type=strType&season=2024&month=0&season1=2024&ind=1&team=27&rost=0&age=0"">PIT</a>",12,11.250000894069743,4.749813237455166,5.304489054943861,0.13636364,46.2,0.423
621345,97.39305559386041,NA,103.56886381814553,NA,NA,104.64777021670744,NA,NA,102.87466086720025,A.J. Minter,"<a href=""leaders.aspx?pos=all&stats=pit&lg=all&qual=0&type=strType&season=2024&month=0&season1=2024&ind=1&team=16&rost=0&age=0"">ATL</a>",34.1,2.6213596116385762,4.448033366201988,3.7615954768597613,0.17910448,33.3,0.277
621363,NA,NA,102.26590473875588,NA,103.61541515499826,NA,NA,NA,102.67297826467907,Colin Poche,"<a href=""leaders.aspx?pos=all&stats=pit&lg=all&qual=0&type=strType&season=2024&month=0&season1=2024&ind=1&team=12&rost=0&age=0"">TBR</a>",37.1,3.8571433826369397,4.880765726128435,4.58977762031728,0.13071895,42.1,0.287
621366,94.2134601239061,NA,NA,103.12239843643,99.7167100168517,NA,104.25164953838643,NA,100.17373663688727,Ryan Borucki,"<a href=""leaders.aspx?pos=all&stats=pit&lg=all&qual=0&type=strType&season=2024&month=0&season1=2024&ind=1&team=27&rost=0&age=0"">PIT</a>",11,7.363637640456744,4.530116378374378,3.266122272819605,0.17647059,33.3,0.385
621381,NA,NA,103.21203866704691,95.9118406724378,105.0852520076945,96.49984823615495,NA,NA,101.61652807701958,Matt Strahm,"<a href=""leaders.aspx?pos=all&stats=pit&lg=all&qual=0&type=strType&season=2024&month=0&season1=2024&ind=1&team=26&rost=0&age=0"">PHI</a>",62.2,1.8670214660138744,2.2888201147789995,3.1479785280435646,0.28691983,37.6,0.221
621383,97.50076752667111,NA,92.64659106836723,91.52491839499264,102.00818820011666,NA,102.49927313452372,NA,97.652159776048,Tanner Banks,- - -,72.1,3.9815673102272697,3.249429097252863,3.592515383108407,0.17041801,34.1,0.293
621389,78.14834191993427,87.62207275291429,85.31455048529904,84.55753038849092,NA,91.49235057102271,NA,NA,84.2942184018197,Ty Blach,"<a href=""leaders.aspx?pos=all&stats=pit&lg=all&qual=0&type=strType&season=2024&month=0&season1=2024&ind=1&team=19&rost=0&age=0"">COL</a>",71.1,6.939252552918264,6.264610716057343,5.1165467555577235,0.05454546,42.6,0.413
621399,81.05661016424278,97.04999732774823,90.9069086248559,NA,NA,NA,NA,NA,91.29438678299196,Brady Feigl,"<a href=""leaders.aspx?pos=all&stats=pit&lg=all&qual=0&type=strType&season=2024&month=0&season1=2024&ind=1&team=27&rost=0&age=0"">PIT</a>",1.2,32.40001235962386,10.966482753754796,5.888095947703331,0,36.4,0.735
622065,91.37141348237041,100.09661504658162,89.23975333309554,95.7868477246761,100.49468724452893,NA,NA,NA,94.34856221256508,Alex Young,- - -,15.2,2.872341088495455,4.251586411721411,4.2327019119864175,0.11764706,47.8,0.327
622072,91.17346813995499,NA,86.54813903965359,94.29673758820772,93.50891987002322,NA,NA,NA,93.36078446628603,Alex Wood,"<a href=""leaders.aspx?pos=all&stats=pit&lg=all&qual=0&type=strType&season=2024&month=0&season1=2024&ind=1&team=10&rost=0&age=0"">OAK</a>",39.1,5.262712034539434,5.3020730676681165,5.125744123639656,0.07526882,48.8,0.398
622075,91.92763269374713,NA,90.44083489454418,100.11297719538933,NA,92.89152165799165,107.82026293850025,NA,100.45842214029412,Yency Almonte,"<a href=""leaders.aspx?pos=all&stats=pit&lg=all&qual=0&type=strType&season=2024&month=0&season1=2024&ind=1&team=17&rost=0&age=0"">CHC</a>",15.2,3.446809070150346,3.3579691710759256,3.879338469779127,0.17910448,32.4,0.249
622088,NA,101.8258441626926,93.8876032798799,97.00683890380398,102.91911436219087,NA,NA,NA,98.2240071778057,Tejay Antone,"<a href=""leaders.aspx?pos=all&stats=pit&lg=all&qual=0&type=strType&season=2024&month=0&season1=2024&ind=1&team=18&rost=0&age=0"">CIN</a>",2,4.5,7.166479778289795,8.67848818451166,-0.18181818,40,0.445
622098,96.02404687159456,98.12864185033848,104.2392138420537,NA,103.35102225550888,106.0992625655054,NA,NA,103.64446462188269,Drew Smith,"<a href=""leaders.aspx?pos=all&stats=pit&lg=all&qual=0&type=strType&season=2024&month=0&season1=2024&ind=1&team=25&rost=0&age=0"">NYM</a>",17.2,3.056604873587005,3.5627063359769995,4.230643000250978,0.17721519,38.3,0.337
622103,NA,NA,95.33064825096187,NA,95.64807896616013,100.400316249702,NA,NA,95.69905565270948,Gerardo Reyes,"<a href=""leaders.aspx?pos=all&stats=pit&lg=all&qual=0&type=strType&season=2024&month=0&season1=2024&ind=1&team=10&rost=0&age=0"">OAK</a>",4,4.5,4.416479778289795,6.684492387622595,-0.05555556,53.8,0.352
622250,NA,102.38462437132179,101.43150043833512,NA,107.47106957062394,NA,NA,NA,103.50910539456635,Josh Sborz,"<a href=""leaders.aspx?pos=all&stats=pit&lg=all&qual=0&type=strType&season=2024&month=0&season1=2024&ind=1&team=13&rost=0&age=0"">TEX</a>",16.1,3.8571436078487333,2.6154592628828333,3.3006921207101674,0.1884058,39.6,0.277
622251,NA,100.9806677653225,100.26665636338495,94.34117703822767,106.492608006965,NA,NA,NA,102.14015735467811,Josh Staumont,"<a href=""leaders.aspx?pos=all&stats=pit&lg=all&qual=0&type=strType&season=2024&month=0&season1=2024&ind=1&team=8&rost=0&age=0"">MIN</a>",24.1,3.698630620176579,3.536342840307453,5.027638997431875,0.03921569,34.8,0.252
622253,94.24087981448443,NA,NA,93.44735041825244,NA,NA,103.33845066817202,NA,96.83133408516399,Dillon Tate,- - -,36.2,4.663637050991317,3.7119344041367333,4.4461243546487665,0.09146342,30.6,0.326
622259,NA,NA,97.19963689665009,97.74888221243916,103.24936214719078,NA,NA,NA,100.14320612569676,Trey Wingenter,- - -,8.1,9.720000370788588,6.286479897308354,4.618007903634191,0.04761905,50,0.413
622338,99.4045927094586,NA,92.25248987307744,NA,NA,103.15433394934777,NA,NA,95.87591124264036,NA,NA,NA,NA,NA,NA,NA,NA,NA
622491,97.99475882582695,NA,90.94942925971037,93.40376931077623,99.884044629923,NA,NA,NA,94.38049610860594,Luis Castillo,"<a href=""leaders.aspx?pos=all&stats=pit&lg=all&qual=0&type=strType&season=2024&month=0&season1=2024&ind=1&team=11&rost=0&age=0"">SEA</a>",175.1,3.6444867977385083,3.9136280889372825,3.8192348249970838,0.17802504,41.9,0.305
622503,93.88453851439166,99.73859880269868,91.08559227248155,91.15897667454809,95.10132141051912,NA,NA,NA,93.60341390511773,Nabil Crismatt,"<a href=""leaders.aspx?pos=all&stats=pit&lg=all&qual=0&type=strType&season=2024&month=0&season1=2024&ind=1&team=22&rost=0&age=0"">LAD</a>",7,2.5714285714285716,3.309336921146938,2.7482012693371094,0.23076923,30,0.297
622554,93.75508244670458,NA,106.83992404748135,99.84347249418039,109.33560037502527,NA,114.04648284340338,NA,107.19016569179573,Seranthony Domínguez,- - -,58.2,4.44886426313612,4.683525446562266,4.00894547560023,0.18431373,32.9,0.312
622608,89.40713033757093,96.52486713588777,88.63930078453504,89.11119649526555,98.42029438587183,NA,NA,NA,91.5468803410162,Antonio Senzatela,"<a href=""leaders.aspx?pos=all&stats=pit&lg=all&qual=0&type=strType&season=2024&month=0&season1=2024&ind=1&team=19&rost=0&age=0"">COL</a>",12.1,6.567567736846505,7.139452853666076,5.816219800099876,-0.01851852,46.2,0.432
622663,99.00740464900436,NA,96.97032633992166,94.42731129619638,107.54980305390698,96.37937289776026,114.5598797741027,NA,100.23665139733147,Luis Severino,"<a href=""leaders.aspx?pos=all&stats=pit&lg=all&qual=0&type=strType&season=2024&month=0&season1=2024&ind=1&team=25&rost=0&age=0"">NYM</a>",182,3.9065934065934065,4.210435822245839,4.121125778089185,0.13272011,35.6,0.308
622694,95.24482165880227,NA,101.1636198068251,87.44845820659678,91.86817839327011,96.78920272587618,NA,NA,97.5244945952666,Elieser Hernández,- - -,15.2,6.319149577277729,7.251586575721863,5.997985524282125,0.046875,52.9,0.355
622766,107.08856149899414,NA,88.522315509868207,91.3768417885002,99.86490239500671,NA,NA,NA,97.49828758731945,Miguel Díaz,"<a href=""leaders.aspx?pos=all&stats=pit&lg=all&qual=0&type=strType&season=2024&month=0&season1=2024&ind=1&team=21&rost=0&age=0"">HOU</a>",1,0,3.166479778289795,6.190496590733528,0,NA,NA
622786,94.59308799897443,NA,96.840260437169,99.30131027473564,108.76269418652973,91.77106214863751,NA,NA,103.71440226982291,Jesus Tinoco,- - -,40.2,3.319672572295656,3.166479778289795,3.731865377728999,0.18518519,33.3,0.241
623149,91.08945777280962,NA,108.83994309557023,NA,NA,NA,109.85764845416938,NA,109.02728023778147,Paul Sewald,"<a href=""leaders.aspx?pos=all&stats=pit&lg=all&qual=0&type=strType&season=2024&month=0&season1=2024&ind=1&team=15&rost=0&age=0"">ARI</a>",39.2,4.31092464613231,3.947992433436588,4.306795299621884,0.2,42.2,0.311
623167,111.35853272723138,105.14548274351581,90.15646732413954,98.85853247380868,107.13128651847188,107.32237082679589,NA,NA,101.06493874433508,Chris Flexen,"<a href=""leaders.aspx?pos=all&stats=pit&lg=all&qual=0&type=strType&season=2024&month=0&season1=2024&ind=1&team=4&rost=0&age=0"">CHW</a>",160,4.950000177025801,4.797729836627844,5.03069198144204,0.08486563,37.4,0.355
623211,97.47789589693573,NA,91.4626562861038,97.67083576265739,NA,99.40478616611895,NA,NA,96.68288773753389,Huascar Brazobán,- - -,51.2,3.8322588190403737,3.3213185184530425,4.076474050376518,0.11981567,24.6,0.269
623352,100.67018933934416,NA,102.96645557447331,109.74916917459552,104.31315449751145,NA,NA,NA,108.24656017456786,Josh Hader,"<a href=""leaders.aspx?pos=all&stats=pit&lg=all&qual=0&type=strType&season=2024&month=0&season1=2024&ind=1&team=21&rost=0&age=0"">HOU</a>",71,3.80281731004498,3.5045079836271267,2.925812694299904,0.28776978,38.8,0.261
623433,97.31519602375121,101.05875417029706,88.83282545425999,87.37967933357056,NA,NA,NA,NA,94.43725893523673,Nick Anderson,"<a href=""leaders.aspx?pos=all&stats=pit&lg=all&qual=0&type=strType&season=2024&month=0&season1=2024&ind=1&team=7&rost=0&age=0"">KCR</a>",35.2,4.037383465446648,5.073021970306268,4.751387457852154,0.09150327,38,0.344
623437,96.83778521681364,NA,NA,94.9458018504874,NA,87.15386312636224,102.66226683558534,NA,97.14374165181844,Justin Topa,"<a href=""leaders.aspx?pos=all&stats=pit&lg=all&qual=0&type=strType&season=2024&month=0&season1=2024&ind=1&team=8&rost=0&age=0"">MIN</a>",2.1,0,1.4521938304511552,2.748201212351177,0.25,NA,NA
623451,83.43922553281016,109.75766634375921,84.16724989202656,88.11213180358045,102.77545909097012,95.38498968897186,NA,NA,93.21223972095993,Jackson Stephens,"<a href=""leaders.aspx?pos=all&stats=pit&lg=all&qual=0&type=strType&season=2024&month=0&season1=2024&ind=1&team=16&rost=0&age=0"">ATL</a>",3.1,2.70000025749209,7.6664802074432785,6.941697791388561,0.05882353,30.8,0.411
623454,98.64052029842387,99.47453627219842,108.99016820346833,NA,107.44959438562519,NA,NA,NA,105.88102945210976,NA,NA,NA,NA,NA,NA,NA,NA,NA
623465,NA,NA,104.51458412966154,97.76051266844999,NA,97.21062933420144,114.10974656226975,NA,106.55857516174918,Evan Phillips,"<a href=""leaders.aspx?pos=all&stats=pit&lg=all&qual=0&type=strType&season=2024&month=0&season1=2024&ind=1&team=22&rost=0&age=0"">LAD</a>",54.2,3.6219516407514947,3.2762358886155982,3.481269375273975,0.20175439,32.7,0.288
623474,93.22152925700422,107.18462760910265,91.46776199239045,96.65852132673685,103.04467121043419,NA,NA,NA,100.47655727173243,Jimmy Herget,"<a href=""leaders.aspx?pos=all&stats=pit&lg=all&qual=0&type=strType&season=2024&month=0&season1=2024&ind=1&team=16&rost=0&age=0"">ATL</a>",12.1,4.378378491231003,3.571885194144518,3.793087339160767,0.23076923,26.5,0.327
624133,88.16410095213658,97.88805034878192,88.5405856320467,94.00526858259204,97.45617745358228,96.5181347873948,NA,NA,93.0596605850856,Ranger Suárez,"<a href=""leaders.aspx?pos=all&stats=pit&lg=all&qual=0&type=strType&season=2024&month=0&season1=2024&ind=1&team=26&rost=0&age=0"">PHI</a>",150.2,3.4646020038302265,3.3655948359811876,3.2615301697807766,0.16613419,34.3,0.297
624522,90.00082944367672,101.96780340120252,102.89574243448607,106.8821868539353,NA,102.51412364673116,108.1807028698941,NA,103.10073237754652,Keegan Thompson,"<a href=""leaders.aspx?pos=all&stats=pit&lg=all&qual=0&type=strType&season=2024&month=0&season1=2024&ind=1&team=17&rost=0&age=0"">CHC</a>",30.1,2.6703299501785813,3.8587875431509087,3.9687733362447886,0.14173228,47.2,0.277
624647,94.79103790072222,NA,98.31235612948947,99.50875735346462,99.22179463076353,NA,NA,NA,98.33949698941039,Victor González,"<a href=""leaders.aspx?pos=all&stats=pit&lg=all&qual=0&type=strType&season=2024&month=0&season1=2024&ind=1&team=9&rost=0&age=0"">NYY</a>",23.1,3.857144013230028,5.952194898955927,5.965575698470868,-0.02061856,44.3,0.277
625643,93.15965239726134,95.20257986220386,95.45770944603339,NA,101.89101010273644,NA,NA,NA,97.13468236028254,Reynaldo López,"<a href=""leaders.aspx?pos=all&stats=pit&lg=all&qual=0&type=strType&season=2024&month=0&season1=2024&ind=1&team=16&rost=0&age=0"">ATL</a>",135.2,1.9901719155586892,2.915865537071293,3.439922898462065,0.19521179,42.2,0.271
628317,NA,93.53854247988727,91.63244377106692,90.58335624004116,98.43427051815982,93.18805458991967,99.14654410635464,NA,96.87562008801382,Kenta Maeda,"<a href=""leaders.aspx?pos=all&stats=pit&lg=all&qual=0&type=strType&season=2024&month=0&season1=2024&ind=1&team=6&rost=0&age=0"">DET</a>",112.1,6.089021253989345,4.964699505345128,4.505007803915084,0.13402062,36.1,0.351
628452,100.48872968430834,NA,96.92993494347309,99.54359859694006,106.92604456007933,NA,NA,NA,100.60399177663862,Raisel Iglesias,"<a href=""leaders.aspx?pos=all&stats=pit&lg=all&qual=0&type=strType&season=2024&month=0&season1=2024&ind=1&team=16&rost=0&age=0"">ATL</a>",69.1,1.9471155274549283,2.647248970968481,3.380180346222837,0.21235521,30.9,0.2
628708,NA,NA,100.27983039687425,99.99431885615972,106.76060677670206,96.87168107048194,NA,NA,102.84734102346098,Yunior Marte,"<a href=""leaders.aspx?pos=all&stats=pit&lg=all&qual=0&type=strType&season=2024&month=0&season1=2024&ind=1&team=26&rost=0&age=0"">PHI</a>",26,6.9230774309508565,5.628018420405656,4.581872580412649,0.06299213,42.7,0.381
630023,NA,NA,84.72360172535932,97.69370955841379,110.7994350807256,NA,NA,NA,100.7313595528345,Yonny Chirinos,"<a href=""leaders.aspx?pos=all&stats=pit&lg=all&qual=0&type=strType&season=2024&month=0&season1=2024&ind=1&team=20&rost=0&age=0"">MIA</a>",30,6.3,6.133146444956462,5.519026561578115,0.08333333,35,0.425
640448,NA,NA,98.80177827215451,NA,101.35214459287887,NA,NA,NA,100.12726890444397,Kyle Finnegan,"<a href=""leaders.aspx?pos=all&stats=pit&lg=all&qual=0&type=strType&season=2024&month=0&season1=2024&ind=1&team=24&rost=0&age=0"">WSN</a>",63.2,3.675393037186172,4.250249520024179,3.813733706282776,0.13284133,48.1,0.309
640451,NA,98.62760349993688,101.50559083190647,NA,104.86389293948321,NA,NA,NA,103.31338403068963,Hunter Harvey,- - -,50.2,4.440790198103661,3.521742994138088,3.5220659178922187,0.17808219,48.3,0.333
640454,NA,NA,NA,93.33792356471126,NA,95.10954140960601,116.93636904248459,NA,99.38516975456248,Matt Krook,"<a href=""leaders.aspx?pos=all&stats=pit&lg=all&qual=0&type=strType&season=2024&month=0&season1=2024&ind=1&team=2&rost=0&age=0"">BAL</a>",1,18,15.166479778289794,3.6784881845116617,0.16666667,NA,NA
640455,92.0988695835521,NA,92.90141881070534,97.54645356836727,97.26898748206968,91.0254020419169,98.08766255731062,NA,95.02708915385475,Sean Manaea,"<a href=""leaders.aspx?pos=all&stats=pit&lg=all&qual=0&type=strType&season=2024&month=0&season1=2024&ind=1&team=25&rost=0&age=0"">NYM</a>",181.2,3.4678901024433157,3.8325348614574795,4.035993900054773,0.16395664,37.8,0.275
640462,97.8347930520195,NA,102.43350811893411,97.53931092085408,105.15014605522936,NA,102.85757596331547,NA,102.23517839397246,A.J. Puk,- - -,71.1,3.154206169735591,2.872087202447806,3.465815301392606,0.20408163000000001,33.5,0.265
640470,96.96414940360326,NA,96.32011644588621,95.07672827363349,107.86071684458979,104.51822799512836,NA,NA,102.05464779293811,Adbert Alzolay,"<a href=""leaders.aspx?pos=all&stats=pit&lg=all&qual=0&type=strType&season=2024&month=0&season1=2024&ind=1&team=17&rost=0&age=0"">CHC</a>",17.1,4.67307778011428,7.378019012219949,4.884337401598944,0.09333333,38.2,0.387
641149,104.06731340501143,111.27322904840993,100.32714530114845,100.55019878377269,106.64046154165561,NA,NA,NA,104.18997957113024,Wes Parsons,- - -,9,6,5.166479778289795,3.4535974275734693,0.13157895,41.4,0.34
641154,98.99490881414252,109.02481950248755,95.21447555424409,93.49748835120204,NA,NA,106.37312255813775,NA,99.55396599090112,Pablo López,"<a href=""leaders.aspx?pos=all&stats=pit&lg=all&qual=0&type=strType&season=2024&month=0&season1=2024&ind=1&team=8&rost=0&age=0"">MIN</a>",185.1,4.079136802594762,3.6466956188069033,3.356718526512719,0.20336788,37.5,0.306
641302,94.67871854133861,NA,98.74014390186782,86.79659761417271,97.09654284379111,98.81207775706494,103.32419252520111,NA,97.5557799879924,Tyler Alexander,"<a href=""leaders.aspx?pos=all&stats=pit&lg=all&qual=0&type=strType&season=2024&month=0&season1=2024&ind=1&team=12&rost=0&age=0"">TBR</a>",107.2,5.099071508535823,5.079792584771361,4.633910782275909,0.14505495,37.2,0.335
641312,97.68303782925702,NA,101.44519107933911,90.05660581385949,104.7558043304033,NA,112.17033572751399,NA,101.83170279467754,Shaun Anderson,- - -,16.1,8.265306765911085,4.697092142347403,4.80877951642954,0.10588235,41.1,0.458
641329,108.89896209347418,103.47410032116134,98.33774184795857,NA,113.8473599506761,NA,NA,NA,104.47615892526366,Bryan Baker,"<a href=""leaders.aspx?pos=all&stats=pit&lg=all&qual=0&type=strType&season=2024&month=0&season1=2024&ind=1&team=2&rost=0&age=0"">BAL</a>",23.1,5.014286397428021,3.766479860033319,3.7798606573606737,0.17204301,47.6,0.311
641343,NA,NA,85.47682762808306,NA,NA,NA,NA,NA,42.884236659340544,Jake Bauers,"<a href=""leaders.aspx?pos=all&stats=pit&lg=all&qual=0&type=strType&season=2024&month=0&season1=2024&ind=1&team=23&rost=0&age=0"">MIL</a>",4,4.5,5.666479778289795,9.824502895399927,-0.15,NA,NA
641360,NA,NA,103.66804359201826,124.02692682036172,99.52944180323354,NA,NA,NA,102.86522751614821,Phil Bickford,"<a href=""leaders.aspx?pos=all&stats=pit&lg=all&qual=0&type=strType&season=2024&month=0&season1=2024&ind=1&team=9&rost=0&age=0"">NYY</a>",8.1,8.640002307129523,4.006480002594055,4.623772272388361,0.12820513,43.3,0.319
641401,100.91663140786382,NA,101.17440761459069,NA,NA,100.61616716025767,NA,NA,100.94958260519091,Connor Brogdon,- - -,3,24.000008583071917,24.499820741020386,10.190499102718588,-0.15789474,50,0.715
641427,99.84320972189036,100.95298234032805,89.46157054316583,95.30491813489333,102.79748146366019,90.70061099851668,108.75852467753921,NA,95.5024384858718,Alan Busenitz,"<a href=""leaders.aspx?pos=all&stats=pit&lg=all&qual=0&type=strType&season=2024&month=0&season1=2024&ind=1&team=18&rost=0&age=0"">CIN</a>",4,13.5,4.916479778289795,4.312494489178062,0.14285714,38.9,0.451
641461,NA,90.2558424139565,NA,90.81400341363967,NA,NA,NA,NA,90.62794974707862,NA,NA,NA,NA,NA,NA,NA,NA,NA
641482,94.52659328447584,NA,101.04087204617812,89.65515770539415,98.72100920886163,101.8135976178157,101.69406169230177,NA,100.60119339801786,Nestor Cortes,"<a href=""leaders.aspx?pos=all&stats=pit&lg=all&qual=0&type=strType&season=2024&month=0&season1=2024&ind=1&team=9&rost=0&age=0"">NYY</a>",174.1,3.768642454290741,3.8376078865881462,4.164166497803895,0.17323944,43.6,0.307
641540,92.5938423724022,NA,90.67375509990612,90.64853042703493,96.58635464080915,94.12780447867107,NA,98.3421443040032,93.32559611252266,Dane Dunning,"<a href=""leaders.aspx?pos=all&stats=pit&lg=all&qual=0&type=strType&season=2024&month=0&season1=2024&ind=1&team=13&rost=0&age=0"">TEX</a>",95,5.305263370926038,5.1664798585992155,4.40632087508304,0.12114014,45.8,0.347
641541,NA,NA,106.03395862250419,NA,112.72060187330604,NA,NA,NA,107.94442812273329,NA,NA,NA,NA,NA,NA,NA,NA,NA
641582,97.27272707294239,92.17956751258666,92.80536319740636,NA,98.27847041575656,NA,NA,NA,95.08819850765938,Matt Foster,"<a href=""leaders.aspx?pos=all&stats=pit&lg=all&qual=0&type=strType&season=2024&month=0&season1=2024&ind=1&team=4&rost=0&age=0"">CHW</a>",6.2,2.70000025749209,6.166480064392118,6.938095269178438,-0.03333333,47.6,0.313
641585,96.5086642965114,97.94891091077642,97.73494000723774,87.39308476207522,NA,103.34116706340762,100.64377633397665,NA,98.8115638127951,J.P. France,"<a href=""leaders.aspx?pos=all&stats=pit&lg=all&qual=0&type=strType&season=2024&month=0&season1=2024&ind=1&team=21&rost=0&age=0"">HOU</a>",25.1,7.460526690258563,5.53490094980045,5.595231342582405,0.08264463,32.6,0.373
641656,NA,NA,96.97120510283962,96.22045723564285,101.98998844525156,NA,NA,NA,99.41324946969978,Ian Hamilton,"<a href=""leaders.aspx?pos=all&stats=pit&lg=all&qual=0&type=strType&season=2024&month=0&season1=2024&ind=1&team=9&rost=0&age=0"">NYY</a>",37.2,3.823009882026573,3.033736379608317,3.708292822267249,0.16564417,37.1,0.31
641658,NA,4.152129383220593,NA,NA,19.994034516127503,NA,NA,NA,10.24516981895402,Garrett Hampson,"<a href=""leaders.aspx?pos=all&stats=pit&lg=all&qual=0&type=strType&season=2024&month=0&season1=2024&ind=1&team=7&rost=0&age=0"">KCR</a>",1,0,6.166479778289795,10.702504996955394,0,NA,NA
641703,102.3554012741343,NA,88.44787619291893,83.23052310975983,104.53001817184894,NA,106.47808100036121,NA,95.37075306884165,Brent Honeywell,- - -,37.2,2.6283186949805324,4.28152407313002,4.972223964246256,0.04697987,39.8,0.3
641712,89.95023966522726,95.62836659674664,85.67872988783206,88.82469683434881,97.28316356784372,94.82539333587702,NA,NA,91.60484866828818,Dakota Hudson,"<a href=""leaders.aspx?pos=all&stats=pit&lg=all&qual=0&type=strType&season=2024&month=0&season1=2024&ind=1&team=19&rost=0&age=0"">COL</a>",89,6.168539854631733,5.526030542356578,5.414308507470654,-0.00247525,42,0.36
641726,86.30150909759698,NA,100.17486374739988,95.04903422185187,102.87153386190963,92.10090239311103,NA,NA,95.69758355441766,Daulton Jefferies,- - -,14.2,9.818182243788556,6.098298087198877,5.1301305558354,0.10958904,35.7,0.457
641729,97.7766881093191,NA,105.32489010570926,NA,101.47704694361224,NA,NA,NA,103.09899447472606,Joe Jiménez,"<a href=""leaders.aspx?pos=all&stats=pit&lg=all&qual=0&type=strType&season=2024&month=0&season1=2024&ind=1&team=16&rost=0&age=0"">ATL</a>",68.2,2.6213593203853613,2.336382660167764,3.521129259993768,0.21299639,32.7,0.23
641745,93.96813283339958,101.54376986294527,92.06225785958966,86.60517219647808,106.36424058098041,NA,106.69577186519459,NA,98.26612513682365,Brad Keller,- - -,41.1,5.4435489313536,5.682609062115459,4.644425375369136,0.08854167,39.2,0.358
641755,97.72840479547847,NA,92.28074059788287,91.85137045782294,105.256375403226,NA,NA,NA,100.44643901567375,Tyler Kinley,"<a href=""leaders.aspx?pos=all&stats=pit&lg=all&qual=0&type=strType&season=2024&month=0&season1=2024&ind=1&team=19&rost=0&age=0"">COL</a>",64,6.187500737607567,4.791479972004914,4.234489231258826,0.13684211,33.1,0.341
641771,93.94999693003668,NA,93.36916993543491,93.82873265145415,103.86107416511841,92.78398322726206,102.22030429927251,NA,98.09610533517277,Chad Kuhl,"<a href=""leaders.aspx?pos=all&stats=pit&lg=all&qual=0&type=strType&season=2024&month=0&season1=2024&ind=1&team=4&rost=0&age=0"">CHW</a>",53.1,5.0625004827976685,4.10397986769677,4.302737767484801,0.12083333,38.3,0.343
641778,NA,93.87284968859022,88.90047701146044,NA,101.95055542692275,NA,NA,NA,96.28320250875642,NA,NA,NA,NA,NA,NA,NA,NA,NA
641793,NA,NA,89.05771103884948,91.82717609814587,100.20587050033669,NA,99.97483038507211,NA,97.70302565446111,Zack Littell,"<a href=""leaders.aspx?pos=all&stats=pit&lg=all&qual=0&type=strType&season=2024&month=0&season1=2024&ind=1&team=12&rost=0&age=0"">TBR</a>",156.1,3.626865789640896,3.8828977120460215,4.007155912614211,0.16768293,39.2,0.317
641816,NA,NA,98.28935838460242,NA,100.6858447869448,97.09517680924003,NA,NA,95.34335235555197,Tyler Mahle,"<a href=""leaders.aspx?pos=all&stats=pit&lg=all&qual=0&type=strType&season=2024&month=0&season1=2024&ind=1&team=13&rost=0&age=0"">TEX</a>",12.2,4.973684460172375,3.7980587573593034,4.562279276770329,0.10714286,34.1,0.329
641835,NA,NA,85.36003190975373,97.07726830459023,103.20989401155325,92.34411276111041,NA,NA,98.31938779327125,Tim Mayza,- - -,42.2,6.328126508742931,4.502417596802191,4.679989596138255,0.06666667,38.4,0.358
641927,106.52882209761032,98.06572032291672,95.58364063808925,NA,96.9867538482932,NA,95.79394531926286,NA,99.1231572900731,Bailey Ober,"<a href=""leaders.aspx?pos=all&stats=pit&lg=all&qual=0&type=strType&season=2024&month=0&season1=2024&ind=1&team=8&rost=0&age=0"">MIN</a>",178.2,3.9794778385149736,3.8157335465988487,3.831460975046075,0.20874471,34.3,0.282
641941,NA,NA,106.52908237545105,NA,NA,103.36730923186667,NA,NA,104.89315005073881,Emilio Pagán,"<a href=""leaders.aspx?pos=all&stats=pit&lg=all&qual=0&type=strType&season=2024&month=0&season1=2024&ind=1&team=18&rost=0&age=0"">CIN</a>",38,4.500000451740511,3.7717429969449516,3.629016758897378,0.20886076,50.5,0.33
642016,93.4882958359197,NA,97.98731903207604,95.29729091021179,NA,99.55403842566552,110.48056203313384,NA,103.82629152284679,Daniel Robert,"<a href=""leaders.aspx?pos=all&stats=pit&lg=all&qual=0&type=strType&season=2024&month=0&season1=2024&ind=1&team=13&rost=0&age=0"">TEX</a>",5.2,3.176470944625736,5.4605976827417155,6.1015552490859,0.15384615,18.8,0.357
642028,90.09379690651272,NA,87.4782577181203,91.43268845793145,94.14939214620262,84.33626912254987,94.7695881047026,NA,91.06950873446316,Josh Rogers,"<a href=""leaders.aspx?pos=all&stats=pit&lg=all&qual=0&type=strType&season=2024&month=0&season1=2024&ind=1&team=19&rost=0&age=0"">COL</a>",11,6.545456247881867,5.166480298475921,6.59631337202144,0,42.9,0.382
642048,97.4389980954345,100.25622824547727,90.91286739929416,97.00871319995804,99.8089184622724,NA,100.6664722493066,NA,97.72463629408799,Tayler Saucedo,"<a href=""leaders.aspx?pos=all&stats=pit&lg=all&qual=0&type=strType&season=2024&month=0&season1=2024&ind=1&team=11&rost=0&age=0"">SEA</a>",38.2,3.491380917757391,3.7613076383521653,4.004004362134085,0.12048193,27.8,0.301
642100,88.63316043926152,NA,91.95447865390274,95.11960987970501,94.14889470419389,NA,94.16730976137599,NA,93.6568791901784,Gabe Speier,"<a href=""leaders.aspx?pos=all&stats=pit&lg=all&qual=0&type=strType&season=2024&month=0&season1=2024&ind=1&team=11&rost=0&age=0"">SEA</a>",23.2,5.704226884499908,3.5045080381120117,3.8753332085660626,0.18269231,36.4,0.304
642121,102.81751642893776,NA,100.86972265903678,NA,NA,99.87289001108601,100.72349401294862,NA,101.11772988461107,Cole Sulser,- - -,16.1,2.7551022553036946,3.7787247239128385,4.834245303500664,0.09090909,38.1,0.245
642130,97.81668695931006,NA,94.40553446258764,84.41969369613062,98.6530384621198,NA,NA,NA,94.34010203923593,NA,NA,NA,NA,NA,NA,NA,NA,NA
642207,129.6178583662186,NA,108.93694458500714,NA,NA,101.3598701934677,NA,NA,118.09893325070665,Devin Williams,"<a href=""leaders.aspx?pos=all&stats=pit&lg=all&qual=0&type=strType&season=2024&month=0&season1=2024&ind=1&team=23&rost=0&age=0"">MIL</a>",21.2,1.2461538827207677,2.058787438093557,2.4357774962530936,0.30681818,32.4,0.228
642216,89.59723229396562,NA,87.06355056360061,91.36268088613488,95.51180610453507,NA,NA,NA,90.61189452255891,Allan Winans,"<a href=""leaders.aspx?pos=all&stats=pit&lg=all&qual=0&type=strType&season=2024&month=0&season1=2024&ind=1&team=16&rost=0&age=0"">ATL</a>",7.2,15.260870830773962,8.77517589558279,5.660403993221923,0,39.4,0.516
642232,89.95296910976752,NA,88.93975147824747,89.08454118124338,NA,91.88836717542793,102.53469149711569,NA,93.14277883982221,Ryan Yarbrough,- - -,98.2,3.192567835004793,4.636074495990414,4.841786417330351,0.08291457,29.4,0.273
642239,88.45537321525505,NA,84.31119914667873,NA,NA,103.04465094867771,100.30260034931311,NA,94.4511417076451,Rob Zastryzny,"<a href=""leaders.aspx?pos=all&stats=pit&lg=all&qual=0&type=strType&season=2024&month=0&season1=2024&ind=1&team=23&rost=0&age=0"">MIL</a>",7.2,1.1739134328803793,2.644740474787404,4.8141445598552854,0.13793104,28.6,0.19
642397,100.37359026745094,NA,98.12460855610364,105.09211966666841,107.52043509585128,91.7895002094773,111.09868021613326,NA,105.42130847213858,Gregory Soto,- - -,53,4.415095134068459,3.675913832220771,3.8359202053304755,0.15573771,43.8,0.34
642520,94.36992126201572,101.36492795026061,100.92397674798707,92.9380066644236,101.77349720032784,NA,NA,NA,99.48515523769119,Gerson Garabito,"<a href=""leaders.aspx?pos=all&stats=pit&lg=all&qual=0&type=strType&season=2024&month=0&season1=2024&ind=1&team=13&rost=0&age=0"">TEX</a>",26.1,4.7848110507648425,5.293062467518614,5.098338148624643,0.08695652,35.1,0.326
642528,101.78618487037787,115.93053994867269,113.39382059876885,105.88792303729569,NA,NA,NA,NA,107.28897929929374,Jonathan Loáisiga,"<a href=""leaders.aspx?pos=all&stats=pit&lg=all&qual=0&type=strType&season=2024&month=0&season1=2024&ind=1&team=9&rost=0&age=0"">NYY</a>",4,0,2.416479778289795,3.1724839814007284,0.1,18.8,0.343
642545,95.46621828681523,NA,89.42390169644062,80.70529122990882,101.85984640875999,NA,NA,NA,95.8293685969411,NA,NA,NA,NA,NA,NA,NA,NA,NA
642546,100.69865946534193,NA,94.40523906205404,100.42488738193705,109.96292928460736,NA,NA,NA,104.98235011524007,Jonathan Hernández,- - -,43.1,5.400000871511747,5.174172410005701,4.8396574266637895,0.05729167,39.5,0.348
642547,97.98564702089729,95.3950082845806,106.43342344091816,108.75464233634733,97.92529745782527,NA,NA,NA,102.45447425774418,Freddy Peralta,"<a href=""leaders.aspx?pos=all&stats=pit&lg=all&qual=0&type=strType&season=2024&month=0&season1=2024&ind=1&team=23&rost=0&age=0"">MIL</a>",173.2,3.6794627875015222,4.156882907319939,3.9344894073369785,0.18206897,36.9,0.305
642575,NA,NA,NA,86.51230064873252,91.1792895806906,NA,NA,NA,87.17901335329796,NA,NA,NA,NA,NA,NA,NA,NA,NA
642629,NA,NA,101.38879748215494,NA,104.79262189736554,NA,NA,NA,103.20785131455382,Emmanuel Ramirez,"<a href=""leaders.aspx?pos=all&stats=pit&lg=all&qual=0&type=strType&season=2024&month=0&season1=2024&ind=1&team=20&rost=0&age=0"">MIA</a>",20.2,6.967742792897722,4.618092860143488,4.4868767996092185,0.14130435,45,0.362
642701,97.4712441941488,104.09351808043483,100.85543780510783,100.34301868988551,106.06246532970648,100.29930641207532,NA,NA,102.0003468058929,Dennis Santana,- - -,71.2,3.893024015617622,3.012991376240355,3.954135710038356,0.16724739,32.6,0.281
642834,86.88091039353114,NA,85.41231688479532,NA,93.07110524457242,NA,96.46498437991522,NA,89.46011868150917,Jonathan Bermúdez,"<a href=""leaders.aspx?pos=all&stats=pit&lg=all&qual=0&type=strType&season=2024&month=0&season1=2024&ind=1&team=20&rost=0&age=0"">MIA</a>",6.2,8.10000077247627,7.6664802074432785,6.4880952262630895,0.06060606,44,0.484
643256,NA,NA,95.14389574139273,96.65654067971111,79.34656249407769,NA,NA,NA,90.45173523319531,Adam Cimber,"<a href=""leaders.aspx?pos=all&stats=pit&lg=all&qual=0&type=strType&season=2024&month=0&season1=2024&ind=1&team=1&rost=0&age=0"">LAA</a>",24.1,7.027398729172533,4.604836243325109,5.37547379607817,0.04672897,35.3,0.313
643338,NA,NA,103.34223187663689,96.71977120966866,104.89885020843607,92.39895702569682,NA,NA,103.86393342295526,Chad Green,"<a href=""leaders.aspx?pos=all&stats=pit&lg=all&qual=0&type=strType&season=2024&month=0&season1=2024&ind=1&team=14&rost=0&age=0"">TOR</a>",53.1,3.206250305771857,4.291479885578166,4.439391563316963,0.15238095,45.9,0.276
643361,103.20630339118203,NA,90.29189227570738,NA,95.08161465565011,98.34750611337134,NA,NA,96.20804079603772,Kevin Herget,"<a href=""leaders.aspx?pos=all&stats=pit&lg=all&qual=0&type=strType&season=2024&month=0&season1=2024&ind=1&team=23&rost=0&age=0"">MIL</a>",11.1,1.588235472312868,3.5194209943593213,4.10672482033106,0.13953488,48.4,0.216
643377,108.09310470565875,121.86935840182262,105.53109427877389,101.57595011920789,NA,NA,131.38887665728757,NA,116.18072852660704,Griffin Jax,"<a href=""leaders.aspx?pos=all&stats=pit&lg=all&qual=0&type=strType&season=2024&month=0&season1=2024&ind=1&team=8&rost=0&age=0"">MIN</a>",71,2.0281692320239895,1.9411275339419682,2.3161196463997125,0.28985507,38.7,0.227
643410,93.98916797427944,97.67766005732003,93.89337467697075,89.89216399699157,NA,95.38148038470365,95.28128505991718,NA,96.37017622539187,Mark Leiter Jr.,- - -,58,4.500001183871877,3.287169465213562,2.7453831761040255,0.25,40,0.308
643493,90.7058567462206,109.85593820330823,90.02878590411292,86.10774322203842,108.49844896099788,NA,NA,NA,98.45340149909927,Austin Pruitt,"<a href=""leaders.aspx?pos=all&stats=pit&lg=all&qual=0&type=strType&season=2024&month=0&season1=2024&ind=1&team=13&rost=0&age=0"">TEX</a>",4.1,12.461542118231588,13.781867508635223,7.573265821357446,-0.08333333,35,0.535
643511,NA,NA,60.37305808645838,95.87859053021205,98.4633545186478,NA,NA,NA,96.57946550770524,Tyler Rogers,"<a href=""leaders.aspx?pos=all&stats=pit&lg=all&qual=0&type=strType&season=2024&month=0&season1=2024&ind=1&team=30&rost=0&age=0"">SFG</a>",70.1,2.81516608036031,3.564584072482162,3.6895967091621196,0.15517241,31.1,0.281
646242,87.86490917358104,99.67527179137477,87.44987389735611,89.85260823809337,102.44276883425196,NA,NA,NA,92.55184697661069,Jhonathan Díaz,"<a href=""leaders.aspx?pos=all&stats=pit&lg=all&qual=0&type=strType&season=2024&month=0&season1=2024&ind=1&team=11&rost=0&age=0"">SEA</a>",9.2,4.655172719966804,5.131997148942446,4.632147221629698,0.10638298,36.1,0.395
647315,NA,NA,99.04061502018072,97.46275807585972,107.76575488088008,97.25689129076814,NA,NA,98.96362895281689,Zach Pop,"<a href=""leaders.aspx?pos=all&stats=pit&lg=all&qual=0&type=strType&season=2024&month=0&season1=2024&ind=1&team=14&rost=0&age=0"">TOR</a>",48.1,5.586208807076145,5.525101274610834,4.418294407688244,0.06698565,44.5,0.315
647336,105.85272245568557,NA,100.38341509493745,96.65162263585904,99.65138948853816,NA,NA,NA,99.8599174176475,Michael Soroka,"<a href=""leaders.aspx?pos=all&stats=pit&lg=all&qual=0&type=strType&season=2024&month=0&season1=2024&ind=1&team=4&rost=0&age=0"">CHW</a>",79.2,4.744770253135191,4.9489066987797345,4.53569440504963,0.11527378,35.2,0.324
650556,100.11341979289223,NA,107.27896772101965,97.75778504108112,112.4859922738857,NA,NA,NA,109.94543266870708,Bryan Abreu,"<a href=""leaders.aspx?pos=all&stats=pit&lg=all&qual=0&type=strType&season=2024&month=0&season1=2024&ind=1&team=21&rost=0&age=0"">HOU</a>",78.1,3.102127860998786,3.4856287351826745,3.478283806353638,0.21846154,38,0.288
650633,93.26574960806134,NA,98.72481136621582,96.6910623754395,102.62937978733794,NA,106.36457341478076,NA,98.49250001821574,Michael King,"<a href=""leaders.aspx?pos=all&stats=pit&lg=all&qual=0&type=strType&season=2024&month=0&season1=2024&ind=1&team=29&rost=0&age=0"">SDP</a>",173.2,2.9539348328033785,3.3334663477855027,3.4974666620631862,0.19008265,30.3,0.284
650644,NA,114.26944590129543,95.25156167631226,91.6171795379856,106.87880670017569,103.01646454632382,119.23484536375246,NA,103.41000488151505,Aaron Civale,- - -,161,4.360248653826442,4.737908424184511,4.31213023549402,0.14078374,39.4,0.327
650671,96.46903425853812,NA,98.69293515707402,93.2727690458073,102.74394504978403,NA,NA,NA,98.6424425714991,José Quijada,"<a href=""leaders.aspx?pos=all&stats=pit&lg=all&qual=0&type=strType&season=2024&month=0&season1=2024&ind=1&team=1&rost=0&age=0"">LAA</a>",19.1,3.2586212254592017,4.304410999878723,5.352558668957315,0.08333333,39,0.305
650893,88.5982973356362,93.35389804780348,100.47765699976921,96.62893345264504,NA,92.62157001708852,NA,NA,94.92734886335082,Génesis Cabrera,"<a href=""leaders.aspx?pos=all&stats=pit&lg=all&qual=0&type=strType&season=2024&month=0&season1=2024&ind=1&team=14&rost=0&age=0"">TOR</a>",62.2,3.5904263332993867,5.129246173826793,4.7437235628130665,0.07749078,41.1,0.338
650895,85.12597691141546,NA,83.95651097016967,89.90409899913159,104.471803900353,NA,NA,NA,98.65806160101454,Diego Castillo,"<a href=""leaders.aspx?pos=all&stats=pit&lg=all&qual=0&type=strType&season=2024&month=0&season1=2024&ind=1&team=8&rost=0&age=0"">MIN</a>",10,2.70000025749209,4.366479892730724,6.18089015323261,-0.04651163,37.9,0.309
650911,107.00699478200195,NA,NA,104.21131101084198,102.48910590446893,95.83089288207174,NA,NA,104.84459789105915,Cristopher Sánchez,"<a href=""leaders.aspx?pos=all&stats=pit&lg=all&qual=0&type=strType&season=2024&month=0&season1=2024&ind=1&team=26&rost=0&age=0"">PHI</a>",181.2,3.319266240910031,2.995837566899727,3.1907934967201372,0.14456233,34.5,0.29
650960,98.67418237459533,NA,94.72013278312052,100.1522317569491,114.51530720292479,101.966027726473,NA,NA,102.93131123874679,Daniel Duarte,"<a href=""leaders.aspx?pos=all&stats=pit&lg=all&qual=0&type=strType&season=2024&month=0&season1=2024&ind=1&team=8&rost=0&age=0"">MIN</a>",4,2.25,5.666479778289795,3.9284881845116617,0.13333333,36.4,0.266
655889,NA,NA,103.50518798921989,93.80843075686062,109.72956811729439,NA,114.93022929259709,NA,103.27804409385725,Manuel Rodríguez,"<a href=""leaders.aspx?pos=all&stats=pit&lg=all&qual=0&type=strType&season=2024&month=0&season1=2024&ind=1&team=12&rost=0&age=0"">TBR</a>",37.2,2.15044284085347,3.6709046421936957,4.040470037788355,0.14556962,34.9,0.268
656186,96.93540537847522,NA,96.84440403734733,NA,105.2725928839258,NA,NA,NA,99.86639764123977,Dan Altavilla,"<a href=""leaders.aspx?pos=all&stats=pit&lg=all&qual=0&type=strType&season=2024&month=0&season1=2024&ind=1&team=7&rost=0&age=0"">KCR</a>",3.2,14.727279231078285,7.257390675811541,4.949032897857532,0.0952381,36.4,0.437
656222,98.08547601167201,103.57568417026252,93.65421602715674,88.27461500611088,NA,101.69950269698492,NA,NA,96.230289418091715,Jalen Beeks,- - -,70,4.500001103537694,3.995051410052291,4.651975704152948,0.08974359,33,0.322
656232,90.30428373882725,97.556358097686,88.6713222683417,89.61274636254363,99.33401369773966,NA,100.52899063399163,NA,91.98350103578257,Brandon Bielak,- - -,29.2,5.157303978677211,5.930525047907647,5.982043139612509,0.00714286,38.7,0.391
656234,85.33102685836919,103.28378316071907,84.54895701528166,87.96833595198491,108.42467664031767,99.85439126782964,NA,NA,97.39047566546624,Jake Bird,"<a href=""leaders.aspx?pos=all&stats=pit&lg=all&qual=0&type=strType&season=2024&month=0&season1=2024&ind=1&team=19&rost=0&age=0"">COL</a>",40,4.5000008583070485,5.416480207443319,5.416889244209843,0.03243243,41.6,0.368
656240,NA,NA,95.13915437648289,112.8631465805442,101.34552972711525,NA,NA,NA,100.25529912725571,Scott Blewett,"<a href=""leaders.aspx?pos=all&stats=pit&lg=all&qual=0&type=strType&season=2024&month=0&season1=2024&ind=1&team=8&rost=0&age=0"">MIN</a>",20.1,1.7704920800775121,4.002545482770842,4.136717293167703,0.11764706,46.6,0.29
656257,NA,NA,105.2211079763905,NA,NA,99.29598738509215,108.43048456652969,NA,103.86839391448298,NA,NA,NA,NA,NA,NA,NA,NA,NA
656266,NA,NA,NA,96.51588606960705,101.80102588200315,NA,NA,NA,99.12661778416415,J.B. Bukauskas,"<a href=""leaders.aspx?pos=all&stats=pit&lg=all&qual=0&type=strType&season=2024&month=0&season1=2024&ind=1&team=23&rost=0&age=0"">MIL</a>",6,1.5000004768373099,3.8331466568841552,2.9264867071829412,0.22727273,53.3,0.205
656271,108.74992196743747,NA,97.76886682566416,98.70136382530302,106.73759367044829,NA,NA,NA,101.72778481052804,Brock Burke,- - -,34,5.823530555184137,3.872362269827266,3.7660172195087345,0.16233766,41.1,0.352
656288,100.1838094541924,NA,89.6496073646379,88.24633823238273,104.39995469585824,NA,NA,94.99216602417982,96.39970822054796,Griffin Canning,"<a href=""leaders.aspx?pos=all&stats=pit&lg=all&qual=0&type=strType&season=2024&month=0&season1=2024&ind=1&team=1&rost=0&age=0"">LAA</a>",171.2,5.190291569699278,5.257742038134959,4.751002727914869,0.08660352,41.9,0.341
656302,60.22433497835395,NA,107.04137913970341,103.54519343473467,113.28448731372379,105.4634004681497,105.83132268989986,106.40604836134071,109.12788572052266,Dylan Cease,"<a href=""leaders.aspx?pos=all&stats=pit&lg=all&qual=0&type=strType&season=2024&month=0&season1=2024&ind=1&team=29&rost=0&age=0"">SDP</a>",189.1,3.470070515755412,3.0978178046142695,3.4351364194456018,0.20866142,38.6,0.266
656353,NA,95.17850627317253,91.23754208576926,84.75196033273149,103.06037525376685,NA,101.10108276332512,NA,96.42230482931049,Tucker Davidson,"<a href=""leaders.aspx?pos=all&stats=pit&lg=all&qual=0&type=strType&season=2024&month=0&season1=2024&ind=1&team=2&rost=0&age=0"">BAL</a>",4.2,0,4.023622752209115,5.643631979584143,-0.05263158,18.8,0.258
656354,NA,NA,NA,86.0705998317544,NA,104.93053224460363,116.7190833552798,NA,100.88692323737627,Austin Davis,"<a href=""leaders.aspx?pos=all&stats=pit&lg=all&qual=0&type=strType&season=2024&month=0&season1=2024&ind=1&team=29&rost=0&age=0"">SDP</a>",7,9.00000122615286,4.452194239168776,5.748201621068798,0.03030303,35,0.341
656412,108.62204576776705,NA,96.37970091454281,93.58608216177605,99.92690301067954,NA,NA,NA,99.89638565133232,Alex Faedo,"<a href=""leaders.aspx?pos=all&stats=pit&lg=all&qual=0&type=strType&season=2024&month=0&season1=2024&ind=1&team=6&rost=0&age=0"">DET</a>",57.1,3.610465676801365,4.910666095585141,4.425930484872542,0.1097561,34.4,0.322
656420,108.13635816842154,NA,100.0384055347679,83.95273198218342,102.6646567073167,NA,NA,NA,102.70674376174237,J.P. Feyereisen,"<a href=""leaders.aspx?pos=all&stats=pit&lg=all&qual=0&type=strType&season=2024&month=0&season1=2024&ind=1&team=22&rost=0&age=0"">LAD</a>",11,8.181818891162775,6.711934631126998,5.365764923467216,0.08333333,42.4,0.385
656427,92.13121719768397,NA,97.04513223880917,87.53465649374381,100.75053679589662,NA,NA,98.8906265118034,98.13552327545051,Jack Flaherty,- - -,162,3.166666741233796,3.4751217608661884,2.9958705333118116,0.2403698,35.9,0.288
656457,NA,NA,90.12051667775022,94.24188937902659,NA,93.31004992983023,99.09260379163723,97.32932967605579,93.36281627307424,Tyler Gilbert,"<a href=""leaders.aspx?pos=all&stats=pit&lg=all&qual=0&type=strType&season=2024&month=0&season1=2024&ind=1&team=26&rost=0&age=0"">PHI</a>",8.1,3.240000123596196,4.846479842376712,5.645212986552075,0.05263158,48.4,0.328
656458,NA,NA,96.51885592201316,NA,95.03500878614818,NA,NA,NA,96.0948995974803,Lucas Gilbreath,"<a href=""leaders.aspx?pos=all&stats=pit&lg=all&qual=0&type=strType&season=2024&month=0&season1=2024&ind=1&team=19&rost=0&age=0"">COL</a>",1,54.00005793577688,22.166500163100178,12.190506272463615,-0.08333333,50,0.791
656464,NA,NA,98.47507988317314,94.49297054071242,112.29941569157882,NA,NA,NA,103.12385414411611,Kevin Ginkel,"<a href=""leaders.aspx?pos=all&stats=pit&lg=all&qual=0&type=strType&season=2024&month=0&season1=2024&ind=1&team=15&rost=0&age=0"">ARI</a>",70,3.2142864149445485,2.852193995495217,3.2283166493307176,0.21305842,40.8,0.3
656529,NA,108.34819426910734,93.43805534575927,92.63063868416117,106.10826191774653,NA,NA,NA,100.70624656795776,Sam Hentges,"<a href=""leaders.aspx?pos=all&stats=pit&lg=all&qual=0&type=strType&season=2024&month=0&season1=2024&ind=1&team=5&rost=0&age=0"">CLE</a>",23.2,3.042254583581994,3.166479778289795,2.7963459078059314,0.24175824,36.2,0.278
656546,NA,NA,107.66784664616408,102.46272937407342,111.3706927981143,NA,NA,NA,108.94176194030473,Jeff Hoffman,"<a href=""leaders.aspx?pos=all&stats=pit&lg=all&qual=0&type=strType&season=2024&month=0&season1=2024&ind=1&team=26&rost=0&age=0"">PHI</a>",66.1,2.1708544378121104,2.5182385225542343,2.801181328141988,0.2754717,42,0.252
656548,NA,NA,93.13585280088752,102.32185503518446,112.65203120275957,NA,NA,96.16120004665378,100.96872639526477,NA,NA,NA,NA,NA,NA,NA,NA,NA
656550,83.85396511750228,101.62484551816705,91.70646646586077,NA,103.42098215763335,91.8606729408736,NA,NA,97.36780698560325,Grant Holmes,"<a href=""leaders.aspx?pos=all&stats=pit&lg=all&qual=0&type=strType&season=2024&month=0&season1=2024&ind=1&team=16&rost=0&age=0"">ATL</a>",68.1,3.556097825667057,3.195748073151252,3.5235622019413335,0.19503546,38.5,0.287
656557,NA,NA,94.56158526585622,96.82671502637494,NA,98.95208445706456,105.65937357728275,NA,100.48464306386046,Tanner Houck,"<a href=""leaders.aspx?pos=all&stats=pit&lg=all&qual=0&type=strType&season=2024&month=0&season1=2024&ind=1&team=3&rost=0&age=0"">BOS</a>",178.2,3.1231345061763083,3.317599189878971,3.5750677723239668,0.14266487,41.8,0.276
656605,101.15533755089055,100.0011679910623,95.58278684712403,93.43234727255809,105.58223371607247,100.98174034274085,111.66887256514792,NA,99.68095713978896,Mitch Keller,"<a href=""leaders.aspx?pos=all&stats=pit&lg=all&qual=0&type=strType&season=2024&month=0&season1=2024&ind=1&team=27&rost=0&age=0"">PIT</a>",178,4.247191011235955,4.076592137840357,4.078713848132097,0.15006468,39.3,0.331
656629,NA,NA,113.29822956877445,NA,111.77038208661739,117.13906933301251,NA,NA,113.49865119713651,Michael Kopech,- - -,67.2,3.458128501212496,4.02362274012879,3.8140153986112293,0.19354839,40.8,0.277
656638,102.60221177706278,NA,97.63869502541948,97.0217882231041,NA,NA,NA,104.75600030367558,101.68453327455916,Alex Lange,"<a href=""leaders.aspx?pos=all&stats=pit&lg=all&qual=0&type=strType&season=2024&month=0&season1=2024&ind=1&team=6&rost=0&age=0"">DET</a>",18.2,4.339286748852295,3.9700513984476276,5.185058443127595,0.04444445,52,0.327
656641,99.67897915895819,102.11723315360763,105.5385432171345,NA,105.75489758442735,NA,NA,NA,104.170736927943,Jacob Latz,"<a href=""leaders.aspx?pos=all&stats=pit&lg=all&qual=0&type=strType&season=2024&month=0&season1=2024&ind=1&team=13&rost=0&age=0"">TEX</a>",43.2,3.709924852478184,5.044342975223197,5.197147697797357,0.06770833,40.3,0.318
656647,NA,105.31342322109884,97.85991531283065,NA,NA,100.50271974094532,NA,NA,100.24948602068767,NA,NA,NA,NA,NA,NA,NA,NA,NA
656657,83.47462558197975,100.10900666371806,87.8498848191009,88.66595942143977,NA,92.93882829097485,NA,NA,89.12051908867778,Zach Logue,"<a href=""leaders.aspx?pos=all&stats=pit&lg=all&qual=0&type=strType&season=2024&month=0&season1=2024&ind=1&team=22&rost=0&age=0"">LAD</a>",2,18,5.666479778289795,0.6784881845116617,0.33333333,62.5,0.569
656671,94.05718519558086,NA,93.39710064033875,93.68889330345,91.45614270012645,NA,NA,NA,93.56423233392803,Josh Maciejewski,"<a href=""leaders.aspx?pos=all&stats=pit&lg=all&qual=0&type=strType&season=2024&month=0&season1=2024&ind=1&team=9&rost=0&age=0"">NYY</a>",7,2.5714285714285716,3.8807654925755095,2.887627438988005,0.18518519,38.9,0.239
656701,80.56556041190584,96.87691600007123,92.70541303006442,NA,103.15614248087327,NA,NA,NA,96.80133043976251,NA,NA,NA,NA,NA,NA,NA,NA,NA
656726,NA,NA,88.7209460428207,NA,108.49562472207131,NA,108.86498397366702,NA,100.68917384081787,NA,NA,NA,NA,NA,NA,NA,NA,NA
656730,NA,NA,107.46259961072433,128.51686768560796,NA,NA,NA,124.74957714081327,112.49105260981719,Trevor Megill,"<a href=""leaders.aspx?pos=all&stats=pit&lg=all&qual=0&type=strType&season=2024&month=0&season1=2024&ind=1&team=23&rost=0&age=0"">MIL</a>",46.1,2.7194247589577607,3.1017315697431815,3.8721594434007445,0.19672131,42.4,0.239
656731,101.74389190565394,105.33150407127802,101.41076207515287,100.06774846527162,102.60687995831209,99.24148411456106,102.92375836973886,NA,101.91471882611388,Tylor Megill,"<a href=""leaders.aspx?pos=all&stats=pit&lg=all&qual=0&type=strType&season=2024&month=0&season1=2024&ind=1&team=25&rost=0&age=0"">NYM</a>",78,4.038461538461538,3.5510951629051797,3.7879244052637846,0.17507418,42.6,0.304
656756,98.06628444408103,103.39256356920045,91.20444599610326,94.4056828707756,107.11340368643255,NA,NA,NA,97.26888035062356,Jordan Montgomery,"<a href=""leaders.aspx?pos=all&stats=pit&lg=all&qual=0&type=strType&season=2024&month=0&season1=2024&ind=1&team=15&rost=0&age=0"">ARI</a>",117,6.230769281556621,4.4827191052578605,4.671788635345576,0.07330827,41,0.37
656786,NA,110.79313981309622,90.49862435921895,89.41902532090769,NA,109.76881722506923,108.02791253069647,NA,104.419385437716,Parker Mushinski,"<a href=""leaders.aspx?pos=all&stats=pit&lg=all&qual=0&type=strType&season=2024&month=0&season1=2024&ind=1&team=21&rost=0&age=0"">HOU</a>",11,6.545455680405995,5.439207445097432,6.1817637272265085,-0.04,31.7,0.323
656793,97.19648111293333,NA,93.64229991716837,90.4375007210853,102.89732981981427,NA,NA,NA,95.24750905283756,Nick Nelson,"<a href=""leaders.aspx?pos=all&stats=pit&lg=all&qual=0&type=strType&season=2024&month=0&season1=2024&ind=1&team=26&rost=0&age=0"">PHI</a>",5.1,5.062500301748532,1.8539797000586942,3.8384908515109766,0.23076923,33.3,0.379
656794,103.02586302494984,103.86917585366815,95.79493234389196,100.44363269653914,NA,NA,NA,NA,100.35626428770269,Sean Newcomb,"<a href=""leaders.aspx?pos=all&stats=pit&lg=all&qual=0&type=strType&season=2024&month=0&season1=2024&ind=1&team=10&rost=0&age=0"">OAK</a>",10,6.300000600814877,7.066480150222814,5.978488452685706,-0.02222222,44.8,0.376
656814,99.68214277190934,99.06897703614683,87.52191957642252,91.63984102795507,103.81650869444408,NA,107.5643005373982,NA,99.63436182189227,Luis F. Ortiz,"<a href=""leaders.aspx?pos=all&stats=pit&lg=all&qual=0&type=strType&season=2024&month=0&season1=2024&ind=1&team=26&rost=0&age=0"">PHI</a>",0.2,27.000028163224034,3.1664797782897955,3.1664797782897955,0,NA,NA
656848,92.20997151338658,NA,100.30679484353315,93.55231821436396,101.74676850521048,108.64413789778867,NA,NA,102.43149165313716,Michael Petersen,- - -,19.2,5.949153311668436,5.556310595797628,6.033476877794053,0.03333333,37.5,0.358
656849,96.14886765082483,99.40755265847766,89.64003875549275,92.63047529579609,101.6216352522091,NA,NA,NA,94.43778411919966,David Peterson,"<a href=""leaders.aspx?pos=all&stats=pit&lg=all&qual=0&type=strType&season=2024&month=0&season1=2024&ind=1&team=25&rost=0&age=0"">NYM</a>",121,2.9008264462809916,3.6706120096947537,4.098189413338161,0.10784314,42.7,0.299
656876,NA,NA,110.35600797457884,104.57668469502494,NA,114.23885684031633,110.9579729336987,NA,109.72406080640172,Drew Rasmussen,"<a href=""leaders.aspx?pos=all&stats=pit&lg=all&qual=0&type=strType&season=2024&month=0&season1=2024&ind=1&team=12&rost=0&age=0"">TBR</a>",28.2,2.8255816460171763,1.3525261289948178,2.5656492602123038,0.25,36,0.242
656887,111.40551997909013,NA,100.93709785605652,NA,101.82884276190967,NA,NA,NA,103.018366015416,Sean Reid-Foley,"<a href=""leaders.aspx?pos=all&stats=pit&lg=all&qual=0&type=strType&season=2024&month=0&season1=2024&ind=1&team=25&rost=0&age=0"">NYM</a>",21.2,1.66153880282979,2.7972489332165082,3.70445416329573,0.12222222,39.2,0.243
656896,76.53494456935847,NA,NA,NA,NA,NA,NA,NA,56.37848913132914,Emmanuel Rivera,"<a href=""leaders.aspx?pos=all&stats=pit&lg=all&qual=0&type=strType&season=2024&month=0&season1=2024&ind=1&team=20&rost=0&age=0"">MIA</a>",4,9,7.166479778289795,7.318498692288995,0,47.4,0.403
656924,81.06450060676835,NA,90.78763785785402,100.33936125719457,100.54169148774649,NA,NA,NA,99.02143940437354,Ryder Ryan,"<a href=""leaders.aspx?pos=all&stats=pit&lg=all&qual=0&type=strType&season=2024&month=0&season1=2024&ind=1&team=27&rost=0&age=0"">PIT</a>",20.2,5.661291019229399,4.521318654686575,5.384943460012974,0.08602151,44.4,0.346
656945,NA,NA,110.21233138190622,117.45844114946019,111.88402057965342,NA,NA,NA,110.87527680848105,Tanner Scott,- - -,72,1.7500001390775155,2.9164797584215782,3.3828187329641146,0.16326531,27.5,0.241
656970,92.76763929857457,NA,NA,88.77137317278849,NA,NA,97.93226708731228,NA,95.7732776584625,NA,NA,NA,NA,NA,NA,NA,NA,NA
656986,NA,NA,87.34420172661846,NA,107.3073574009168,NA,NA,NA,98.23319573078119,NA,NA,NA,NA,NA,NA,NA,NA,NA
657006,93.17819980524207,101.95753296657499,98.7207642823412,91.3769886206315,107.77710507922427,NA,NA,NA,100.8928958838424,Justin Steele,"<a href=""leaders.aspx?pos=all&stats=pit&lg=all&qual=0&type=strType&season=2024&month=0&season1=2024&ind=1&team=17&rost=0&age=0"">CHC</a>",134.2,3.07425765796757,3.2333114665064815,3.6243300113302235,0.17657658,33.2,0.271
657024,NA,NA,95.17932909021063,NA,103.17331946958905,NA,NA,NA,101.09061298912384,Erik Swanson,"<a href=""leaders.aspx?pos=all&stats=pit&lg=all&qual=0&type=strType&season=2024&month=0&season1=2024&ind=1&team=14&rost=0&age=0"">TOR</a>",39.1,5.033898956027138,6.064785237820572,4.005268310189684,0.13690476,50,0.349
657044,NA,NA,105.22710574909948,102.83657760799805,107.00121037567658,NA,NA,NA,104.18187887025591,Ryan Thompson,"<a href=""leaders.aspx?pos=all&stats=pit&lg=all&qual=0&type=strType&season=2024&month=0&season1=2024&ind=1&team=15&rost=0&age=0"">ARI</a>",66.1,3.256282031242722,3.302158196258242,3.347993053486448,0.13602941,44.6,0.29
657053,NA,102.98881617977683,89.54167874105518,91.6823883163565,87.13731691349102,NA,NA,NA,93.73707668245746,Touki Toussaint,"<a href=""leaders.aspx?pos=all&stats=pit&lg=all&qual=0&type=strType&season=2024&month=0&season1=2024&ind=1&team=4&rost=0&age=0"">CHW</a>",23,7.434783841802156,5.079523573841227,4.501442734735502,0.06837607,38.9,0.437
657097,103.10059096366645,NA,102.52472113356714,NA,NA,NA,100.00274447721995,NA,101.95338544371432,Jacob Webb,"<a href=""leaders.aspx?pos=all&stats=pit&lg=all&qual=0&type=strType&season=2024&month=0&season1=2024&ind=1&team=2&rost=0&age=0"">BAL</a>",56.2,3.0176478036796532,3.5194210418780587,4.309454260382244,0.13080169,34.4,0.266
657193,53.28620628002548,81.04139604857734,NA,NA,54.715032798531354,NA,NA,NA,60.57052793031029,Eddy Alvarez,"<a href=""leaders.aspx?pos=all&stats=pit&lg=all&qual=0&type=strType&season=2024&month=0&season1=2024&ind=1&team=25&rost=0&age=0"">NYM</a>",1,0,4.166479778289795,5.678488184511662,0.2,NA,NA
657240,90.96672997867844,NA,98.23166644048557,NA,102.12679354148537,NA,99.64253260735646,NA,99.06521962342792,Julian Merryweather,"<a href=""leaders.aspx?pos=all&stats=pit&lg=all&qual=0&type=strType&season=2024&month=0&season1=2024&ind=1&team=17&rost=0&age=0"">CHC</a>",15,6.6000008392335054,3.6998131794399773,5.413422924388174,0.06756757,53.2,0.377
657265,99.71304349998013,NA,96.89558342023935,95.18239384675336,NA,96.32129800880104,111.63567251774865,NA,99.74733178965386,Peter Strzelecki,"<a href=""leaders.aspx?pos=all&stats=pit&lg=all&qual=0&type=strType&season=2024&month=0&season1=2024&ind=1&team=5&rost=0&age=0"">CLE</a>",11.2,2.314286218760075,3.766479909079444,3.9482014397389085,0.12765957,38.2,0.314
657277,109.402207414764,NA,87.71023208499884,95.7762620869283,NA,93.77972673413468,113.48100615361813,NA,103.13430807353338,Logan Webb,"<a href=""leaders.aspx?pos=all&stats=pit&lg=all&qual=0&type=strType&season=2024&month=0&season1=2024&ind=1&team=30&rost=0&age=0"">SFG</a>",204.2,3.473941540743131,2.9466100605212424,3.28218585995796,0.1450654,46.2,0.288
657376,93.60384239873557,NA,98.66142724072594,93.15959087937702,NA,105.7111022661475,111.67817386192,115.75646437854178,106.1934324797933,Clarke Schmidt,"<a href=""leaders.aspx?pos=all&stats=pit&lg=all&qual=0&type=strType&season=2024&month=0&season1=2024&ind=1&team=9&rost=0&age=0"">NYY</a>",85.1,2.8476564197335494,3.576636052737014,3.9171447419492136,0.17847026,38,0.296
657508,100.82317867007026,NA,103.73196637888579,90.21914770947448,101.5161117039714,NA,NA,114.60893594625618,106.66992088342828,Mike Baumann,- - -,58.1,5.554286749088714,4.82933723094907,4.689873294931226,0.11363636,43.7,0.344
657514,NA,101.92327732961645,NA,91.11619358188617,101.2841265664021,97.6064818692572,NA,NA,96.38655940951938,Brennan Bernardino,"<a href=""leaders.aspx?pos=all&stats=pit&lg=all&qual=0&type=strType&season=2024&month=0&season1=2024&ind=1&team=3&rost=0&age=0"">BOS</a>",51,4.058824895575432,4.146872265143764,3.981232732649937,0.15044248,36.9,0.322
657571,NA,NA,94.27109563276744,96.09617960238356,NA,99.11086834302516,111.32230594508951,NA,98.02435283602195,Caleb Ferguson,- - -,54.1,4.638038220891119,3.7370320991137027,3.553726122117466,0.1686747,37.3,0.322
657585,NA,NA,105.61860763742703,100.42250338320197,NA,103.72155465136728,107.67322456885329,NA,102.23339878472135,Reed Garrett,"<a href=""leaders.aspx?pos=all&stats=pit&lg=all&qual=0&type=strType&season=2024&month=0&season1=2024&ind=1&team=25&rost=0&age=0"">NYM</a>",57.1,3.7674424453579465,3.3060146836734225,3.1586725681162053,0.2145749,37.1,0.31
657612,NA,NA,95.15348087922625,99.8406978273517,92.40349735985106,NA,NA,NA,98.26991947461937,Tim Hill,- - -,67,3.358209624431877,3.5694649332216204,4.016395037659975,0.04123711,40.8,0.3
657624,95.30846904318548,NA,87.75493630559085,NA,101.47410546465248,91.99341330581197,NA,NA,92.7359119529752,NA,NA,NA,NA,NA,NA,NA,NA,NA
657649,91.75452310073369,99.76075847351338,105.39438295444667,98.52594483259823,NA,98.57768780944018,NA,NA,98.49493524840356,Jared Koenig,"<a href=""leaders.aspx?pos=all&stats=pit&lg=all&qual=0&type=strType&season=2024&month=0&season1=2024&ind=1&team=23&rost=0&age=0"">MIL</a>",62,2.4677423150681395,3.2793830214628477,3.9526818538311344,0.1509434,35.6,0.273
657697,96.52291412612912,108.26527040128911,NA,92.70425560511111,NA,107.49710468450377,108.22025215572914,NA,107.29992281662791,Vinny Nittoli,- - -,12,1.500000119209299,3.4164797981580115,4.601159168307335,0.13043478,41.7,0.263
657746,NA,NA,103.83178330487038,93.72250331782365,102.82904004444242,NA,105.53261535160713,NA,102.9047407398419,Joe Ryan,"<a href=""leaders.aspx?pos=all&stats=pit&lg=all&qual=0&type=strType&season=2024&month=0&season1=2024&ind=1&team=8&rost=0&age=0"">MIN</a>",135,3.6,3.4405538523638692,3.4365343724687896,0.23048327,36.6,0.282
658648,94.25675378045847,99.24665130761828,91.59099051822345,88.7607818285157,100.80404129580604,NA,102.29481512411881,NA,94.02641550711486,Pedro Avila,- - -,82.2,3.810484339865942,3.8922863192166415,4.02429406376157,0.13031162,41.6,0.304
659275,79.38609886738064,NA,85.9849458786036,89.24866406721496,101.10849001573342,NA,NA,NA,92.4816383423003,Dinelson Lamet,"<a href=""leaders.aspx?pos=all&stats=pit&lg=all&qual=0&type=strType&season=2024&month=0&season1=2024&ind=1&team=22&rost=0&age=0"">LAD</a>",4.1,2.076923229285257,6.1664799983685,5.95788011762915,0.05555556,30.8,0.213
660261,NA,NA,91.74981841838542,NA,NA,101.1235582610045,NA,NA,95.88736059168383,NA,NA,NA,NA,NA,NA,NA,NA,NA
660600,NA,NA,108.1629669767308,90.4809975597807,102.21012577603338,NA,NA,NA,102.15151208741169,Enoli Paredes,- - -,21.2,1.66153880282979,3.3510952008264385,4.816580572492873,0.06896552,32.2,0.245
660761,95.16805338718837,99.7648952974543,98.81587656703994,91.74850586982379,104.07784891633113,97.15461494166611,102.82175954623722,NA,98.519103042935,José Suarez,"<a href=""leaders.aspx?pos=all&stats=pit&lg=all&qual=0&type=strType&season=2024&month=0&season1=2024&ind=1&team=1&rost=0&age=0"">LAA</a>",52.1,6.019109084623786,4.542276140489518,4.421367922072436,0.12083333,47.7,0.371
660787,93.05123389880858,NA,93.94232001771704,94.90268831538822,100.09532431346236,NA,NA,NA,96.35539910375172,NA,NA,NA,NA,NA,NA,NA,NA,NA
660813,94.41617870301953,NA,91.05231427485592,110.66028022665597,112.7812758779719,89.47756851080055,NA,NA,106.67294146744253,Brusdar Graterol,"<a href=""leaders.aspx?pos=all&stats=pit&lg=all&qual=0&type=strType&season=2024&month=0&season1=2024&ind=1&team=22&rost=0&age=0"">LAD</a>",7.1,2.454545560947139,2.0755706400910663,3.1064855072040225,0.18518519,27.8,0.128
660825,NA,NA,91.91881808519913,96.21212010460829,106.10731052619352,NA,NA,NA,99.23256542052643,Eduard Bazardo,"<a href=""leaders.aspx?pos=all&stats=pit&lg=all&qual=0&type=strType&season=2024&month=0&season1=2024&ind=1&team=11&rost=0&age=0"">SEA</a>",27.2,4.8795185208165295,2.6966002170259813,2.959161142493741,0.22222222,33.3,0.255
660853,94.74672794011207,NA,91.1930657464887,101.94034377284767,99.49361650891615,NA,NA,NA,94.98171079113693,Enyel De Los Santos,- - -,64,5.203126162989325,5.963355403440213,4.565616518229076,0.14748201,42.3,0.377
660896,105.25744249589837,NA,105.48123480763716,96.56210045740895,116.9432667118089,NA,NA,NA,109.30267902709934,Jorge Alcala,"<a href=""leaders.aspx?pos=all&stats=pit&lg=all&qual=0&type=strType&season=2024&month=0&season1=2024&ind=1&team=8&rost=0&age=0"">MIN</a>",58.1,3.2400004943848413,4.143622784532843,4.3825369184506275,0.16170213,32.7,0.273
661269,92.527192674246,97.50390264226293,90.70041464791302,NA,102.0880505003341,NA,NA,NA,94.61592085176748,Vladimir Gutierrez,"<a href=""leaders.aspx?pos=all&stats=pit&lg=all&qual=0&type=strType&season=2024&month=0&season1=2024&ind=1&team=20&rost=0&age=0"">MIA</a>",4,6.75,5.916479778289795,4.934492387622595,0.11764706,18.2,0.305
661395,NA,NA,103.05877400910087,NA,NA,NA,110.14862112211041,110.77728192505934,104.27328545771493,Jhoan Duran,"<a href=""leaders.aspx?pos=all&stats=pit&lg=all&qual=0&type=strType&season=2024&month=0&season1=2024&ind=1&team=8&rost=0&age=0"">MIN</a>",54.1,3.644172120280084,2.8535963134172624,2.7035639763129105,0.22368421,36.2,0.292
661403,NA,NA,NA,101.507904711215,123.79274605493983,114.80962590764655,NA,NA,116.38334092625752,Emmanuel Clase,"<a href=""leaders.aspx?pos=all&stats=pit&lg=all&qual=0&type=strType&season=2024&month=0&season1=2024&ind=1&team=5&rost=0&age=0"">CLE</a>",74.1,0.605381145207661,2.2247757746334336,2.810682301936149,0.20740741,29.7,0.175
661527,98.49569444596312,NA,96.3438297908141,96.71650879222402,NA,NA,107.9813353588765,NA,100.40358513341292,Seth Martinez,"<a href=""leaders.aspx?pos=all&stats=pit&lg=all&qual=0&type=strType&season=2024&month=0&season1=2024&ind=1&team=21&rost=0&age=0"">HOU</a>",52.2,3.588608028147254,4.780404023752846,4.947351287146491,0.08108108,40.2,0.323
661536,NA,NA,96.98642248016257,99.0446777115732,NA,114.18372394554412,NA,NA,104.63605941467019,NA,NA,NA,NA,NA,NA,NA,NA,NA
661563,101.82163851587761,NA,110.34072537989881,114.72202113163897,107.28265540480038,NA,NA,NA,107.41002186481201,Luis Gil,"<a href=""leaders.aspx?pos=all&stats=pit&lg=all&qual=0&type=strType&season=2024&month=0&season1=2024&ind=1&team=9&rost=0&age=0"">NYY</a>",151.2,3.501099135923223,4.1357106125284275,4.357417141033389,0.14756672,37.4,0.288
662253,NA,NA,99.53981191990911,97.47705004436948,108.27605298498352,NA,NA,NA,103.11831483793824,Andrés Muñoz,"<a href=""leaders.aspx?pos=all&stats=pit&lg=all&qual=0&type=strType&season=2024&month=0&season1=2024&ind=1&team=11&rost=0&age=0"">SEA</a>",59.1,2.1235958241917205,3.3518730645287547,2.9801479137674898,0.21982759,33.3,0.233
663158,116.29952931165302,NA,107.85645752208838,102.88561797072856,NA,111.24718973491893,NA,NA,107.97545505019102,Robert Suarez,"<a href=""leaders.aspx?pos=all&stats=pit&lg=all&qual=0&type=strType&season=2024&month=0&season1=2024&ind=1&team=29&rost=0&age=0"">SDP</a>",65,2.769231094270101,3.4895567392879734,3.8109201933222305,0.16666667,40.4,0.262
663321,NA,NA,105.79500431618833,NA,97.85374450383267,NA,NA,NA,100.45177838550224,Nick Hernandez,"<a href=""leaders.aspx?pos=all&stats=pit&lg=all&qual=0&type=strType&season=2024&month=0&season1=2024&ind=1&team=21&rost=0&age=0"">HOU</a>",8,7.875000938773267,7.541480299830499,2.7424891847457777,0.26470588,30.4,0.417
663362,NA,NA,87.59449604306263,91.24422680176107,NA,91.3483130843913,98.22019643205145,NA,93.52692780449858,Matt Waldron,"<a href=""leaders.aspx?pos=all&stats=pit&lg=all&qual=0&type=strType&season=2024&month=0&season1=2024&ind=1&team=29&rost=0&age=0"">SDP</a>",146.2,4.909091249576308,4.257388944862308,4.323836031040198,0.1488,35,0.323
663372,92.80735901620025,99.41473439756449,94.14547143006202,90.34587832015501,103.17174523153436,NA,103.48031530762633,NA,96.2884231973336,Ryan Feltner,"<a href=""leaders.aspx?pos=all&stats=pit&lg=all&qual=0&type=strType&season=2024&month=0&season1=2024&ind=1&team=19&rost=0&age=0"">COL</a>",162.1,4.490759894298887,4.158266257003266,4.1679836347803185,0.12427746,36.8,0.32
663423,97.44221171305404,111.27966406514214,107.53029545712766,92.48090502274145,104.20908176247741,101.10522358013218,106.47420996668748,NA,105.01825590247024,Trent Thornton,"<a href=""leaders.aspx?pos=all&stats=pit&lg=all&qual=0&type=strType&season=2024&month=0&season1=2024&ind=1&team=11&rost=0&age=0"">SEA</a>",72.1,3.608295565186877,3.470627297194436,3.5587832618279474,0.19727891,37.3,0.302
663432,92.44277127113094,NA,103.74653238111428,NA,101.95773756041041,NA,NA,NA,103.11749262134543,Tanner Rainey,"<a href=""leaders.aspx?pos=all&stats=pit&lg=all&qual=0&type=strType&season=2024&month=0&season1=2024&ind=1&team=24&rost=0&age=0"">WSN</a>",51,4.764706238743369,5.4213819077362455,5.902180267794263,0.06493507,42.9,0.335
663436,111.25091677986505,97.31415118561745,96.68050519021644,NA,102.7713316845605,96.6202969502725,NA,NA,101.11162096601778,Davis Martin,"<a href=""leaders.aspx?pos=all&stats=pit&lg=all&qual=0&type=strType&season=2024&month=0&season1=2024&ind=1&team=4&rost=0&age=0"">CHW</a>",50,4.320000164794928,4.266479820251467,4.569208742394838,0.10909091,37.9,0.324
663460,98.8858746377109,NA,102.82850119953913,90.38216591074773,107.72079845030757,NA,106.1659331552882,NA,103.1266842480006,Kris Bubic,"<a href=""leaders.aspx?pos=all&stats=pit&lg=all&qual=0&type=strType&season=2024&month=0&season1=2024&ind=1&team=7&rost=0&age=0"">KCR</a>",30.1,2.6703299501785813,1.9466994306773566,2.036638771472684,0.28099174,28.6,0.252
663462,NA,NA,98.48389000900842,96.57649793750569,107.08535977301378,NA,110.05811860602815,NA,106.16419259421517,Isaiah Campbell,"<a href=""leaders.aspx?pos=all&stats=pit&lg=all&qual=0&type=strType&season=2024&month=0&season1=2024&ind=1&team=3&rost=0&age=0"">BOS</a>",6.2,16.20000154495254,8.116480250358627,3.627287387835514,0.10810811,48.3,0.496
663465,90.1199716799882,90.02993417135491,92.49074677697945,89.97676023047686,NA,94.9717809542658,NA,NA,91.96264657411163,Kolby Allard,"<a href=""leaders.aspx?pos=all&stats=pit&lg=all&qual=0&type=strType&season=2024&month=0&season1=2024&ind=1&team=26&rost=0&age=0"">PHI</a>",27,5,4.759072370882388,4.3116758604292515,0.12820513,40.7,0.378
663474,NA,97.67363696921802,99.9145539546329,NA,99.45453312880498,NA,NA,NA,99.23924939320294,Triston McKenzie,"<a href=""leaders.aspx?pos=all&stats=pit&lg=all&qual=0&type=strType&season=2024&month=0&season1=2024&ind=1&team=5&rost=0&age=0"">CLE</a>",75.2,5.1145376168318295,6.457228787569189,5.410967956245599,0.07352941,41.9,0.359
663485,NA,96.5772578455046,92.84826402636102,95.72591444776195,NA,98.70099446474478,NA,NA,95.93749315423615,Cole Sands,"<a href=""leaders.aspx?pos=all&stats=pit&lg=all&qual=0&type=strType&season=2024&month=0&season1=2024&ind=1&team=8&rost=0&age=0"">MIN</a>",71.1,3.2803744165250146,2.633769402956673,3.257218311809954,0.25,37,0.259
663500,NA,NA,102.09062483689686,NA,100.6886563310444,92.08727043247757,100.38091849957785,NA,100.53805285311326,NA,NA,NA,NA,NA,NA,NA,NA,NA
663531,NA,97.83841806279591,90.81355371465351,91.72419314376495,NA,94.96469092069184,101.74409804062729,NA,94.81144679758508,Logan Allen,"<a href=""leaders.aspx?pos=all&stats=pit&lg=all&qual=0&type=strType&season=2024&month=0&season1=2024&ind=1&team=15&rost=0&age=0"">ARI</a>",28,5.464286458735665,4.34505136742886,4.572203262184993,0.0859375,40,0.33
663542,NA,NA,94.34729562064277,NA,NA,92.3761172302268,97.86302573425088,NA,94.68487955635322,Bryan Hudson,"<a href=""leaders.aspx?pos=all&stats=pit&lg=all&qual=0&type=strType&season=2024&month=0&season1=2024&ind=1&team=23&rost=0&age=0"">MIL</a>",62.1,1.7326204622336372,3.5996348938482043,3.5951510064231633,0.1948052,36.5,0.218
663546,NA,NA,NA,96.76584883682779,NA,87.93826287794165,NA,102.91958583449377,97.87180183501623,Sean Hjelle,"<a href=""leaders.aspx?pos=all&stats=pit&lg=all&qual=0&type=strType&season=2024&month=0&season1=2024&ind=1&team=30&rost=0&age=0"">SFG</a>",80.2,3.9049591701235395,3.625157522082084,3.007014206896298,0.1810089,37.4,0.306
663554,NA,NA,100.09057345923611,93.52244807677377,101.46980044968532,102.02435827365872,NA,101.7335812224202,100.68250262229293,Casey Mize,"<a href=""leaders.aspx?pos=all&stats=pit&lg=all&qual=0&type=strType&season=2024&month=0&season1=2024&ind=1&team=6&rost=0&age=0"">DET</a>",102.1,4.485342033477379,3.9482387383729987,4.043152572821671,0.10840708,44.6,0.335
663559,NA,92.77441836018845,95.90011444504175,88.73365993647269,94.46187280919523,NA,NA,NA,93.81399838366399,Bailey Falter,"<a href=""leaders.aspx?pos=all&stats=pit&lg=all&qual=0&type=strType&season=2024&month=0&season1=2024&ind=1&team=27&rost=0&age=0"">PIT</a>",142.1,4.426229666367458,4.3046531210699985,4.706593744881703,0.08828523,41.3,0.32
663562,91.03049066149433,96.90841419804684,90.11724449368319,90.17988249412657,NA,96.60797250182506,97.3992308614856,NA,93.26189316951105,Noah Davis,"<a href=""leaders.aspx?pos=all&stats=pit&lg=all&qual=0&type=strType&season=2024&month=0&season1=2024&ind=1&team=19&rost=0&age=0"">COL</a>",20.1,5.7540987204941745,4.641889706621634,4.80596686643379,0.08333333,33.8,0.399
663567,98.13685562985437,94.20815073822254,92.82909537719686,89.31008730708498,102.76897428344023,100.0921723022172,NA,NA,97.10659168948992,Peter Lambert,"<a href=""leaders.aspx?pos=all&stats=pit&lg=all&qual=0&type=strType&season=2024&month=0&season1=2024&ind=1&team=19&rost=0&age=0"">COL</a>",61.1,5.722826472555783,4.536045087961265,4.679401969533193,0.075,36.9,0.362
663568,100.85673024901574,NA,95.4663917234073,94.50637472288652,106.18108754591543,98.7402036731973,107.44620959884607,NA,98.30013639318871,Stephen Kolek,"<a href=""leaders.aspx?pos=all&stats=pit&lg=all&qual=0&type=strType&season=2024&month=0&season1=2024&ind=1&team=29&rost=0&age=0"">SDP</a>",46.2,5.207143566559869,3.573622690901472,3.463742545778873,0.12796209,41,0.336
663574,88.88247444473737,NA,98.89610102452109,NA,106.54713775317103,NA,NA,NA,101.7261160213958,Tony Santillan,"<a href=""leaders.aspx?pos=all&stats=pit&lg=all&qual=0&type=strType&season=2024&month=0&season1=2024&ind=1&team=18&rost=0&age=0"">CIN</a>",30,3.000000572204699,2.733146362304672,2.5118213929788173,0.30327869,40.3,0.25
663623,98.79656463548439,100.5880448372146,96.02835196060757,98.31183088621972,105.69252411521629,95.8511126121541,NA,NA,98.00746597919296,Jake Irvin,"<a href=""leaders.aspx?pos=all&stats=pit&lg=all&qual=0&type=strType&season=2024&month=0&season1=2024&ind=1&team=24&rost=0&age=0"">WSN</a>",187.2,4.412078391911096,4.4080429006512505,4.034709167073764,0.13524057,39.1,0.314
663671,92.17593031394654,91.85470447689804,99.8644515493513,NA,101.7037051383684,NA,NA,NA,98.4785500774672,NA,NA,NA,NA,NA,NA,NA,NA,NA
663687,103.76721705607434,105.17240389221048,97.53450429556003,100.11942795388458,NA,85.08212013533326,97.37957504903808,NA,99.64355961198457,Hogan Harris,"<a href=""leaders.aspx?pos=all&stats=pit&lg=all&qual=0&type=strType&season=2024&month=0&season1=2024&ind=1&team=10&rost=0&age=0"">OAK</a>",72.1,2.8617513533035033,4.2309959821756395,4.68700554387487,0.09180328,39.4,0.32
663704,NA,110.07318804309338,95.01535192418127,99.26482573812899,102.2869456483093,NA,NA,NA,103.00123805744195,James McArthur,"<a href=""leaders.aspx?pos=all&stats=pit&lg=all&qual=0&type=strType&season=2024&month=0&season1=2024&ind=1&team=7&rost=0&age=0"">KCR</a>",56.2,4.923529964169891,4.172362244087945,3.6178281259647087,0.14170041,40.3,0.344
663738,102.275667772191,NA,89.48205413076316,95.37173139484968,101.07645587971693,89.54087539540585,NA,100.43365697147031,96.50564071649724,Daniel Lynch IV,"<a href=""leaders.aspx?pos=all&stats=pit&lg=all&qual=0&type=strType&season=2024&month=0&season1=2024&ind=1&team=7&rost=0&age=0"">KCR</a>",43.1,3.323077166856411,4.412633715860949,4.3223662916590815,0.14367816,47.9,0.274
663752,97.44773473620121,97.21234667065993,93.95963916775688,NA,NA,102.55260835490611,NA,NA,97.4609431766749,NA,NA,NA,NA,NA,NA,NA,NA,NA
663765,88.24722510134328,NA,89.78708498049906,92.20318912801308,NA,94.03093186750796,98.06382184927537,NA,93.98953533938082,Jake Woodford,- - -,35,7.971428788632768,4.937908397985966,4.78294849372506,0.10179641,39.5,0.379
663767,93.7616380503557,NA,92.41844030705948,98.44558661995922,NA,103.18338649882377,107.55277617584284,NA,100.42614295494668,Chase Shugart,"<a href=""leaders.aspx?pos=all&stats=pit&lg=all&qual=0&type=strType&season=2024&month=0&season1=2024&ind=1&team=3&rost=0&age=0"">BOS</a>",8.2,4.153846915657138,3.8587875975659847,4.801262888157938,0.13888889,32,0.296
663773,NA,NA,86.85197398249913,96.61948614028253,98.52406415714907,NA,NA,NA,97.56674426410272,Bryan Hoeing,- - -,53.2,2.180124559362415,3.3155481242291054,3.5017409104529493,0.13809524,45.8,0.259
663776,99.28373495877626,105.27548542889981,89.94411168530745,89.2031931374192,111.946652859756,NA,114.63053626555214,NA,100.23346885875304,Patrick Sandoval,"<a href=""leaders.aspx?pos=all&stats=pit&lg=all&qual=0&type=strType&season=2024&month=0&season1=2024&ind=1&team=1&rost=0&age=0"">LAA</a>",79.2,5.08368217065028,3.8694086710216857,4.044345777258426,0.13031162,36.3,0.329
663795,95.74168594156096,NA,NA,96.0076636459734,97.77540795088557,99.33843783088835,NA,NA,97.93679401011676,NA,NA,NA,NA,NA,NA,NA,NA,NA
663855,NA,NA,89.25201213348772,94.1546033117664,NA,NA,99.48705915614575,NA,96.25304433400531,Jordan Hicks,"<a href=""leaders.aspx?pos=all&stats=pit&lg=all&qual=0&type=strType&season=2024&month=0&season1=2024&ind=1&team=30&rost=0&age=0"">SFG</a>",109.2,4.103343595883852,4.370127233082393,4.340153211109096,0.1018711,42.2,0.336
663878,NA,110.96755632530514,105.99778840225031,96.26509099044826,110.79129060337388,NA,NA,NA,108.24790442946095,Nate Pearson,- - -,66.1,4.477387664215915,4.372510125553341,3.7075143698689983,0.18596491,45.5,0.333
663893,NA,NA,NA,97.4523769901675,NA,94.56158360269242,NA,105.09240698391,99.36885049125466,Brendon Little,"<a href=""leaders.aspx?pos=all&stats=pit&lg=all&qual=0&type=strType&season=2024&month=0&season1=2024&ind=1&team=14&rost=0&age=0"">TOR</a>",45.2,3.7445263815611414,4.896407170940849,3.565899607214159,0.0880829,38,0.309
663903,88.5230790495677,NA,92.4571753036411,94.03205451822971,100.07040206675657,113.64805609862677,103.00259217483097,NA,96.58786872377026,Brady Singer,"<a href=""leaders.aspx?pos=all&stats=pit&lg=all&qual=0&type=strType&season=2024&month=0&season1=2024&ind=1&team=7&rost=0&age=0"">KCR</a>",179.2,3.7068647738859655,3.9345688755814816,3.6219080661112044,0.15223097,41.7,0.316
663941,NA,101.73511803170327,97.51996680724456,NA,101.62553375714256,NA,105.3865548943948,NA,100.05709300893007,Tristan Beck,"<a href=""leaders.aspx?pos=all&stats=pit&lg=all&qual=0&type=strType&season=2024&month=0&season1=2024&ind=1&team=30&rost=0&age=0"">SFG</a>",16,1.687500100582844,3.9789798267185716,4.810993536420987,0.14925373,31.3,0.293
663947,94.73501941532689,108.0606127771212,94.8575885906478,93.64755700439858,NA,101.60165149982545,104.30770962363177,NA,98.11405349874207,Tyler Holton,"<a href=""leaders.aspx?pos=all&stats=pit&lg=all&qual=0&type=strType&season=2024&month=0&season1=2024&ind=1&team=6&rost=0&age=0"">DET</a>",94.1,2.194346629907537,3.166479778289795,3.676424451392295,0.16949153,32.8,0.221
663969,NA,99.86510369198882,89.70289053847185,90.54467508087404,NA,NA,102.11360305884487,NA,95.10281916230768,Tyler Phillips,"<a href=""leaders.aspx?pos=all&stats=pit&lg=all&qual=0&type=strType&season=2024&month=0&season1=2024&ind=1&team=26&rost=0&age=0"">PHI</a>",36.2,6.872727749406832,5.566479944749323,4.272454037349172,0.13125,40.7,0.369
663977,NA,NA,92.97769979397096,NA,95.66701448724858,NA,NA,NA,93.57532528136599,NA,NA,NA,NA,NA,NA,NA,NA,NA
663978,102.37876203408764,95.34854167291695,95.76019561872296,NA,99.06241611883702,NA,NA,NA,97.98077132555639,Chris Paddack,"<a href=""leaders.aspx?pos=all&stats=pit&lg=all&qual=0&type=strType&season=2024&month=0&season1=2024&ind=1&team=8&rost=0&age=0"">MIN</a>",88.1,4.992453117655808,4.1853477614848575,4.093434171839778,0.15104167,43.1,0.332
663989,NA,99.60592818599136,NA,81.709573601399,102.00639919201195,93.99235076664318,NA,NA,96.8931069848359,Nick Vespi,"<a href=""leaders.aspx?pos=all&stats=pit&lg=all&qual=0&type=strType&season=2024&month=0&season1=2024&ind=1&team=2&rost=0&age=0"">BAL</a>",12.1,2.918918994154002,3.4908041109735737,3.907893381831804,0.12244898,35.1,0.276
663992,NA,NA,94.14812850057021,97.87850449700191,98.98162576692195,NA,103.30645784204069,NA,98.02255793456786,Richard Lovelady,- - -,34.1,4.4563114635682135,3.92376146490923,4.241128823808276,0.10204082,46.3,0.304
664054,NA,NA,107.20210726870204,NA,91.04740060835157,NA,NA,NA,95.08607727343919,NA,NA,NA,NA,NA,NA,NA,NA,NA
664076,NA,NA,103.23212753047787,99.80843913058504,107.81044747801315,103.49094159516147,111.96912380929929,NA,105.54134704607358,Garrett Cleavinger,"<a href=""leaders.aspx?pos=all&stats=pit&lg=all&qual=0&type=strType&season=2024&month=0&season1=2024&ind=1&team=12&rost=0&age=0"">TBR</a>",60,3.7500007152558736,3.999813270568878,4.287422151958879,0.15037594,33.8,0.308
664079,NA,NA,85.96891933652911,92.84639168778266,NA,91.60427248170657,103.15709182088499,NA,93.97068424621379,Tyler Jay,- - -,7.2,4.695652563315065,3.949088538842306,5.132399563580578,0,41.7,0.366
664092,88.73981326508095,NA,NA,90.33097228896315,101.73085933802477,NA,NA,NA,93.95413919155234,NA,NA,NA,NA,NA,NA,NA,NA,NA
664123,100.09893685232107,NA,98.28471214240432,102.37947611014172,NA,NA,95.74178800696761,NA,98.8488675741009,Scott Effross,"<a href=""leaders.aspx?pos=all&stats=pit&lg=all&qual=0&type=strType&season=2024&month=0&season1=2024&ind=1&team=9&rost=0&age=0"">NYY</a>",3.1,5.400002059937309,7.666481494904219,4.67368539697623,0,50,0.371
664126,101.80989710152554,NA,108.38874533525885,NA,115.0912034378969,NA,NA,NA,111.11583291225912,Pete Fairbanks,"<a href=""leaders.aspx?pos=all&stats=pit&lg=all&qual=0&type=strType&season=2024&month=0&season1=2024&ind=1&team=12&rost=0&age=0"">TBR</a>",45.1,3.573529511999509,3.4973621405119717,3.884547151803231,0.14594595,41.1,0.265
664129,NA,NA,98.15478119578593,95.30933605248158,104.65414675628894,96.862650522414,NA,NA,98.3735332299827,Geoff Hartlieb,"<a href=""leaders.aspx?pos=all&stats=pit&lg=all&qual=0&type=strType&season=2024&month=0&season1=2024&ind=1&team=19&rost=0&age=0"">COL</a>",9,9.000000953674418,4.388702130023358,4.960268954440136,0.06818182,36.4,0.393
664139,98.70741514923802,NA,90.23688861034911,NA,97.07055819751778,98.33146258216833,104.84357222704638,NA,95.63936823683157,Ian Gibaut,"<a href=""leaders.aspx?pos=all&stats=pit&lg=all&qual=0&type=strType&season=2024&month=0&season1=2024&ind=1&team=18&rost=0&age=0"">CIN</a>",2,4.5,3.666479778289795,5.934492387622595,0,50,0.371
664192,NA,90.44982336089274,89.7943272108374,93.769964619591,NA,89.89136944408935,NA,NA,91.86952789806675,Joey Lucchesi,"<a href=""leaders.aspx?pos=all&stats=pit&lg=all&qual=0&type=strType&season=2024&month=0&season1=2024&ind=1&team=25&rost=0&age=0"">NYM</a>",10.1,5.225806612377985,5.392286298376715,5.890102527368384,-0.02173913,54.8,0.33
664208,NA,112.62795890546093,NA,89.4812623887364,105.17399531829332,104.00637648916242,116.97735362902833,NA,107.63633620536757,Phil Maton,- - -,64,3.656250653788564,4.26022997386757,4.279487989491389,0.13584906,33.1,0.29
664285,98.64383281418365,110.65160377035706,84.73489191328885,96.92680428004272,105.29811572463576,NA,NA,NA,101.63681148951217,Framber Valdez,"<a href=""leaders.aspx?pos=all&stats=pit&lg=all&qual=0&type=strType&season=2024&month=0&season1=2024&ind=1&team=21&rost=0&age=0"">HOU</a>",176.1,2.9092628438408847,3.2458748656460767,3.0849114306362346,0.16216216,45,0.272
664299,99.79877814692462,NA,102.43581987272619,NA,100.43421850030903,NA,NA,99.52970461346801,101.04217240224911,Cristian Javier,"<a href=""leaders.aspx?pos=all&stats=pit&lg=all&qual=0&type=strType&season=2024&month=0&season1=2024&ind=1&team=21&rost=0&age=0"">HOU</a>",34.2,3.8942310549098567,4.7530183562160335,5.564646652192083,0.05333333,30.8,0.324
664350,79.8521127790275,NA,71.83206508768517,74.9443461202589,NA,93.65032392498452,NA,NA,81.75540500954988,Sixto Sánchez,"<a href=""leaders.aspx?pos=all&stats=pit&lg=all&qual=0&type=strType&season=2024&month=0&season1=2024&ind=1&team=20&rost=0&age=0"">MIA</a>",35.2,6.0560750362394025,4.736573306203715,5.296432990293223,0.01851852,43.8,0.354
664351,93.37293860585675,95.33258421361045,110.0695771471184,97.72454087745837,99.60796528626499,NA,107.40503973154169,NA,105.36539478988742,Luis Contreras,"<a href=""leaders.aspx?pos=all&stats=pit&lg=all&qual=0&type=strType&season=2024&month=0&season1=2024&ind=1&team=21&rost=0&age=0"">HOU</a>",6,9.000001430511702,2.1664796193440505,3.9304897069847473,0.15384615,50,0.319
664747,NA,NA,107.85253313032031,NA,109.27423822854588,NA,NA,NA,108.43811866971683,Alexis Díaz,"<a href=""leaders.aspx?pos=all&stats=pit&lg=all&qual=0&type=strType&season=2024&month=0&season1=2024&ind=1&team=18&rost=0&age=0"">CIN</a>",56.1,3.994083200857237,4.568846768813003,5.063058442467817,0.09917355,38,0.3
664776,NA,NA,97.08795439471797,102.23895753848845,102.42947061059799,NA,NA,NA,102.31856286550416,Jake Cousins,"<a href=""leaders.aspx?pos=all&stats=pit&lg=all&qual=0&type=strType&season=2024&month=0&season1=2024&ind=1&team=9&rost=0&age=0"">NYY</a>",38,2.3684217659062132,4.061216889854364,3.544381265431777,0.21290323,33.8,0.268
664849,NA,NA,99.1154754299549,96.4940000871143,NA,99.57564890923712,107.2512751160232,NA,102.04769764310136,Danny Young,"<a href=""leaders.aspx?pos=all&stats=pit&lg=all&qual=0&type=strType&season=2024&month=0&season1=2024&ind=1&team=25&rost=0&age=0"">NYM</a>",37.2,4.539824234906556,3.6443560135431166,3.4117940425350093,0.18181818,39.1,0.297
664854,NA,109.39221994578571,113.54094279467465,NA,120.45159176291656,NA,NA,NA,116.50918283544496,Ryan Helsley,"<a href=""leaders.aspx?pos=all&stats=pit&lg=all&qual=0&type=strType&season=2024&month=0&season1=2024&ind=1&team=28&rost=0&age=0"">STL</a>",66.1,2.0351760354488535,2.412710876271701,3.351975720405567,0.21052632,35.4,0.243
664875,NA,NA,97.56626643231509,98.0158258016581,NA,NA,112.19758765328935,NA,103.93104663578983,Justin Lawrence,"<a href=""leaders.aspx?pos=all&stats=pit&lg=all&qual=0&type=strType&season=2024&month=0&season1=2024&ind=1&team=19&rost=0&age=0"">COL</a>",59.2,6.486034625352337,5.630167349160063,4.936319526583107,0.04301075,42.3,0.387
664948,NA,104.36003264679312,90.5806496020542,NA,100.26422637695345,96.62295146318216,NA,NA,99.23926542529813,Anthony Misiewicz,"<a href=""leaders.aspx?pos=all&stats=pit&lg=all&qual=0&type=strType&season=2024&month=0&season1=2024&ind=1&team=9&rost=0&age=0"">NYY</a>",1,0,4.166479778289795,7.190496590733528,0,NA,NA
665001,NA,NA,NA,103.3970064718174,NA,NA,99.32430445219462,NA,102.42731551476436,NA,NA,NA,NA,NA,NA,NA,NA,NA
665048,NA,NA,88.30384490702296,NA,NA,98.52463274985936,NA,NA,94.6482622554809,NA,NA,NA,NA,NA,NA,NA,NA,NA
665152,NA,95.27634131315713,97.42918839998516,91.65190952027514,NA,103.20635063483338,NA,NA,97.27167917514538,Dean Kremer,"<a href=""leaders.aspx?pos=all&stats=pit&lg=all&qual=0&type=strType&season=2024&month=0&season1=2024&ind=1&team=2&rost=0&age=0"">BAL</a>",129.2,4.095116002501343,4.32329220837492,4.337739340901206,0.13019892,35.4,0.294
665178,97.06477226099794,NA,97.51332587662716,NA,NA,100.27950684042992,NA,NA,98.49457453609955,NA,NA,NA,NA,NA,NA,NA,NA,NA
665620,96.94192679977029,99.2461990983865,103.13482477597684,NA,NA,NA,105.62775352939232,NA,102.24229877347229,Deivi García,"<a href=""leaders.aspx?pos=all&stats=pit&lg=all&qual=0&type=strType&season=2024&month=0&season1=2024&ind=1&team=4&rost=0&age=0"">CHW</a>",14,7.0714304982404705,5.237908914138014,5.432777518536599,0.05882353,35.7,0.354
665622,105.86720814183734,102.1193299208747,96.23746799903937,100.67023869763091,102.00059511719954,NA,NA,NA,99.64893824865439,Luis Medina,"<a href=""leaders.aspx?pos=all&stats=pit&lg=all&qual=0&type=strType&season=2024&month=0&season1=2024&ind=1&team=10&rost=0&age=0"">OAK</a>",40,5.175,4.441479778289795,5.107090706378221,0.06666667,44.9,0.336
665625,NA,69.27448993240066,NA,97.30159880472937,110.87541735845544,NA,NA,NA,103.99104295409515,Elvis Peguero,"<a href=""leaders.aspx?pos=all&stats=pit&lg=all&qual=0&type=strType&season=2024&month=0&season1=2024&ind=1&team=23&rost=0&age=0"">MIL</a>",51.1,2.98051999732773,4.043103306915598,4.119940548100033,0.08810573,40.4,0.317
665660,NA,NA,94.097815911331793,97.82567634808048,96.46071289740479,NA,NA,NA,95.59340179508987,NA,NA,NA,NA,NA,NA,NA,NA,NA
665795,102.38297611908318,106.11020927547499,95.93306151668598,100.80168364019096,105.42573870292877,NA,NA,NA,101.49767961935906,Edward Cabrera,"<a href=""leaders.aspx?pos=all&stats=pit&lg=all&qual=0&type=strType&season=2024&month=0&season1=2024&ind=1&team=20&rost=0&age=0"">MIA</a>",96.1,4.951557354860793,4.682050792565845,3.944867597694068,0.13636364,45.7,0.317
665871,90.79223937915901,95.7400518385858,92.48941652104627,88.60063608820283,96.06559659394976,95.59018153931407,100.66201559920587,NA,92.78642933267884,Javier Assad,"<a href=""leaders.aspx?pos=all&stats=pit&lg=all&qual=0&type=strType&season=2024&month=0&season1=2024&ind=1&team=17&rost=0&age=0"">CHC</a>",147,3.7346938775510203,4.635867533391836,4.605455428980241,0.09561129,39.8,0.33
665896,93.20499314574485,NA,93.10759673187556,95.12942296006766,107.43704807695035,NA,NA,NA,99.37375282363003,José Marte,"<a href=""leaders.aspx?pos=all&stats=pit&lg=all&qual=0&type=strType&season=2024&month=0&season1=2024&ind=1&team=1&rost=0&age=0"">LAA</a>",19.1,2.3275865896137153,4.097514414135281,4.5982106737041715,0.05,36.4,0.283
665996,NA,97.12342314394189,95.09065402110318,90.14158304440286,98.32224020733653,NA,NA,NA,92.89980023531541,NA,NA,NA,NA,NA,NA,NA,NA,NA
666121,94.97838754967316,92.84046882513333,81.96624697591308,86.75518960590892,NA,87.63268713052193,NA,NA,87.73897079479288,NA,NA,NA,NA,NA,NA,NA,NA,NA
666122,NA,NA,93.61853940194534,NA,111.30270317392433,NA,NA,NA,100.69220491073693,NA,NA,NA,NA,NA,NA,NA,NA,NA
666129,93.3867140128019,94.68608716215594,91.73499978015796,92.32815021862069,100.65959516614063,99.71691129189612,NA,NA,95.30040135749573,Braxton Garrett,"<a href=""leaders.aspx?pos=all&stats=pit&lg=all&qual=0&type=strType&season=2024&month=0&season1=2024&ind=1&team=20&rost=0&age=0"">MIA</a>",37,5.351351351351352,3.815128426938444,3.4886498922834526,0.1863354,48.3,0.313
666142,109.00073793811139,NA,105.63279863288189,110.40495672661157,111.3229361457704,99.52546033035212,NA,104.7072299818461,106.29890564423013,Cole Ragans,"<a href=""leaders.aspx?pos=all&stats=pit&lg=all&qual=0&type=strType&season=2024&month=0&season1=2024&ind=1&team=7&rost=0&age=0"">KCR</a>",186.1,3.1395349694195023,2.9947445320993267,3.457536477955223,0.20472441,35.4,0.277
666151,NA,NA,87.27984365153036,95.5988439220863,103.36316205874812,NA,NA,NA,98.30656313891434,NA,NA,NA,NA,NA,NA,NA,NA,NA
666157,92.31230132220682,100.1424383493302,95.9628413756991,96.1836140923071,NA,NA,NA,NA,96.57097386964809,Nick Lodolo,"<a href=""leaders.aspx?pos=all&stats=pit&lg=all&qual=0&type=strType&season=2024&month=0&season1=2024&ind=1&team=18&rost=0&age=0"">CIN</a>",115.1,4.760115816860124,3.9468266335127664,3.949817455871678,0.17241379,38,0.309
666159,NA,101.21691556383314,101.86006211045537,NA,101.1178138873759,NA,105.33288635692473,NA,102.75809185986061,Matt Manning,"<a href=""leaders.aspx?pos=all&stats=pit&lg=all&qual=0&type=strType&season=2024&month=0&season1=2024&ind=1&team=6&rost=0&age=0"">DET</a>",27.2,4.8795185208165295,4.214672645724457,5.209674057923791,0.08943089,35.2,0.336
666163,9.005950744021558,NA,NA,NA,NA,NA,NA,NA,42.770079031411406,Ben Rortvedt,"<a href=""leaders.aspx?pos=all&stats=pit&lg=all&qual=0&type=strType&season=2024&month=0&season1=2024&ind=1&team=12&rost=0&age=0"">TBR</a>",2,4.5,11.666479778289794,5.922483981400728,-0.09090909,NA,NA
666171,NA,96.32108430325349,92.69124468724819,NA,NA,99.48366142897402,108.91404829888323,NA,98.6037553730081,Ryan Zeferjahn,"<a href=""leaders.aspx?pos=all&stats=pit&lg=all&qual=0&type=strType&season=2024&month=0&season1=2024&ind=1&team=1&rost=0&age=0"">LAA</a>",17,2.1176472964171573,2.4605973461507427,4.150489283881833,0.1875,26.3,0.181
666200,99.11382308088827,92.93756710056712,97.6899875278023,99.47982331630712,101.06094418531207,NA,NA,NA,99.15878341350198,Jesús Luzardo,"<a href=""leaders.aspx?pos=all&stats=pit&lg=all&qual=0&type=strType&season=2024&month=0&season1=2024&ind=1&team=20&rost=0&age=0"">MIA</a>",66.2,4.995000190544135,4.261479820060732,4.230169401959262,0.13138686,41.1,0.315
666201,88.54172726240287,NA,101.06353118013395,91.39942412314181,97.56019231879623,NA,NA,NA,95.47854876047664,Alek Manoah,"<a href=""leaders.aspx?pos=all&stats=pit&lg=all&qual=0&type=strType&season=2024&month=0&season1=2024&ind=1&team=14&rost=0&age=0"">TOR</a>",24.1,3.6986303302623975,5.180178513654878,4.186653542613429,0.17475728,35.4,0.291
666202,NA,NA,109.92509592877997,NA,NA,NA,NA,NA,109.92509592877997,NA,NA,NA,NA,NA,NA,NA,NA,NA
666204,98.18349593108606,NA,89.00199390332884,NA,107.96794413195396,NA,NA,NA,100.23802585429283,Dany Jiménez,"<a href=""leaders.aspx?pos=all&stats=pit&lg=all&qual=0&type=strType&season=2024&month=0&season1=2024&ind=1&team=10&rost=0&age=0"">OAK</a>",25.2,4.909091760304496,6.5950518013596025,5.971376809649604,0.05128205,31.9,0.361
666205,101.03660237340416,105.14254651706946,95.23523538090197,NA,106.98793684471896,NA,NA,NA,99.86740272806097,Kyle Muller,"<a href=""leaders.aspx?pos=all&stats=pit&lg=all&qual=0&type=strType&season=2024&month=0&season1=2024&ind=1&team=10&rost=0&age=0"">OAK</a>",49.1,4.0135136169617525,3.9570203392065046,4.0309754884636595,0.12871287,43.2,0.294
666207,NA,NA,91.68449469670864,92.14597544554677,111.36600371739725,NA,NA,NA,104.38389591240825,Riley Pint,"<a href=""leaders.aspx?pos=all&stats=pit&lg=all&qual=0&type=strType&season=2024&month=0&season1=2024&ind=1&team=19&rost=0&age=0"">COL</a>",3.1,21.600008239749236,13.066483554841529,7.534494053887807,0.09090909,37.5,0.529
666208,NA,NA,105.74147947277146,NA,106.94252594258857,97.57896003643057,112.43612253859202,NA,105.63664485693077,Alex Speas,"<a href=""leaders.aspx?pos=all&stats=pit&lg=all&qual=0&type=strType&season=2024&month=0&season1=2024&ind=1&team=21&rost=0&age=0"">HOU</a>",2,4.5,9.166479778289794,4.934492387622595,0.125,NA,NA
666214,101.0225842965141,102.20338333034186,93.46192409716275,NA,NA,106.22575787667992,NA,NA,99.87502444425918,Joey Wentz,- - -,67.1,4.678218638987067,4.191232432544106,4.241023483445997,0.13157895,36.1,0.317
666215,84.13885330605176,112.33849431486769,101.93689996394244,100.0764653442064,NA,109.0514039749275,NA,NA,103.60543295015475,Forrest Whitley,"<a href=""leaders.aspx?pos=all&stats=pit&lg=all&qual=0&type=strType&season=2024&month=0&season1=2024&ind=1&team=21&rost=0&age=0"">HOU</a>",3.1,0,3.7664800071717184,4.67368539697623,0.1,45.5,0.378
666277,101.0145613801015,NA,88.43605238340156,NA,104.57191695018014,NA,NA,NA,96.93192536908212,George Soriano,"<a href=""leaders.aspx?pos=all&stats=pit&lg=all&qual=0&type=strType&season=2024&month=0&season1=2024&ind=1&team=20&rost=0&age=0"">MIA</a>",29.1,6.750001170418682,6.030116638467417,4.8350361254577106,0.1221374,45.9,0.36
666364,102.40110473095658,NA,100.87373578088032,NA,101.83072111133725,NA,NA,NA,101.6384779166559,NA,NA,NA,NA,NA,NA,NA,NA,NA
666619,90.4614113094321,NA,NA,96.3385982698102,116.86484588092364,NA,NA,NA,108.22894951962788,Gregory Santos,"<a href=""leaders.aspx?pos=all&stats=pit&lg=all&qual=0&type=strType&season=2024&month=0&season1=2024&ind=1&team=11&rost=0&age=0"">SEA</a>",7.1,4.90909239871488,2.348297711837315,3.379212847084088,0.16129032,34.8,0.269
666659,NA,NA,NA,91.63016835244704,NA,NA,NA,NA,91.63016835244704,NA,NA,NA,NA,NA,NA,NA,NA,NA
666711,NA,NA,95.87621728337369,NA,NA,NA,NA,NA,95.87621728337369,NA,NA,NA,NA,NA,NA,NA,NA,NA
666720,100.54227896887568,NA,99.83260344374466,93.94956976321036,106.36682793146625,NA,NA,NA,101.74748998564924,Yerry Rodríguez,- - -,21.2,8.723077946950818,7.874172638548966,5.9770775268917005,0.03809524,49.3,0.414
666721,98.39541985626342,NA,91.66718528814587,NA,96.538874614252,NA,NA,NA,94.4028572323226,NA,NA,NA,NA,NA,NA,NA,NA,NA
666745,97.17128466466983,NA,88.32330298180575,99.2005301167054,102.34089171444643,NA,99.53518582914485,94.38228946334665,95.91391596481789,Jhony Brito,"<a href=""leaders.aspx?pos=all&stats=pit&lg=all&qual=0&type=strType&season=2024&month=0&season1=2024&ind=1&team=29&rost=0&age=0"">SDP</a>",43.2,4.1221380047598695,3.7160981789244443,4.325818201825953,0.1027027,35.6,0.308
666808,NA,NA,97.2300047913641,95.50169929613863,111.6376216568184,98.33092611021674,NA,NA,104.61636886277445,Camilo Doval,"<a href=""leaders.aspx?pos=all&stats=pit&lg=all&qual=0&type=strType&season=2024&month=0&season1=2024&ind=1&team=30&rost=0&age=0"">SFG</a>",59,4.881356563420256,3.7088527297809346,3.632248249517017,0.14391144,42.8,0.327
666818,NA,NA,94.80620686365233,95.48969665654514,101.69356253168864,96.14553855292077,NA,NA,96.65332968237308,Luis Frías,- - -,9.2,13.965519537682292,5.545790514339371,4.107452407125379,0.09433962,52.9,0.493
666974,96.53777117156474,NA,92.8884481883385,104.84236721634873,110.28783125824177,NA,NA,NA,102.20538006403396,Yennier Cano,"<a href=""leaders.aspx?pos=all&stats=pit&lg=all&qual=0&type=strType&season=2024&month=0&season1=2024&ind=1&team=2&rost=0&age=0"">BAL</a>",60,3.1500010013583504,3.549813233481552,3.081417708004651,0.16465863,43.4,0.303
667297,NA,114.5725083840504,89.52416195501095,98.85541044154321,108.69672676600575,NA,NA,NA,107.36817607631625,Tommy Nance,"<a href=""leaders.aspx?pos=all&stats=pit&lg=all&qual=0&type=strType&season=2024&month=0&season1=2024&ind=1&team=14&rost=0&age=0"">TOR</a>",22,4.090909445581388,3.9846616674060726,3.9712136165025096,0.10752688,35.9,0.288
667414,92.76965708682728,NA,86.15375542898128,96.36900323224978,100.21521478092879,95.26643743209213,NA,NA,93.48088015626843,NA,NA,NA,NA,NA,NA,NA,NA,NA
667427,90.78657688725897,NA,89.98006893782049,NA,100.52883017208279,NA,NA,NA,93.71246076728421,NA,NA,NA,NA,NA,NA,NA,NA,NA
667463,93.18208742551772,NA,88.49049773670944,94.05031826245431,103.7706050741602,NA,NA,NA,94.9056281573734,John King,"<a href=""leaders.aspx?pos=all&stats=pit&lg=all&qual=0&type=strType&season=2024&month=0&season1=2024&ind=1&team=28&rost=0&age=0"">STL</a>",60,2.8500009059908886,3.733146625095001,3.7838196125365764,0.09677419,36.9,0.28
667478,NA,NA,NA,NA,NA,NA,NA,76.51834859562899,76.51834859562899,Evan Kravetz,"<a href=""leaders.aspx?pos=all&stats=pit&lg=all&qual=0&type=strType&season=2024&month=0&season1=2024&ind=1&team=18&rost=0&age=0"">CIN</a>",0.2,0,3.1664797782897955,3.1664797782897955,0,NA,NA
667725,87.92343972836774,98.92457588200382,86.38425769402326,88.34604482665644,99.6867527284498,100.94288686795313,NA,NA,98.00448064249383,Kyle Tyler,"<a href=""leaders.aspx?pos=all&stats=pit&lg=all&qual=0&type=strType&season=2024&month=0&season1=2024&ind=1&team=20&rost=0&age=0"">MIA</a>",31.2,5.400000433670882,5.029637822655772,4.724466283649064,0.04929578,45.9,0.363
667755,NA,NA,95.36630669604887,99.03433307025338,104.43562007470017,NA,NA,112.55417382952137,102.5852808512301,José Soriano,"<a href=""leaders.aspx?pos=all&stats=pit&lg=all&qual=0&type=strType&season=2024&month=0&season1=2024&ind=1&team=1&rost=0&age=0"">LAA</a>",113,3.424778761061947,3.8036479198827156,3.8199363131175,0.11111111,44.3,0.287
668338,89.54406404307359,87.63469090924312,101.15501988642141,91.66762653932943,NA,NA,104.30848220350722,NA,101.55718999432648,Tyson Miller,- - -,62,2.3225810024170723,3.6664798551990265,4.174103818828874,0.18297872,34.5,0.242
668390,NA,108.35862010024857,105.08228914620541,92.78710271200032,106.16928361441988,NA,NA,NA,104.54600485629275,Cole Winn,"<a href=""leaders.aspx?pos=all&stats=pit&lg=all&qual=0&type=strType&season=2024&month=0&season1=2024&ind=1&team=13&rost=0&age=0"">TEX</a>",17.1,7.788462966857134,4.262633825477096,4.50725895444323,0.12987013,41.1,0.315
668470,NA,NA,95.8951072399442,NA,105.61015570338081,NA,NA,NA,100.42879652288129,NA,NA,NA,NA,NA,NA,NA,NA,NA
668674,110.88400477982066,NA,99.37020014458639,101.8506313771793,105.59448715697157,NA,NA,NA,103.97224338745394,Lucas Erceg,- - -,61.2,3.356757310487046,2.5340472415313657,3.103048609526815,0.22134387,33.3,0.259
668676,84.58116261781672,98.37708096538292,88.80359123422055,NA,101.10459587550959,NA,NA,NA,91.72962573092582,Zach Plesac,"<a href=""leaders.aspx?pos=all&stats=pit&lg=all&qual=0&type=strType&season=2024&month=0&season1=2024&ind=1&team=1&rost=0&age=0"">LAA</a>",12,8.250000655651144,8.416480195522341,7.3591649916418564,-0.03703704,45.2,0.392
668678,98.52976975782676,NA,103.64074855001083,100.05333701328847,102.68100459048917,100.44816408472111,NA,101.58525450499603,102.20462490841906,Zac Gallen,"<a href=""leaders.aspx?pos=all&stats=pit&lg=all&qual=0&type=strType&season=2024&month=0&season1=2024&ind=1&team=15&rost=0&age=0"">ARI</a>",148,3.6486486486486487,3.3759392377492548,3.623460475899078,0.16425121,41,0.301
668868,NA,108.89564791590122,87.74574004093326,NA,97.0410028847227,NA,NA,NA,96.35365552735396,Zack Thompson,"<a href=""leaders.aspx?pos=all&stats=pit&lg=all&qual=0&type=strType&season=2024&month=0&season1=2024&ind=1&team=28&rost=0&age=0"">STL</a>",17,9.529412833877208,6.990009619042996,4.358490790669892,0.14457831,40.7,0.432
668869,89.08623613836043,NA,82.61646902627761,92.17367166152275,95.05585043558011,NA,NA,NA,93.12663807933393,NA,NA,NA,NA,NA,NA,NA,NA,NA
668873,102.02819229406515,NA,89.93368031473493,87.17797735467738,NA,102.56538525863046,102.87546710854313,97.9579952080388,96.0378208968694,Caleb Kilian,"<a href=""leaders.aspx?pos=all&stats=pit&lg=all&qual=0&type=strType&season=2024&month=0&season1=2024&ind=1&team=17&rost=0&age=0"">CHC</a>",10.2,4.21875025145711,5.978979945927868,5.384240155561514,0.02083333,37.1,0.36
668874,100.44408052442267,112.31934107922208,87.05035549718428,100.52581076987941,NA,88.04783818804208,113.48801435327563,NA,99.40220893751756,Blair Henley,"<a href=""leaders.aspx?pos=all&stats=pit&lg=all&qual=0&type=strType&season=2024&month=0&season1=2024&ind=1&team=21&rost=0&age=0"">HOU</a>",0.1,135.00014081612017,39.16651732925518,48.23857722948226,-0.33333333,NA,NA
668881,NA,101.76523904700589,104.11729889105627,106.3636979167537,107.87829023209842,NA,NA,NA,105.71912593901281,Hunter Greene,"<a href=""leaders.aspx?pos=all&stats=pit&lg=all&qual=0&type=strType&season=2024&month=0&season1=2024&ind=1&team=18&rost=0&age=0"">CIN</a>",150.1,2.75388035924807,3.472466484872914,4.194870973319694,0.18330606,32.5,0.265
668909,97.89538261185106,104.71565396891032,103.58231204290996,NA,106.3399642015074,101.40203018388127,NA,NA,103.53575232756786,Gavin Williams,"<a href=""leaders.aspx?pos=all&stats=pit&lg=all&qual=0&type=strType&season=2024&month=0&season1=2024&ind=1&team=5&rost=0&age=0"">CLE</a>",76,4.855263157894737,3.666479778289795,4.120383695611044,0.14156627,44,0.315
668933,92.90138984919456,NA,NA,86.4831296410403,115.65411070780486,98.43415083778423,NA,NA,101.63541406253117,Graham Ashcraft,"<a href=""leaders.aspx?pos=all&stats=pit&lg=all&qual=0&type=strType&season=2024&month=0&season1=2024&ind=1&team=18&rost=0&age=0"">CIN</a>",77.1,5.237069309962655,4.821652300944659,4.556212812417195,0.08571429,42.7,0.342
668941,88.98676077173532,NA,86.29177005966939,93.97866954947223,109.79824699323822,101.94196842122017,NA,NA,97.43753253725434,JoJo Romero,"<a href=""leaders.aspx?pos=all&stats=pit&lg=all&qual=0&type=strType&season=2024&month=0&season1=2024&ind=1&team=28&rost=0&age=0"">STL</a>",59,3.355933071313133,4.268174978468349,3.8380805811940673,0.14403292,39.8,0.305
668943,NA,NA,99.4631416402367,NA,100.68153372258014,NA,100.91601175739092,NA,100.18565027453663,Ryan Miller,"<a href=""leaders.aspx?pos=all&stats=pit&lg=all&qual=0&type=strType&season=2024&month=0&season1=2024&ind=1&team=1&rost=0&age=0"">LAA</a>",13,4.1538467632949185,5.3203262481464195,5.064951294780183,0.05172414,35.9,0.34
668964,96.7233848132578,96.74678088639064,100.42454221344448,91.50630862923822,99.65053168778,94.83616264147862,NA,NA,98.46567030748714,Tobias Myers,"<a href=""leaders.aspx?pos=all&stats=pit&lg=all&qual=0&type=strType&season=2024&month=0&season1=2024&ind=1&team=23&rost=0&age=0"">MIL</a>",138,3,3.912856589883998,3.9702576405760173,0.1599297,38.5,0.297
668968,97.44306013937306,NA,74.60806009272721,91.72877546201481,96.70443281354812,NA,NA,NA,94.21416285268803,Hans Crouse,"<a href=""leaders.aspx?pos=all&stats=pit&lg=all&qual=0&type=strType&season=2024&month=0&season1=2024&ind=1&team=1&rost=0&age=0"">LAA</a>",25.1,2.842105619795149,3.7585851157471177,4.701859342217234,0.15887851,29.6,0.273
668970,NA,NA,99.89313902190827,99.24391431612084,NA,NA,106.11444871800576,NA,102.63412019403354,Gavin Hollowell,"<a href=""leaders.aspx?pos=all&stats=pit&lg=all&qual=0&type=strType&season=2024&month=0&season1=2024&ind=1&team=17&rost=0&age=0"">CHC</a>",1.1,0,1.6664794206618412,1.6664794206618412,0.16666667,NA,NA
668984,95.90743757483081,NA,99.72079689498729,NA,103.97859827609274,NA,104.32729044582813,NA,99.63009683127112,Casey Legumina,"<a href=""leaders.aspx?pos=all&stats=pit&lg=all&qual=0&type=strType&season=2024&month=0&season1=2024&ind=1&team=18&rost=0&age=0"">CIN</a>",9.1,8.678572610933115,5.4164800848280095,4.088773724227745,0.10638298,54.1,0.407
669001,NA,NA,86.35578897552665,NA,NA,NA,NA,NA,86.35578897552665,NA,NA,NA,NA,NA,NA,NA,NA,NA
669022,98.3953989990846,109.37357234955364,107.22837801518635,NA,103.15008013282655,95.65094869454882,104.76354399027305,NA,105.16241433019977,MacKenzie Gore,"<a href=""leaders.aspx?pos=all&stats=pit&lg=all&qual=0&type=strType&season=2024&month=0&season1=2024&ind=1&team=24&rost=0&age=0"">WSN</a>",166.1,3.895791702294717,3.533213256437909,3.8698469066084726,0.15868673,38.1,0.324
669060,88.05580142512953,97.01670203525154,93.65368264895052,91.66578302752336,NA,96.79631265106279,NA,NA,94.31381712492473,Bryse Wilson,"<a href=""leaders.aspx?pos=all&stats=pit&lg=all&qual=0&type=strType&season=2024&month=0&season1=2024&ind=1&team=23&rost=0&age=0"">MIL</a>",104.2,4.041401519374575,5.0868620605457995,4.610771284475122,0.11538462,44.3,0.323
669062,112.74188131873692,NA,96.34052213683044,NA,111.98401507446275,NA,NA,NA,104.28601043875803,Erik Miller,"<a href=""leaders.aspx?pos=all&stats=pit&lg=all&qual=0&type=strType&season=2024&month=0&season1=2024&ind=1&team=30&rost=0&age=0"">SFG</a>",67.1,3.8762382459739664,3.6714303543936833,3.5325459846146083,0.17253521,41.1,0.296
669084,95.79740840681796,104.85231980152567,93.14423704721645,84.8494550460361,101.9818929321685,102.2812214659528,NA,NA,97.17503141455309,DL Hall,"<a href=""leaders.aspx?pos=all&stats=pit&lg=all&qual=0&type=strType&season=2024&month=0&season1=2024&ind=1&team=23&rost=0&age=0"">MIL</a>",43,5.023256148177933,4.6781077858433395,4.481651649195441,0.11675127,37.8,0.35
669093,NA,NA,110.92045507639666,116.96803305029562,108.65841593638291,NA,NA,NA,108.41755230929576,Jeremiah Estrada,"<a href=""leaders.aspx?pos=all&stats=pit&lg=all&qual=0&type=strType&season=2024&month=0&season1=2024&ind=1&team=29&rost=0&age=0"">SDP</a>",61,2.9508202257288123,2.068118916490737,2.653307346946776,0.28174603,37.3,0.239
669111,NA,NA,100.52256795462132,NA,100.96628400764955,108.81270736520999,NA,NA,100.82973282909417,John McMillon,"<a href=""leaders.aspx?pos=all&stats=pit&lg=all&qual=0&type=strType&season=2024&month=0&season1=2024&ind=1&team=20&rost=0&age=0"">MIA</a>",12,1.500000119209299,3.3331464582019397,3.761821565158509,0.17021277,20.7,0.234
669165,100.13729486750445,97.29997554206554,90.0094488578902,110.76607468700983,106.36160883370407,NA,NA,NA,96.50106816273717,Kyle Hurt,"<a href=""leaders.aspx?pos=all&stats=pit&lg=all&qual=0&type=strType&season=2024&month=0&season1=2024&ind=1&team=22&rost=0&age=0"">LAD</a>",6.2,1.350000128746045,2.716479735374447,4.077287430750862,0.07407407,47.8,0.314
669169,NA,97.7590956983167,97.00853728348521,NA,98.8672916915616,NA,98.54518077120719,NA,98.12597190814981,Jonathan Heasley,"<a href=""leaders.aspx?pos=all&stats=pit&lg=all&qual=0&type=strType&season=2024&month=0&season1=2024&ind=1&team=2&rost=0&age=0"">BAL</a>",5.1,16.87500100582844,8.791480113565942,5.050486195251729,0.03448276,57.1,0.481
669194,102.74284550419686,96.95433205430884,101.39995270223542,NA,102.30567981431531,96.35250053601725,104.4576741228249,NA,100.50572104761157,Ryne Nelson,"<a href=""leaders.aspx?pos=all&stats=pit&lg=all&qual=0&type=strType&season=2024&month=0&season1=2024&ind=1&team=15&rost=0&age=0"">ARI</a>",150.2,4.241150728826656,3.7372762770051198,3.9764893178753735,0.14603175,41.6,0.322
669199,NA,NA,106.74965358615142,NA,NA,NA,109.4786005133071,NA,105.59088319440949,Lake Bachar,"<a href=""leaders.aspx?pos=all&stats=pit&lg=all&qual=0&type=strType&season=2024&month=0&season1=2024&ind=1&team=20&rost=0&age=0"">MIA</a>",9.1,3.8571441708783323,4.880766076457943,3.7150604003729555,0.175,48,0.357
669203,96.3550190837143,106.39401899846533,98.35696261643626,99.08887584565687,118.65510264387498,111.06625951326352,120.12035027703344,NA,108.67594059682527,Corbin Burnes,"<a href=""leaders.aspx?pos=all&stats=pit&lg=all&qual=0&type=strType&season=2024&month=0&season1=2024&ind=1&team=2&rost=0&age=0"">BAL</a>",194.1,2.917667314785712,3.547268810554597,3.5460831610000634,0.16964286,31.6,0.273
669205,93.7667558527786,NA,97.05500695122926,NA,99.85177613124056,94.08966308303798,NA,NA,97.26292894683581,NA,NA,NA,NA,NA,NA,NA,NA,NA
669211,99.30180621862887,NA,102.59451030086818,NA,104.07103493606678,NA,NA,NA,102.7140940805387,Keegan Akin,"<a href=""leaders.aspx?pos=all&stats=pit&lg=all&qual=0&type=strType&season=2024&month=0&season1=2024&ind=1&team=2&rost=0&age=0"">BAL</a>",78.2,3.317797360972438,2.9885136363219247,3.2695065817620836,0.24920128,37.4,0.255
669212,99.46745231055198,NA,95.28218484560323,NA,104.28797926680261,NA,NA,NA,99.34174225793006,Eli Morgan,"<a href=""leaders.aspx?pos=all&stats=pit&lg=all&qual=0&type=strType&season=2024&month=0&season1=2024&ind=1&team=5&rost=0&age=0"">CLE</a>",42,1.928571778900833,3.6426703409813586,4.456586659179814,0.13772455,28.1,0.256
669270,102.8601826427113,97.46465808399823,89.55652725528931,99.22508312059725,101.04728680806768,NA,NA,NA,97.45191082926614,Joel Kuhnel,- - -,10,4.5,3.766479778289795,4.734492387622595,0.12820513,39.4,0.248
669276,96.17981810769405,NA,97.40481712574635,NA,105.22938000596915,NA,NA,NA,101.45994854228904,Dylan Lee,"<a href=""leaders.aspx?pos=all&stats=pit&lg=all&qual=0&type=strType&season=2024&month=0&season1=2024&ind=1&team=16&rost=0&age=0"">ATL</a>",59.2,2.1117322036030868,2.998881984353042,3.1462432632862205,0.24583333,32,0.277
669302,NA,103.75731279747917,98.09854252547976,99.16993178264308,110.08829864847957,95.55216283034133,NA,NA,103.68322117308118,Logan Gilbert,"<a href=""leaders.aspx?pos=all&stats=pit&lg=all&qual=0&type=strType&season=2024&month=0&season1=2024&ind=1&team=11&rost=0&age=0"">SEA</a>",208.2,3.2348244388482548,3.2671187608317407,3.1110118748995474,0.22789539,39.3,0.255
669308,102.34595368843033,NA,104.22807278407988,NA,113.39857618224691,NA,115.86815614158853,NA,108.32863997684876,Sean Reynolds,"<a href=""leaders.aspx?pos=all&stats=pit&lg=all&qual=0&type=strType&season=2024&month=0&season1=2024&ind=1&team=29&rost=0&age=0"">SDP</a>",11,0.8181819600507494,0.9846612181544634,2.359214553060926,0.32653061,22.7,0.288
669330,110.2097951683171,98.25905992229372,99.26316926953372,NA,107.65007993277766,106.28215635253716,NA,NA,103.26947259922751,Tyler Wells,"<a href=""leaders.aspx?pos=all&stats=pit&lg=all&qual=0&type=strType&season=2024&month=0&season1=2024&ind=1&team=2&rost=0&age=0"">BAL</a>",15.1,5.869565339079428,4.6012624167314335,4.3257967594836995,0.14925373,45.1,0.353
669358,96.10633423445677,NA,104.19565879228932,NA,103.88968298753917,NA,NA,108.5315806530364,104.17416831737879,Shane Baz,"<a href=""leaders.aspx?pos=all&stats=pit&lg=all&qual=0&type=strType&season=2024&month=0&season1=2024&ind=1&team=12&rost=0&age=0"">TBR</a>",79.1,3.063025406462431,4.074042861686071,4.390792338105314,0.13166144,42,0.266
669372,92.68219154206416,NA,84.16683971483774,93.59077914318948,97.95300130907528,87.31316247462794,NA,NA,94.53304945993665,J.T. Ginn,"<a href=""leaders.aspx?pos=all&stats=pit&lg=all&qual=0&type=strType&season=2024&month=0&season1=2024&ind=1&team=10&rost=0&age=0"">OAK</a>",34,4.235294355240674,3.9605974698974213,3.8987232724652428,0.14084507,45.1,0.321
669373,110.56690738052492,NA,99.38610451600476,100.1739082281985,105.84844608704405,NA,NA,99.68610638327537,103.46018900701532,Tarik Skubal,"<a href=""leaders.aspx?pos=all&stats=pit&lg=all&qual=0&type=strType&season=2024&month=0&season1=2024&ind=1&team=6&rost=0&age=0"">DET</a>",192,2.390625,2.4946047782897955,2.8256122650811455,0.2563081,34,0.246
669387,100.21217617970866,NA,97.28624875313791,NA,106.26211230545142,98.25972766530639,106.87108232455404,NA,101.10341395684395,Carmen Mlodzinski,"<a href=""leaders.aspx?pos=all&stats=pit&lg=all&qual=0&type=strType&season=2024&month=0&season1=2024&ind=1&team=27&rost=0&age=0"">PIT</a>",50.2,3.375000169402683,3.363848209249016,4.175751780193815,0.1291866,35.2,0.272
669391,99.3735803457915,101.70481127896151,95.59727887007769,92.12134585342012,106.72508793558389,101.67666424247265,NA,NA,99.26964698308433,Owen White,"<a href=""leaders.aspx?pos=all&stats=pit&lg=all&qual=0&type=strType&season=2024&month=0&season1=2024&ind=1&team=13&rost=0&age=0"">TEX</a>",3,24,8.499813111623128,5.678488184511663,-0.05555556,52.9,0.606
669395,NA,NA,96.66140885967786,NA,NA,102.68983911375088,NA,NA,98.67088561103554,Dylan Coleman,"<a href=""leaders.aspx?pos=all&stats=pit&lg=all&qual=0&type=strType&season=2024&month=0&season1=2024&ind=1&team=21&rost=0&age=0"">HOU</a>",1,0,4.166479778289795,5.678488184511662,0,NA,NA
669416,NA,93.20720497869709,NA,93.8640304737101,NA,98.60339860722054,101.61548345800131,NA,96.89693463618529,NA,NA,NA,NA,NA,NA,NA,NA,NA
669422,83.16765870431729,99.11861858778344,94.60309584659639,94.35211330827232,NA,NA,107.20310768747754,NA,98.62706643619089,Matt Sauer,"<a href=""leaders.aspx?pos=all&stats=pit&lg=all&qual=0&type=strType&season=2024&month=0&season1=2024&ind=1&team=7&rost=0&age=0"">KCR</a>",16.1,7.714286314850345,6.656275968341141,7.323395045092614,-0.02380952,42.9,0.408
669432,101.10974841920472,NA,95.59949735849189,97.47122880012424,98.4863066551603,NA,NA,NA,97.91411173609046,Trevor Rogers,- - -,124.1,4.92225221208474,4.517686267881684,4.6956042497440675,0.07295374,44.4,0.35
669438,104.86680520891557,NA,91.96389253159695,96.93189675650532,97.77926294484499,93.33824149708602,NA,NA,97.50043088194523,Mason Englert,"<a href=""leaders.aspx?pos=all&stats=pit&lg=all&qual=0&type=strType&season=2024&month=0&season1=2024&ind=1&team=6&rost=0&age=0"">DET</a>",21.2,5.400000158456661,4.920325983600505,4.683661080942523,0.11827957,47.9,0.353
669443,NA,NA,83.86822407688832,92.11022123287925,NA,100.62358911037616,NA,NA,92.13109590376433,NA,NA,NA,NA,NA,NA,NA,NA,NA
669456,96.63341488168012,NA,98.28459004780012,NA,101.37186802814449,98.04698338204143,NA,103.41546420368152,99.35405187112438,Shane Bieber,"<a href=""leaders.aspx?pos=all&stats=pit&lg=all&qual=0&type=strType&season=2024&month=0&season1=2024&ind=1&team=5&rost=0&age=0"">CLE</a>",12,0,0.08314644495646206,0.5871492470304176,0.42222222,41.7,0.244
669459,NA,NA,90.97709657778748,NA,102.48115733173897,93.39703755476523,NA,NA,97.08769278108701,Kyle Nelson,"<a href=""leaders.aspx?pos=all&stats=pit&lg=all&qual=0&type=strType&season=2024&month=0&season1=2024&ind=1&team=15&rost=0&age=0"">ARI</a>",10.2,4.218751383014476,5.228980454430205,3.783735497225088,0.0952381,53.3,0.289
669461,95.15706239319411,109.76147623706996,89.72668803396108,93.00467357361312,113.24393863653923,101.35336761029437,NA,NA,99.6525366361961,Matthew Liberatore,"<a href=""leaders.aspx?pos=all&stats=pit&lg=all&qual=0&type=strType&season=2024&month=0&season1=2024&ind=1&team=28&rost=0&age=0"">STL</a>",86,4.395349617066426,4.1083404105183154,4.1685360468933785,0.13407821,38.6,0.313
669467,NA,NA,95.06130789467194,92.46966101706026,103.5800245024623,NA,NA,104.63311474067163,97.09550748370049,Andre Pallante,"<a href=""leaders.aspx?pos=all&stats=pit&lg=all&qual=0&type=strType&season=2024&month=0&season1=2024&ind=1&team=28&rost=0&age=0"">STL</a>",121.1,3.782967251015966,3.710435853599281,3.8876064493861815,0.09037328,38.1,0.293
669620,88.78192861216891,100.32706573111507,93.05440759431454,85.96255492243718,NA,97.91603242943023,NA,NA,94.75240717917532,Brady Basso,"<a href=""leaders.aspx?pos=all&stats=pit&lg=all&qual=0&type=strType&season=2024&month=0&season1=2024&ind=1&team=10&rost=0&age=0"">OAK</a>",22.1,4.029850803629332,3.8828976989350097,3.9645795046345476,0.15053764,42,0.297
669622,101.19522581688464,NA,89.10960721605547,100.06090680276284,107.6028489825217,92.50443610635945,112.08624841423662,NA,105.26733313150844,Anthony Bender,"<a href=""leaders.aspx?pos=all&stats=pit&lg=all&qual=0&type=strType&season=2024&month=0&season1=2024&ind=1&team=20&rost=0&age=0"">MIA</a>",53,4.07547257811476,2.9211967064588142,3.3550146238125613,0.17982456,40.8,0.296
669639,NA,NA,94.55430611558951,NA,96.7052581110065,NA,NA,NA,96.16752011215226,NA,NA,NA,NA,NA,NA,NA,NA,NA
669668,NA,NA,95.80316551659078,NA,101.0908392627018,NA,NA,NA,98.00636291080372,NA,NA,NA,NA,NA,NA,NA,NA,NA
669674,NA,101.93576903223396,99.02926408182033,91.03914903585462,103.49272670238639,NA,NA,NA,100.80166734640147,Sam Long,"<a href=""leaders.aspx?pos=all&stats=pit&lg=all&qual=0&type=strType&season=2024&month=0&season1=2024&ind=1&team=7&rost=0&age=0"">KCR</a>",42.2,3.1640632543714653,3.8930424515158353,3.9997390399122343,0.15340909,33.3,0.286
669697,NA,NA,103.87594204505932,NA,103.83258799914519,NA,NA,NA,103.85426502210225,NA,NA,NA,NA,NA,NA,NA,NA,NA
669704,112.7391161135717,107.64449846763375,98.19120485196615,NA,NA,104.00293264835668,124.43595991130773,NA,107.18994636917044,NA,NA,NA,NA,NA,NA,NA,NA,NA
669711,94.90103685689833,NA,97.88885268786792,95.25065523618592,103.34815012599331,97.06148750300837,104.63034715377857,NA,98.97714944226755,Greg Weissert,"<a href=""leaders.aspx?pos=all&stats=pit&lg=all&qual=0&type=strType&season=2024&month=0&season1=2024&ind=1&team=3&rost=0&age=0"">BOS</a>",63.1,3.1263164171552993,3.7191114681909845,3.9056889523311265,0.14448669,40.5,0.31
669713,95.76363341680631,NA,89.49868269192511,90.07570793182951,NA,104.90535647374482,112.96996969301027,NA,100.54025842346003,Hayden Wesneski,"<a href=""leaders.aspx?pos=all&stats=pit&lg=all&qual=0&type=strType&season=2024&month=0&season1=2024&ind=1&team=17&rost=0&age=0"">CHC</a>",67.2,3.8571433282754763,4.511307528761321,3.926450027950475,0.16254417,36.8,0.293
669721,89.0684214601022,95.86560268444072,94.91041891276335,NA,104.38134827278084,NA,NA,NA,96.45807347168373,Davis Daniel,"<a href=""leaders.aspx?pos=all&stats=pit&lg=all&qual=0&type=strType&season=2024&month=0&season1=2024&ind=1&team=1&rost=0&age=0"">LAA</a>",30.1,6.2307694919615315,4.155490808759879,4.15603019782228,0.1641791,39.4,0.367
669724,89.95479722392722,NA,88.89630238062801,92.959986214752007,100.3674086816702,94.68893699851871,NA,NA,93.81301542691966,Brenan Hanifee,"<a href=""leaders.aspx?pos=all&stats=pit&lg=all&qual=0&type=strType&season=2024&month=0&season1=2024&ind=1&team=6&rost=0&age=0"">DET</a>",29.1,1.8409095298161253,3.098297943852161,3.552123684840213,0.14166667,36.3,0.277
669796,87.29923583629537,NA,88.3101945593317,NA,103.81150167080482,NA,NA,NA,97.82650873489293,Jose E. Hernandez,"<a href=""leaders.aspx?pos=all&stats=pit&lg=all&qual=0&type=strType&season=2024&month=0&season1=2024&ind=1&team=27&rost=0&age=0"">PIT</a>",5.1,3.3750014081603203,6.353981108218987,6.751497035741556,0,47.1,0.35
669854,105.8775739925191,96.96661157270297,97.28460353237656,NA,98.54721722757512,NA,NA,NA,99.49951888521406,Ronel Blanco,"<a href=""leaders.aspx?pos=all&stats=pit&lg=all&qual=0&type=strType&season=2024&month=0&season1=2024&ind=1&team=21&rost=0&age=0"">HOU</a>",167.1,2.7968128340158906,4.146559489355193,4.090967087298483,0.14497042,35.5,0.276
669912,98.19101836537466,NA,95.68442091994046,98.63583076070707,103.56061419478179,NA,NA,NA,99.06897634516892,Kirby Snead,"<a href=""leaders.aspx?pos=all&stats=pit&lg=all&qual=0&type=strType&season=2024&month=0&season1=2024&ind=1&team=11&rost=0&age=0"">SEA</a>",10.1,4.354839647473906,3.843899279007958,5.307133535614362,0,41.2,0.367
669923,NA,NA,97.37879636129495,99.00974699137899,109.29296151396413,97.61056633822413,NA,107.65607525056086,102.6628234074154,George Kirby,"<a href=""leaders.aspx?pos=all&stats=pit&lg=all&qual=0&type=strType&season=2024&month=0&season1=2024&ind=1&team=11&rost=0&age=0"">SEA</a>",191,3.5340314136125652,3.26072061598613,3.5761652496238656,0.20051414,36.3,0.287
669952,NA,98.70594826370046,94.4542924632627,87.40855958054719,103.22159863279884,NA,107.75821231841307,NA,97.76900756427972,Mitch White,- - -,23.2,7.225352889085462,6.039719523657114,5.6952790830012034,0,42.2,0.366
670036,NA,NA,105.68485027290654,NA,NA,102.08490505505559,109.9872663503461,NA,106.07951065909067,Matt Festa,- - -,23.2,5.704226424783652,3.377747423652153,4.515224858021987,0.16,34.3,0.296
670046,92.74584412896758,97.83783774179102,91.09870758225836,NA,NA,100.80632928227485,NA,NA,93.31300854237178,Kenny Rosenberg,"<a href=""leaders.aspx?pos=all&stats=pit&lg=all&qual=0&type=strType&season=2024&month=0&season1=2024&ind=1&team=1&rost=0&age=0"">LAA</a>",24,6.000000238418589,5.458146536019116,4.891825088996502,0.08653846,38,0.365
670059,NA,NA,92.44634508126771,96.98926385795627,NA,101.00951726463325,105.25326989815119,NA,101.91681127178738,Colin Holderman,"<a href=""leaders.aspx?pos=all&stats=pit&lg=all&qual=0&type=strType&season=2024&month=0&season1=2024&ind=1&team=27&rost=0&age=0"">PIT</a>",51.1,3.1558447030528902,4.257389058357461,4.416826991613249,0.13901345,38,0.307
670102,NA,103.83695317060472,101.28864637439094,90.05713723518943,97.91411623448607,NA,NA,NA,101.1961555637141,Bowden Francis,"<a href=""leaders.aspx?pos=all&stats=pit&lg=all&qual=0&type=strType&season=2024&month=0&season1=2024&ind=1&team=14&rost=0&age=0"">TOR</a>",103.2,3.299035450706248,4.362621286732996,4.170632066854422,0.17156863,36.2,0.272
670103,93.17857785209324,NA,86.11397176829757,96.28957998123764,NA,NA,96.69587154474237,NA,94.33901647714946,Raymond Burgos,"<a href=""leaders.aspx?pos=all&stats=pit&lg=all&qual=0&type=strType&season=2024&month=0&season1=2024&ind=1&team=30&rost=0&age=0"">SFG</a>",1,9,4.166479778289795,5.678488184511662,0,NA,NA
670124,92.21543356255458,101.28677226068197,101.6885472257521,94.57933577977504,103.46427733948397,96.69440015593335,NA,NA,101.3454839686681,Adam Oller,"<a href=""leaders.aspx?pos=all&stats=pit&lg=all&qual=0&type=strType&season=2024&month=0&season1=2024&ind=1&team=20&rost=0&age=0"">MIA</a>",42.1,5.314960789566665,5.316086142070091,5.238050412817509,0.07407407,38.8,0.347
670161,NA,99.2041887703966,83.57429397664303,86.68597060306627,99.51246382187178,NA,NA,NA,93.00032379068237,Parker Dunshee,"<a href=""leaders.aspx?pos=all&stats=pit&lg=all&qual=0&type=strType&season=2024&month=0&season1=2024&ind=1&team=16&rost=0&age=0"">ATL</a>",2.1,19.2857169131847,15.595052900119935,7.0442090029688185,0.07142857,62.5,0.595
670167,94.99224673609537,NA,93.46108509472828,104.57993793088899,NA,96.61247411933236,99.89300291779402,NA,98.59878728351941,John Schreiber,"<a href=""leaders.aspx?pos=all&stats=pit&lg=all&qual=0&type=strType&season=2024&month=0&season1=2024&ind=1&team=7&rost=0&age=0"">KCR</a>",51.2,3.65806523635672,3.0309958806469535,4.213352472887431,0.11607143,37,0.287
670174,95.37617922981951,NA,89.58291970796013,95.18289509384083,99.99595100011791,96.9957799396587,NA,NA,96.19050733850867,Josh Winckowski,"<a href=""leaders.aspx?pos=all&stats=pit&lg=all&qual=0&type=strType&season=2024&month=0&season1=2024&ind=1&team=3&rost=0&age=0"">BOS</a>",76,4.144737258182049,4.482269384061874,4.144487508433421,0.10119048,43.1,0.327
670219,99.91073249056444,91.55833578904861,93.48975803855176,NA,100.92259496498684,NA,NA,NA,96.81616399294764,Zac Kristofak,"<a href=""leaders.aspx?pos=all&stats=pit&lg=all&qual=0&type=strType&season=2024&month=0&season1=2024&ind=1&team=1&rost=0&age=0"">LAA</a>",2,0,4.166479778289795,4.922483981400728,0,57.1,0.434
670241,90.10265488160061,95.41252789987509,92.05251971816192,NA,100.33805306658293,100.74109518496341,NA,NA,93.70319094112801,Darius Vines,"<a href=""leaders.aspx?pos=all&stats=pit&lg=all&qual=0&type=strType&season=2024&month=0&season1=2024&ind=1&team=16&rost=0&age=0"">ATL</a>",13.2,8.560976008018681,6.751845798742063,5.491567204242505,0.07575758,48.1,0.427
670280,NA,99.35956130691959,108.78596875163886,NA,NA,NA,NA,NA,106.23462579633247,David Bednar,"<a href=""leaders.aspx?pos=all&stats=pit&lg=all&qual=0&type=strType&season=2024&month=0&season1=2024&ind=1&team=27&rost=0&age=0"">PIT</a>",57.2,5.7745671106423515,4.796537761474123,4.865219951088323,0.11450382,39.5,0.319
670389,NA,98.25212133805697,NA,95.0613937052457,100.2433714848547,94.64093074885551,NA,NA,96.52570330953466,NA,NA,NA,NA,NA,NA,NA,NA,NA
670766,89.94993198894402,NA,89.93308832892731,91.0228880294881,NA,NA,104.72669070859506,NA,95.8811737603492,Darren McCaughan,- - -,42,6.214285996495474,6.118860864747415,5.853160577336643,0.06666667,39,0.39
670810,103.25905185213024,104.26860515791574,94.62750313483964,90.93200270454084,106.76244695149192,89.54765601652522,104.6525290044284,NA,98.27858950345724,Logan Gillaspie,"<a href=""leaders.aspx?pos=all&stats=pit&lg=all&qual=0&type=strType&season=2024&month=0&season1=2024&ind=1&team=29&rost=0&age=0"">SDP</a>",11.1,7.147059625407906,4.490009338550518,4.597316819295411,0.14285714,48.8,0.355
670871,109.28261046764,NA,93.93233707138596,108.04520799106913,108.32212155857616,NA,NA,NA,103.50985974301034,Guillo Zuñiga,"<a href=""leaders.aspx?pos=all&stats=pit&lg=all&qual=0&type=strType&season=2024&month=0&season1=2024&ind=1&team=1&rost=0&age=0"">LAA</a>",17.2,5.094340355976084,7.015536936138392,5.219169787184608,0.05263158,49.1,0.35
670950,101.04871329526875,NA,97.18045094367803,95.31470195079471,96.68395250969151,NA,NA,NA,99.18242456090361,Trevor Richards,- - -,65.1,4.545918986679251,4.360357491963134,4.957797210119272,0.09747292,37.9,0.273
670955,102.7282062891659,97.6012818068512,102.90015903588622,NA,NA,101.07479430327359,100.78150226735768,NA,102.31679734294437,Edwin Uceta,"<a href=""leaders.aspx?pos=all&stats=pit&lg=all&qual=0&type=strType&season=2024&month=0&season1=2024&ind=1&team=12&rost=0&age=0"">TBR</a>",41.2,1.5120002307129259,1.7024795549010892,2.493719543858397,0.3081761,31.2,0.213
670970,NA,103.04666700431862,105.8779465070702,104.21095270206098,109.37833730850089,NA,108.34126959833836,NA,106.47764244371125,Adrian Morejon,"<a href=""leaders.aspx?pos=all&stats=pit&lg=all&qual=0&type=strType&season=2024&month=0&season1=2024&ind=1&team=29&rost=0&age=0"">SDP</a>",63.2,2.8272259214144184,2.789516322101206,3.326445464190468,0.18382353,32.4,0.304
670990,99.35024934174547,104.25094463442234,101.57194006482058,99.02041731984603,NA,NA,108.75785267206929,NA,102.98948257793587,Yohan Ramírez,- - -,45,6.200001051161203,4.255368851791225,4.578221570389734,0.13461538,34.3,0.351
671096,98.05706440077033,104.56399847971359,95.40893180604739,NA,111.49908285877365,NA,111.44923350199063,NA,99.80797951705264,Andrew Abbott,"<a href=""leaders.aspx?pos=all&stats=pit&lg=all&qual=0&type=strType&season=2024&month=0&season1=2024&ind=1&team=18&rost=0&age=0"">CIN</a>",138,3.717391304347826,5.0432913724926935,4.912405187442251,0.10580205,33.5,0.323
671106,93.28502497659774,NA,92.26205278373378,87.22338481027224,NA,96.501524368038,97.22848976515535,NA,93.40082297790353,Logan Allen,"<a href=""leaders.aspx?pos=all&stats=pit&lg=all&qual=0&type=strType&season=2024&month=0&season1=2024&ind=1&team=5&rost=0&age=0"">CLE</a>",97.1,5.732877011906716,5.868534714009268,4.747695445109355,0.08796296,46.4,0.39
671109,97.4673017850136,103.10116587471381,90.93996649208475,NA,99.92355334012998,NA,NA,NA,94.77285414876506,Jake Eder,"<a href=""leaders.aspx?pos=all&stats=pit&lg=all&qual=0&type=strType&season=2024&month=0&season1=2024&ind=1&team=4&rost=0&age=0"">CHW</a>",2,4.5,5.166479778289795,5.922483981400728,0,NA,NA
671111,90.94660286162842,NA,91.71129954794877,87.77408595577393,107.164949048009,NA,102.93652611329676,NA,95.30718175831979,Sammy Peralta,"<a href=""leaders.aspx?pos=all&stats=pit&lg=all&qual=0&type=strType&season=2024&month=0&season1=2024&ind=1&team=4&rost=0&age=0"">CHW</a>",15,4.80000061035164,4.833146656884114,4.712622274861971,0.05555556,50,0.387
671131,NA,90.23000692554405,100.53747610151474,98.17228904850133,97.3652352136499,101.21255933811753,NA,NA,98.45061091509723,Jackson Rutledge,"<a href=""leaders.aspx?pos=all&stats=pit&lg=all&qual=0&type=strType&season=2024&month=0&season1=2024&ind=1&team=24&rost=0&age=0"">WSN</a>",8.1,3.2400004943848413,3.6464798515319936,3.1751258320888223,0.20588235,36.4,0.336
671212,NA,102.412558368175,104.71891687262132,NA,113.7330277944799,NA,117.51781833141544,NA,107.99673877778075,Joe Boyle,"<a href=""leaders.aspx?pos=all&stats=pit&lg=all&qual=0&type=strType&season=2024&month=0&season1=2024&ind=1&team=10&rost=0&age=0"">OAK</a>",47.2,6.419580890518067,4.676969399588164,5.108642231926464,0.07079646,40.5,0.334
671305,NA,NA,110.14325543686131,101.28895215188781,100.3925650324905,NA,NA,NA,104.68147961062802,Michel Otañez,"<a href=""leaders.aspx?pos=all&stats=pit&lg=all&qual=0&type=strType&season=2024&month=0&season1=2024&ind=1&team=10&rost=0&age=0"">OAK</a>",34,3.441177242767613,2.7253032087042035,3.3836642093511315,0.23178808,32.9,0.291
671345,92.25764497057767,NA,94.76721978423038,97.70720506438289,105.17262658722572,NA,NA,NA,99.53330102674785,Jason Foley,"<a href=""leaders.aspx?pos=all&stats=pit&lg=all&qual=0&type=strType&season=2024&month=0&season1=2024&ind=1&team=6&rost=0&age=0"">DET</a>",60,3.1500006008149337,3.81647990226748,4.093954187457847,0.104,41.2,0.277
671737,NA,95.641105758539,104.91239809636637,NA,NA,104.23134493285335,NA,NA,104.69384965143107,Taj Bradley,"<a href=""leaders.aspx?pos=all&stats=pit&lg=all&qual=0&type=strType&season=2024&month=0&season1=2024&ind=1&team=12&rost=0&age=0"">TBR</a>",138,4.108695652173913,4.094016010173853,3.621213309510031,0.18512111,42.9,0.308
671922,NA,NA,105.03906648664741,NA,NA,NA,100.74148938630059,NA,105.81680086552929,Cade Smith,"<a href=""leaders.aspx?pos=all&stats=pit&lg=all&qual=0&type=strType&season=2024&month=0&season1=2024&ind=1&team=5&rost=0&age=0"">CLE</a>",75.1,1.9115047474253068,1.4009927546261436,2.4126101284819432,0.29757786,42.8,0.235
672078,NA,91.02538652105457,86.1842791468402,NA,91.62480775971568,NA,NA,NA,91.42599913745842,NA,NA,NA,NA,NA,NA,NA,NA,NA
672277,NA,NA,NA,91.94270670024022,103.1775760733237,86.10779909387928,NA,NA,93.79102127132978,NA,NA,NA,NA,NA,NA,NA,NA,NA
672282,96.32564220615723,98.555732492918,94.81906079474987,92.40877891517734,106.09349768530377,NA,NA,NA,98.17251650777108,Reid Detmers,"<a href=""leaders.aspx?pos=all&stats=pit&lg=all&qual=0&type=strType&season=2024&month=0&season1=2024&ind=1&team=1&rost=0&age=0"">LAA</a>",87.1,6.69847367255953,4.723731777380557,3.862215116366004,0.18158568,39.3,0.37
672335,NA,107.97380418766822,95.85348283714572,94.96461075435717,NA,NA,NA,NA,99.07112914696326,Cionel Pérez,"<a href=""leaders.aspx?pos=all&stats=pit&lg=all&qual=0&type=strType&season=2024&month=0&season1=2024&ind=1&team=2&rost=0&age=0"">BAL</a>",53.2,4.527951168832941,3.2969145856224316,4.592922036613899,0.07563025,34,0.296
672391,101.264208062286,NA,111.91210152918902,NA,NA,104.75109128106753,105.87892576942872,NA,108.66120953112635,Kaleb Ort,"<a href=""leaders.aspx?pos=all&stats=pit&lg=all&qual=0&type=strType&season=2024&month=0&season1=2024&ind=1&team=21&rost=0&age=0"">HOU</a>",24.2,2.5540545148690095,5.234047718898041,3.6289779351769167,0.23655914,36.5,0.277
672405,NA,NA,NA,89.52013045249393,NA,104.10631812275132,NA,NA,96.15021575715637,NA,NA,NA,NA,NA,NA,NA,NA,NA
672456,96.74931809568338,NA,95.66843624660731,93.31502100405348,102.46365953286995,NA,NA,101.58765118564736,98.1821521203592,Keider Montero,"<a href=""leaders.aspx?pos=all&stats=pit&lg=all&qual=0&type=strType&season=2024&month=0&season1=2024&ind=1&team=6&rost=0&age=0"">DET</a>",98.1,4.759322326230596,5.149530747552543,4.32906552445607,0.11165049,37.9,0.341
672552,93.15094227675799,97.69141065475772,89.74050303967314,100.80165974110248,100.15506175896427,NA,NA,NA,93.88920808586765,Jack O'Loughlin,"<a href=""leaders.aspx?pos=all&stats=pit&lg=all&qual=0&type=strType&season=2024&month=0&season1=2024&ind=1&team=10&rost=0&age=0"">OAK</a>",9.2,4.655173179227431,4.821652464237326,5.197386229649734,0.0212766,47.2,0.358
672578,NA,NA,105.92318523860757,NA,106.60321632544421,NA,109.13144821938337,102.89374402287663,104.78443778529576,Carlos Hernández,"<a href=""leaders.aspx?pos=all&stats=pit&lg=all&qual=0&type=strType&season=2024&month=0&season1=2024&ind=1&team=7&rost=0&age=0"">KCR</a>",30,3.3000006294251687,3.499813175201428,5.435293380779239,0.08527132,38.8,0.287
672582,92.58890330519003,104.2494232871181,86.53907122537461,95.18225575370849,106.2257911075617,NA,NA,NA,96.17835347672565,Angel Zerpa,"<a href=""leaders.aspx?pos=all&stats=pit&lg=all&qual=0&type=strType&season=2024&month=0&season1=2024&ind=1&team=7&rost=0&age=0"">KCR</a>",53.2,3.85714386243601,3.967722223143652,3.6976169302858017,0.12552301,43.8,0.323
672710,97.5156665935179,96.85505598522634,99.73317521554449,93.23592558454095,101.83551044599115,NA,106.68885426252955,NA,99.8166949891374,Roansy Contreras,- - -,68.1,4.346342029560261,5.156723939973955,4.900578019532056,0.08389262,43.5,0.322
672712,90.87550612483574,NA,NA,89.69746429979175,92.38061825793136,93.9244182725068,NA,NA,90.89087869401696,NA,NA,NA,NA,NA,NA,NA,NA,NA
672782,92.97648287700855,102.56886553321802,98.23091461656283,NA,100.80495312365079,NA,110.49740802863737,NA,102.79970184271465,Yoendrys Gómez,"<a href=""leaders.aspx?pos=all&stats=pit&lg=all&qual=0&type=strType&season=2024&month=0&season1=2024&ind=1&team=9&rost=0&age=0"">NYY</a>",11.1,3.97058868078217,5.813538898811242,6.321083943755603,0.05555556,50,0.346
672836,NA,NA,88.2213487926154,NA,104.02177972801806,102.72060982365183,NA,NA,95.16354040393341,NA,NA,NA,NA,NA,NA,NA,NA,NA
672839,NA,NA,NA,89.69073919254696,NA,101.83310126267034,NA,NA,99.80937425098311,NA,NA,NA,NA,NA,NA,NA,NA,NA
672851,95.4463797605239,97.4414515903565,90.02917446655886,90.81525395596188,97.95544613393353,NA,NA,NA,92.91486306140332,Joan Adon,"<a href=""leaders.aspx?pos=all&stats=pit&lg=all&qual=0&type=strType&season=2024&month=0&season1=2024&ind=1&team=24&rost=0&age=0"">WSN</a>",10.2,6.750001005828531,5.885230183415175,4.581736293845849,0.04166667,29.7,0.357
672860,NA,NA,104.49088421436198,99.20680910880806,111.30208725414323,NA,NA,NA,108.27956717557413,Prelander Berroa,"<a href=""leaders.aspx?pos=all&stats=pit&lg=all&qual=0&type=strType&season=2024&month=0&season1=2024&ind=1&team=4&rost=0&age=0"">CHW</a>",19,3.315790139407136,4.008585210520179,4.231751998717604,0.15662651,18.6,0.318
673380,105.65815057471661,102.57552992513915,109.35849215381705,99.17655193648993,110.64780181713864,NA,NA,NA,109.74970603419865,Dedniel Núñez,"<a href=""leaders.aspx?pos=all&stats=pit&lg=all&qual=0&type=strType&season=2024&month=0&season1=2024&ind=1&team=25&rost=0&age=0"">NYM</a>",35,2.314286218760075,2.2236224299060607,2.318943461376176,0.2962963,38,0.234
673513,NA,97.13395955250905,107.41832783271984,88.44232714041435,103.62239737356113,NA,106.27885861375748,NA,103.91255164104402,Yuki Matsui,"<a href=""leaders.aspx?pos=all&stats=pit&lg=all&qual=0&type=strType&season=2024&month=0&season1=2024&ind=1&team=29&rost=0&age=0"">SDP</a>",62.2,3.7340433866313623,3.9164799456901114,4.018234441607012,0.16342413,37.3,0.283
673540,NA,92.54609736159519,102.14537849275924,NA,101.99547601506383,96.42937447955924,98.81419398217547,NA,100.36803770677469,Kodai Senga,"<a href=""leaders.aspx?pos=all&stats=pit&lg=all&qual=0&type=strType&season=2024&month=0&season1=2024&ind=1&team=25&rost=0&age=0"">NYM</a>",5.1,3.375000201165688,3.353979789465667,1.7669844233731715,0.4,55.6,0.217
673929,NA,104.82969415774308,105.5083610247213,NA,106.96721979125812,NA,NA,NA,105.83158935911104,Jordan Leasure,"<a href=""leaders.aspx?pos=all&stats=pit&lg=all&qual=0&type=strType&season=2024&month=0&season1=2024&ind=1&team=4&rost=0&age=0"">CHW</a>",31.1,6.319149961942301,5.815416378497932,5.449300463974536,0.05633803,35.1,0.366
674003,100.63338810625551,97.22892701827831,92.13874292613711,NA,97.81105109348776,93.33325725594656,NA,NA,95.49554470746864,Cody Bradford,"<a href=""leaders.aspx?pos=all&stats=pit&lg=all&qual=0&type=strType&season=2024&month=0&season1=2024&ind=1&team=13&rost=0&age=0"">TEX</a>",76.1,3.53711813961633,3.5856937800221007,3.823818125274144,0.18506494,34.8,0.273
674072,95.24200707742462,96.72880259918166,90.71362832876797,91.75071898277831,95.8810454950359,NA,NA,NA,93.4201373564313,Tommy Henry,"<a href=""leaders.aspx?pos=all&stats=pit&lg=all&qual=0&type=strType&season=2024&month=0&season1=2024&ind=1&team=15&rost=0&age=0"">ARI</a>",38.1,7.043478319279864,6.375175457072844,5.21629901699248,0.06593407,46.2,0.414
674285,84.66039016855191,87.52558895957097,89.87244139260949,94.49546926905735,100.65544412521645,NA,NA,NA,96.67581929435661,Eduardo Salazar,- - -,29.1,2.761364294724188,3.7460253710096865,3.942122344944412,0.09774436,42.9,0.338
674370,98.4535379706228,NA,100.75068770578866,101.28208201938564,102.29049832693677,99.36117206576724,NA,NA,100.58745224284797,Osvaldo Bido,"<a href=""leaders.aspx?pos=all&stats=pit&lg=all&qual=0&type=strType&season=2024&month=0&season1=2024&ind=1&team=10&rost=0&age=0"">OAK</a>",63.1,3.410526486975343,3.3559534720106474,4.6261956003714655,0.14285714,27,0.265
674444,NA,NA,102.35319724855175,102.18997562944318,NA,99.01247255086322,NA,NA,100.49320891973446,Steven Cruz,"<a href=""leaders.aspx?pos=all&stats=pit&lg=all&qual=0&type=strType&season=2024&month=0&season1=2024&ind=1&team=7&rost=0&age=0"">KCR</a>",5.2,0,1.7547149140116902,3.3556651708095657,0.22222222,35.7,0.049
674944,87.26446376333708,NA,91.3402113551533,91.15436344666145,96.55591536943346,NA,NA,NA,93.36768288511999,Sean Guenther,"<a href=""leaders.aspx?pos=all&stats=pit&lg=all&qual=0&type=strType&season=2024&month=0&season1=2024&ind=1&team=6&rost=0&age=0"">DET</a>",21,0.8571430906958146,2.595051051159252,3.747057769796642,0.1369863,31.6,0.167
675540,90.5308323820992,94.7900072288123,93.30067067281959,NA,99.3146635898667,NA,101.34453941138456,NA,95.48415397853654,Xzavion Curry,- - -,42.2,4.6406253803288875,4.78366741082865,5.039432405372924,0.12209302,43.1,0.309
675627,NA,NA,96.08006827217098,97.97023174868629,107.9827235730635,102.87109708643808,NA,106.40867910533717,104.61403550334167,Michael Grove,"<a href=""leaders.aspx?pos=all&stats=pit&lg=all&qual=0&type=strType&season=2024&month=0&season1=2024&ind=1&team=22&rost=0&age=0"">LAD</a>",51,5.117647441613249,3.8723621840295537,3.7660171466369157,0.17592593,33.8,0.308
675650,106.91288789325837,101.35719907475719,98.27888705441131,NA,NA,102.22075167663569,NA,NA,100.37185456790709,Michael Mercado,"<a href=""leaders.aspx?pos=all&stats=pit&lg=all&qual=0&type=strType&season=2024&month=0&season1=2024&ind=1&team=26&rost=0&age=0"">PHI</a>",13,11.076923889521371,12.935711264187116,7.192344333180248,0.015625,47.7,0.504
675911,106.9398627926562,100.05756210401451,105.88834967607126,NA,103.46800948365943,NA,NA,NA,104.518851732372,Spencer Strider,"<a href=""leaders.aspx?pos=all&stats=pit&lg=all&qual=0&type=strType&season=2024&month=0&season1=2024&ind=1&team=16&rost=0&age=0"">ATL</a>",9,7,5.0553686671786835,4.014490052560966,0.16666667,36,0.365
675921,95.99245552934609,93.65285666851891,92.9815894667008,NA,99.39653233680151,NA,NA,NA,95.1943528318281,Spencer Howard,- - -,29,6.20689716407156,4.994066165488643,5.046768580128124,0.09027778,44.7,0.408
675976,98.8719070867136,110.47310905986744,87.50889771271285,86.48246343671823,101.59171643534721,NA,105.88900741032052,NA,95.06914121521409,NA,NA,NA,NA,NA,NA,NA,NA,NA
675977,NA,NA,87.46537610947597,95.6713273132143,102.4709885941555,NA,109.96534216902111,NA,98.8939629354229,NA,NA,NA,NA,NA,NA,NA,NA,NA
675989,90.74772798866277,NA,88.89172987483656,87.20437703169071,NA,106.41624668375947,101.54384635101647,NA,97.18223818669412,Cody Bolton,"<a href=""leaders.aspx?pos=all&stats=pit&lg=all&qual=0&type=strType&season=2024&month=0&season1=2024&ind=1&team=11&rost=0&age=0"">SEA</a>",18.2,4.339286305466557,4.880765726128435,4.573489877312623,0.09638554,35.1,0.33
676083,NA,106.32467406639266,101.74379443287397,90.74409202676912,102.78233835590808,NA,102.56694949051072,NA,101.78400702710289,Janson Junk,- - -,8,14.625,7.541479778289795,4.934492387622595,0.08333333,50,0.566
676092,NA,NA,101.45874244985585,92.70387799517196,NA,100.4154817438128,106.36139474081605,NA,102.73739267159111,Collin Snider,"<a href=""leaders.aspx?pos=all&stats=pit&lg=all&qual=0&type=strType&season=2024&month=0&season1=2024&ind=1&team=11&rost=0&age=0"">SEA</a>",41.2,1.9440002966309047,3.4064798149108944,3.5157371120511756,0.20118343,36.7,0.288
676105,96.77191726764822,99.96690310269798,95.47493040240606,NA,102.62251091420208,NA,NA,NA,98.62662873824509,Jeff Criswell,"<a href=""leaders.aspx?pos=all&stats=pit&lg=all&qual=0&type=strType&season=2024&month=0&season1=2024&ind=1&team=19&rost=0&age=0"">COL</a>",19.2,2.7457630669238937,4.590208775954036,3.253131123686617,0.20689655,42,0.353
676106,98.42515558737085,NA,95.34911963275763,98.86743926617011,96.75534219339526,98.51392137109397,95.66212482817586,NA,97.37349654120183,Emerson Hancock,"<a href=""leaders.aspx?pos=all&stats=pit&lg=all&qual=0&type=strType&season=2024&month=0&season1=2024&ind=1&team=11&rost=0&age=0"">SEA</a>",60.2,4.747252946256404,5.6884579059885105,5.235502631981925,0.07518797,46,0.339
676130,96.14241666600367,NA,101.72752280809712,93.3911518583193,101.16470074171971,NA,100.55076083026837,NA,98.42300811453084,José Buttó,"<a href=""leaders.aspx?pos=all&stats=pit&lg=all&qual=0&type=strType&season=2024&month=0&season1=2024&ind=1&team=25&rost=0&age=0"">NYM</a>",74,2.554054185715453,3.828641974586394,4.204866162028448,0.13945578,37.8,0.26
676254,NA,NA,95.26083133825647,96.1894164147475,107.25959770128692,NA,NA,NA,101.14867838064023,Ryan Walker,"<a href=""leaders.aspx?pos=all&stats=pit&lg=all&qual=0&type=strType&season=2024&month=0&season1=2024&ind=1&team=30&rost=0&age=0"">SFG</a>",80,1.9125001823902303,2.5164797163009585,2.800185837868136,0.26298701,30.2,0.233
676272,108.7960425125377,104.41988209138336,103.732348040129,97.75713859455891,111.04681015265429,NA,NA,NA,104.66747142825123,Bobby Miller,"<a href=""leaders.aspx?pos=all&stats=pit&lg=all&qual=0&type=strType&season=2024&month=0&season1=2024&ind=1&team=22&rost=0&age=0"">LAD</a>",56,8.517857142857142,6.970051206861223,4.697631942321148,0.08527132,47.7,0.411
676282,97.57609622303893,113.19766838999244,93.08845911332668,NA,98.96366232515352,NA,NA,NA,97.8310193974004,Joey Cantillo,"<a href=""leaders.aspx?pos=all&stats=pit&lg=all&qual=0&type=strType&season=2024&month=0&season1=2024&ind=1&team=5&rost=0&age=0"">CLE</a>",38.2,4.887931114853351,4.071652206966341,3.4621427820475024,0.17791411,40.4,0.321
676362,NA,NA,94.14697404574845,NA,93.05149909605322,NA,NA,NA,93.96439488746591,NA,NA,NA,NA,NA,NA,NA,NA,NA
676393,NA,94.07070623303301,93.76420218955224,101.27751517279052,102.54230771376638,NA,96.67133381563349,NA,95.71470760725369,NA,NA,NA,NA,NA,NA,NA,NA,NA
676395,94.03108399461587,NA,95.28637124529756,94.1587637462177,102.83929610257867,NA,NA,NA,96.13032454180437,Robert Garcia,"<a href=""leaders.aspx?pos=all&stats=pit&lg=all&qual=0&type=strType&season=2024&month=0&season1=2024&ind=1&team=24&rost=0&age=0"">WSN</a>",59.2,4.223464947247836,2.378770046065,2.7743079346531694,0.23505976,30.2,0.27
676428,93.01370439758668,NA,87.06212169797817,94.76325297929253,NA,NA,106.72762996168329,NA,97.82184331735688,Brant Hurter,"<a href=""leaders.aspx?pos=all&stats=pit&lg=all&qual=0&type=strType&season=2024&month=0&season1=2024&ind=1&team=6&rost=0&age=0"">DET</a>",45.1,2.580882425332979,3.0341268334009244,3.321252462062087,0.18285714,36.6,0.24
676440,98.80160707307448,101.85734138800122,98.32269015657987,95.3535970188344,NA,106.90852911235088,109.48180363577823,NA,101.45721559671121,Tanner Bibee,"<a href=""leaders.aspx?pos=all&stats=pit&lg=all&qual=0&type=strType&season=2024&month=0&season1=2024&ind=1&team=5&rost=0&age=0"">CLE</a>",173.2,3.4721691093324223,3.558034503720317,3.7221290344117035,0.20140845,36.9,0.299
676454,NA,NA,88.05052754947285,NA,108.98734346983245,99.56344585899521,NA,NA,100.09858632291566,NA,NA,NA,NA,NA,NA,NA,NA,NA
676477,99.78624333574723,NA,NA,98.22759296956407,99.55534946007414,97.7691848335797,96.29414175252718,NA,98.52489575160715,Garrett Whitlock,"<a href=""leaders.aspx?pos=all&stats=pit&lg=all&qual=0&type=strType&season=2024&month=0&season1=2024&ind=1&team=3&rost=0&age=0"">BOS</a>",18.1,1.9636364998305234,3.330116153275672,3.858123067715136,0.13333333,36,0.278
676498,88.28434524239613,99.28748496726801,91.29173510180193,NA,100.46129878599976,NA,NA,NA,95.3158685688102,NA,NA,NA,NA,NA,NA,NA,NA,NA
676508,NA,105.19574809497684,96.83606183831165,NA,NA,106.12533730377291,113.2390533376756,NA,103.6046499479267,Ben Casparius,"<a href=""leaders.aspx?pos=all&stats=pit&lg=all&qual=0&type=strType&season=2024&month=0&season1=2024&ind=1&team=22&rost=0&age=0"">LAD</a>",8.1,2.160000082397464,1.7264797233581524,3.3594488643705973,0.21621622,38.1,0.309
676534,NA,112.92436645333252,90.9822879090474,NA,NA,112.85194789393759,114.97775130781768,NA,105.48829777474575,Calvin Faucher,"<a href=""leaders.aspx?pos=all&stats=pit&lg=all&qual=0&type=strType&season=2024&month=0&season1=2024&ind=1&team=20&rost=0&age=0"">MIA</a>",53.2,3.186335781208273,2.495672245403843,3.7635055312544816,0.15744681,39.4,0.299
676568,NA,107.1461439328531,103.06215341379777,NA,104.84209606100097,93.63300739573597,NA,NA,103.67118377451119,Ricky Vanasco,- - -,4,6.75,2.666479778289795,3.4224839814007284,0.06666667,35.7,0.201
676570,NA,NA,99.12820838968744,NA,NA,NA,NA,NA,98.83680858088823,NA,NA,NA,NA,NA,NA,NA,NA,NA
676571,NA,NA,94.02585763477582,NA,NA,NA,NA,NA,94.02585763477582,NA,NA,NA,NA,NA,NA,NA,NA,NA
676596,90.22336561724238,97.03594302744192,NA,94.9410898114328,NA,87.40619814296664,NA,NA,91.87966435288264,Josh Fleming,"<a href=""leaders.aspx?pos=all&stats=pit&lg=all&qual=0&type=strType&season=2024&month=0&season1=2024&ind=1&team=27&rost=0&age=0"">PIT</a>",31.1,4.021277126115461,4.7622246696054535,4.86870028069797,0.02173913,33.3,0.334
676604,NA,NA,103.57008316821391,NA,NA,107.2065619027697,115.98937073199738,NA,108.79042750261478,Tyler Zuber,"<a href=""leaders.aspx?pos=all&stats=pit&lg=all&qual=0&type=strType&season=2024&month=0&season1=2024&ind=1&team=12&rost=0&age=0"">TBR</a>",3.1,2.70000025749209,6.46648009300235,5.288095111822161,0.13333333,22.2,0.346
676614,93.10685329095861,92.42673780199706,92.08982021293636,NA,NA,93.60676481479884,100.74581747747074,NA,94.23071078191474,Bryan Sammons,"<a href=""leaders.aspx?pos=all&stats=pit&lg=all&qual=0&type=strType&season=2024&month=0&season1=2024&ind=1&team=6&rost=0&age=0"">DET</a>",27.1,3.6219513880079033,5.800626242295543,5.491567204242505,0.08653846,31.6,0.277
676617,NA,103.91381308514565,90.0153487679575,98.98658309714958,107.8897805341696,NA,NA,NA,102.2196404855475,Riley O'Brien,"<a href=""leaders.aspx?pos=all&stats=pit&lg=all&qual=0&type=strType&season=2024&month=0&season1=2024&ind=1&team=28&rost=0&age=0"">STL</a>",8,11.250002682209654,7.041480702162009,5.681490885692503,0.06521739,42.3,0.467
676661,NA,107.38959725439578,99.48393085726902,NA,99.19486826094432,101.90431575877561,NA,NA,101.6317213336837,Max Lazar,"<a href=""leaders.aspx?pos=all&stats=pit&lg=all&qual=0&type=strType&season=2024&month=0&season1=2024&ind=1&team=26&rost=0&age=0"">PHI</a>",13.2,4.609756955357427,4.1908702128136675,3.616048218629361,0.12962963,44.2,0.309
676664,94.57550336439745,96.09763384535724,93.95992855040085,93.27566033440468,107.49928451758055,NA,101.89095318279873,NA,97.14390753882715,JP Sears,"<a href=""leaders.aspx?pos=all&stats=pit&lg=all&qual=0&type=strType&season=2024&month=0&season1=2024&ind=1&team=10&rost=0&age=0"">OAK</a>",180.2,4.383764084468382,4.710760308045702,4.863584175754567,0.11609499,40.1,0.324
676680,NA,NA,91.43042023005405,91.4891756875138,NA,NA,110.82269737270092,NA,101.44864529892475,Tom Cosgrove,"<a href=""leaders.aspx?pos=all&stats=pit&lg=all&qual=0&type=strType&season=2024&month=0&season1=2024&ind=1&team=29&rost=0&age=0"">SDP</a>",14.2,11.65909520506032,5.825571667163201,5.022127142394243,0.11842105,38,0.421
676684,99.98843469173278,NA,97.24661686285556,92.53202979654394,107.61776521581456,NA,NA,NA,98.98509823893727,Will Vest,"<a href=""leaders.aspx?pos=all&stats=pit&lg=all&qual=0&type=strType&season=2024&month=0&season1=2024&ind=1&team=6&rost=0&age=0"">DET</a>",70.1,2.815166691109663,2.8252474520946844,3.474619261951478,0.15570934,38,0.261
676689,99.98854918516818,NA,99.21800607791559,100.53965427944877,NA,NA,NA,NA,100.16510362028602,NA,NA,NA,NA,NA,NA,NA,NA,NA
676702,NA,NA,102.19469181464434,95.2991759179677,109.38999236507779,102.48787916679197,NA,NA,104.01444517791829,Hunter Stratton,"<a href=""leaders.aspx?pos=all&stats=pit&lg=all&qual=0&type=strType&season=2024&month=0&season1=2024&ind=1&team=27&rost=0&age=0"">PIT</a>",37.2,3.584071764399912,3.2461258174986822,3.9769676929394824,0.16455696,31.3,0.297
676710,NA,NA,103.18821473164891,NA,NA,103.31052267043007,99.60323504980818,92.01385725183792,101.26216585198475,Kutter Crawford,"<a href=""leaders.aspx?pos=all&stats=pit&lg=all&qual=0&type=strType&season=2024&month=0&season1=2024&ind=1&team=3&rost=0&age=0"">BOS</a>",183.2,4.361161766047359,4.647423598970047,4.348371778374868,0.16337286,36.3,0.304
676714,NA,NA,93.78833371943529,95.39714504870732,103.13750532411997,NA,NA,NA,97.96403875621115,Brandon Hughes,"<a href=""leaders.aspx?pos=all&stats=pit&lg=all&qual=0&type=strType&season=2024&month=0&season1=2024&ind=1&team=15&rost=0&age=0"">ARI</a>",17.2,8.150945009562566,8.71365068757543,5.137662827016292,0.12359551,41.1,0.457
676755,98.17979924762895,97.74887532545877,103.58733925585031,NA,99.7117937363708,NA,NA,NA,101.9959961631368,Isaac Mattson,"<a href=""leaders.aspx?pos=all&stats=pit&lg=all&qual=0&type=strType&season=2024&month=0&season1=2024&ind=1&team=27&rost=0&age=0"">PIT</a>",5.1,5.062500301748532,4.291479845345025,5.14198462453886,0.04347826,27.3,0.219
676760,100.63793661560449,NA,100.85866621846756,103.27898448298089,NA,NA,100.35770834304179,NA,100.71817615934711,Ron Marinaccio,"<a href=""leaders.aspx?pos=all&stats=pit&lg=all&qual=0&type=strType&season=2024&month=0&season1=2024&ind=1&team=9&rost=0&age=0"">NYY</a>",23.1,3.857143067340473,4.923622731189344,4.250259912322188,0.15151515,39.3,0.317
676775,NA,NA,91.7069538006129,99.33341702169501,106.71339738564635,NA,NA,NA,105.17401385364222,Keaton Winn,"<a href=""leaders.aspx?pos=all&stats=pit&lg=all&qual=0&type=strType&season=2024&month=0&season1=2024&ind=1&team=30&rost=0&age=0"">SFG</a>",55.1,7.156626670484122,4.847202708479248,4.071692062432718,0.11764706,50.6,0.354
676879,94.6336726009952,103.93423620912175,80.49610307328048,88.46854820379842,103.26665105358815,NA,NA,NA,94.60217824915503,Aaron Ashby,"<a href=""leaders.aspx?pos=all&stats=pit&lg=all&qual=0&type=strType&season=2024&month=0&season1=2024&ind=1&team=23&rost=0&age=0"">MIL</a>",28.1,2.8588238501631626,2.813538562220269,2.856461554518226,0.19327731,36.8,0.247
676961,96.53548765748886,94.23799319109295,91.79560349098611,88.25916113946165,101.16708915956829,92.22156154061742,95.04821538340667,NA,92.89330164334523,Caleb Boushley,"<a href=""leaders.aspx?pos=all&stats=pit&lg=all&qual=0&type=strType&season=2024&month=0&season1=2024&ind=1&team=8&rost=0&age=0"">MIN</a>",4,4.5,4.166479778289795,6.812494489178062,-0.05,41.2,0.371
676962,93.99623089310846,NA,96.58586506627374,NA,NA,NA,NA,111.43869887286661,101.72971490962928,Ben Brown,"<a href=""leaders.aspx?pos=all&stats=pit&lg=all&qual=0&type=strType&season=2024&month=0&season1=2024&ind=1&team=17&rost=0&age=0"">CHC</a>",55.1,3.578313335242061,3.112262909574006,3.631742220049449,0.2027027,51.4,0.268
676969,NA,NA,93.63057231467185,97.59920093792815,NA,104.42394596822757,NA,104.97489249627442,101.04200412652362,Brett de Geus,- - -,11.1,7.147060226816895,3.784126958385082,4.584602154142201,0.05769231,34.2,0.382
676974,95.64920013272693,NA,96.53978668344742,91.90159538579397,106.83260606272948,NA,122.34672903408972,NA,100.37128487791763,Max Meyer,"<a href=""leaders.aspx?pos=all&stats=pit&lg=all&qual=0&type=strType&season=2024&month=0&season1=2024&ind=1&team=20&rost=0&age=0"">MIA</a>",57,5.684210526315789,5.9033218835529535,4.434559539770871,0.10887097,47.8,0.381
676979,98.58645087420409,NA,102.70617409119949,101.98042401047461,NA,108.08561775869359,109.29519238346948,NA,104.58535325953054,Garrett Crochet,"<a href=""leaders.aspx?pos=all&stats=pit&lg=all&qual=0&type=strType&season=2024&month=0&season1=2024&ind=1&team=4&rost=0&age=0"">CHW</a>",146,3.5753424657534247,2.6870277234952744,2.378815742520845,0.29579832,38.8,0.28
676987,NA,NA,NA,94.24462079278253,NA,105.01850523467513,NA,NA,99.03301387806813,NA,NA,NA,NA,NA,NA,NA,NA,NA
677020,NA,98.63289299699947,97.6326717950934,91.92031540786583,NA,NA,NA,NA,96.46419496448436,Josh Walker,"<a href=""leaders.aspx?pos=all&stats=pit&lg=all&qual=0&type=strType&season=2024&month=0&season1=2024&ind=1&team=25&rost=0&age=0"">NYM</a>",12.1,5.108109029738019,3.896209639680941,4.558489571640776,0.09090909,36.8,0.338
677053,91.31683007438686,NA,97.87772562297583,NA,103.2504527658002,NA,NA,NA,99.83053835092588,Andrew Nardi,"<a href=""leaders.aspx?pos=all&stats=pit&lg=all&qual=0&type=strType&season=2024&month=0&season1=2024&ind=1&team=20&rost=0&age=0"">MIA</a>",49.2,5.073826542556362,3.327553636783648,3.3523693354139605,0.24761905,34.7,0.312
677076,90.78551915004098,NA,86.1297372817454,90.14395340725133,98.65220577918384,NA,NA,NA,91.11192580092433,Clayton Andrews,"<a href=""leaders.aspx?pos=all&stats=pit&lg=all&qual=0&type=strType&season=2024&month=0&season1=2024&ind=1&team=9&rost=0&age=0"">NYY</a>",0.1,27.000028163224034,45.1665235877494,10.702512857650452,0.33333333,NA,NA
677161,108.01614024084402,NA,100.92376849600325,NA,NA,102.37922994670501,111.14138078040072,NA,105.44122044525855,Zack Kelly,"<a href=""leaders.aspx?pos=all&stats=pit&lg=all&qual=0&type=strType&season=2024&month=0&season1=2024&ind=1&team=3&rost=0&age=0"">BOS</a>",56.2,3.9705888144286052,4.84295061104854,3.9363228986385077,0.14107884,31.1,0.3
677865,NA,NA,NA,91.30880304105474,NA,99.70542117365807,99.80162985518218,NA,97.0074371050055,Justin Bruihl,"<a href=""leaders.aspx?pos=all&stats=pit&lg=all&qual=0&type=strType&season=2024&month=0&season1=2024&ind=1&team=27&rost=0&age=0"">PIT</a>",5.2,9.529414437634648,4.754715517895569,3.7947226658794144,0.14814815,60,0.421
677944,95.86964591359265,101.01614041378134,99.34952721003526,NA,103.36909105349494,104.10532693592452,101.9092003383039,NA,100.0279188593376,Slade Cecconi,"<a href=""leaders.aspx?pos=all&stats=pit&lg=all&qual=0&type=strType&season=2024&month=0&season1=2024&ind=1&team=15&rost=0&age=0"">ARI</a>",77,6.66233807491563,5.023622750439766,4.698337238774359,0.13905326,36.4,0.366
677955,94.78131899764217,NA,92.43464460283316,97.55117719900612,106.89864706679842,NA,NA,NA,97.90715610382438,Jaden Hill,"<a href=""leaders.aspx?pos=all&stats=pit&lg=all&qual=0&type=strType&season=2024&month=0&season1=2024&ind=1&team=19&rost=0&age=0"">COL</a>",10.2,5.062500301748532,6.16647995710374,5.42998937020508,0.04444445,42.4,0.302
677958,100.45060470158978,107.52012891387707,90.24335685548355,97.60011272881012,101.92327352976277,NA,NA,NA,96.0334816219138,Kumar Rocker,"<a href=""leaders.aspx?pos=all&stats=pit&lg=all&qual=0&type=strType&season=2024&month=0&season1=2024&ind=1&team=13&rost=0&age=0"">TEX</a>",11.2,3.857143067340473,3.680765520601858,3.8624870215522082,0.14545455,47.1,0.307
677960,93.33756598494003,NA,99.06957985865708,91.71569537727753,97.96735977456349,NA,101.89841016976347,NA,97.27248974633277,Ryan Weathers,"<a href=""leaders.aspx?pos=all&stats=pit&lg=all&qual=0&type=strType&season=2024&month=0&season1=2024&ind=1&team=20&rost=0&age=0"">MIA</a>",86.2,3.634615491268906,4.112633652207415,4.032796225556618,0.15258856,38.2,0.303
677976,93.05290745201678,NA,83.60542029621817,88.46753795060609,98.1005859083022,NA,NA,NA,92.4182781456888,Randy Dobnak,"<a href=""leaders.aspx?pos=all&stats=pit&lg=all&qual=0&type=strType&season=2024&month=0&season1=2024&ind=1&team=8&rost=0&age=0"">MIN</a>",9.2,5.586207263960165,4.614755735612801,4.521245444956527,0.04444444,30.3,0.343
678013,NA,NA,100.90581935406772,93.3741556790265,103.45309416131215,NA,NA,NA,99.08329969789688,NA,NA,NA,NA,NA,NA,NA,NA,NA
678020,NA,102.93556917707242,101.4432796325096,NA,114.47051719623148,NA,NA,NA,104.93503098533324,Seth Halvorsen,"<a href=""leaders.aspx?pos=all&stats=pit&lg=all&qual=0&type=strType&season=2024&month=0&season1=2024&ind=1&team=19&rost=0&age=0"">COL</a>",12.1,1.4594596099296373,3.8962095832546138,3.504435301276725,0.23913044,46.7,0.25
678061,NA,95.51713600791817,97.20805198277263,NA,NA,90.49556079936369,NA,NA,95.92793286561191,Ray Kerr,"<a href=""leaders.aspx?pos=all&stats=pit&lg=all&qual=0&type=strType&season=2024&month=0&season1=2024&ind=1&team=16&rost=0&age=0"">ATL</a>",22.1,5.641791365995912,4.420211192955553,3.784399671182591,0.19417476,45.5,0.39
678215,NA,NA,95.41995648194694,NA,100.39061076047126,NA,NA,NA,99.14794719084017,NA,NA,NA,NA,NA,NA,NA,NA,NA
678226,NA,NA,103.22944392558294,103.47448077125355,113.66688405678457,NA,NA,NA,109.04607325409206,Daysbel Hernández,"<a href=""leaders.aspx?pos=all&stats=pit&lg=all&qual=0&type=strType&season=2024&month=0&season1=2024&ind=1&team=16&rost=0&age=0"">ATL</a>",18,2.500000529819177,2.110923999032809,3.454931756062397,0.21621622,27,0.221
678279,88.76360826730536,NA,92.65301065107275,93.28133412141129,98.84090549001583,NA,NA,NA,93.37322790900242,NA,NA,NA,NA,NA,NA,NA,NA,NA
678368,97.15642784735512,97.32786074770539,86.88227736374047,NA,NA,101.26655535323574,104.48355532263696,NA,95.06151013671219,Valente Bellozo,"<a href=""leaders.aspx?pos=all&stats=pit&lg=all&qual=0&type=strType&season=2024&month=0&season1=2024&ind=1&team=20&rost=0&age=0"">MIA</a>",68.2,3.669903048539506,5.72958666933326,5.466067002213744,0.0779661,42.1,0.338
678394,94.70236770058007,NA,88.6016286122113,95.66103628382469,104.40897122142577,NA,107.89513201361436,NA,98.48697669522191,Brayan Bello,"<a href=""leaders.aspx?pos=all&stats=pit&lg=all&qual=0&type=strType&season=2024&month=0&season1=2024&ind=1&team=3&rost=0&age=0"">BOS</a>",162.1,4.490759894298887,4.189067079323561,3.8690408951852655,0.12678063,41.1,0.319
678495,103.46039227289653,NA,109.6282702082185,98.02974874442856,107.21022446582546,NA,NA,NA,107.65300420778628,Randy Rodríguez,"<a href=""leaders.aspx?pos=all&stats=pit&lg=all&qual=0&type=strType&season=2024&month=0&season1=2024&ind=1&team=30&rost=0&age=0"">SFG</a>",52.1,4.29936394526472,3.338454336100384,4.107228624419184,0.15837104,37.7,0.301
678576,NA,90.12358816490791,NA,97.82105367347229,NA,NA,NA,NA,96.20053461903768,NA,NA,NA,NA,NA,NA,NA,NA,NA
678606,98.92370807460861,NA,100.55690001754051,103.43827493262592,109.36636746087223,NA,NA,NA,102.21665305945,Jose A. Ferrer,"<a href=""leaders.aspx?pos=all&stats=pit&lg=all&qual=0&type=strType&season=2024&month=0&season1=2024&ind=1&team=24&rost=0&age=0"">WSN</a>",32,3.3750008046628963,2.7602296814322242,3.5352364335690663,0.14728682,47.9,0.245
678692,103.1728744879106,NA,108.68732247631371,100.12293101807343,104.33854390608494,NA,NA,NA,105.15525962648405,Ronny Henriquez,"<a href=""leaders.aspx?pos=all&stats=pit&lg=all&qual=0&type=strType&season=2024&month=0&season1=2024&ind=1&team=8&rost=0&age=0"">MIN</a>",19.1,3.2586212254592017,4.045790267699421,3.9522799678177982,0.12195122,50,0.312
678713,NA,96.09529988935802,89.66317029482178,NA,NA,96.14060836330532,NA,NA,92.6769130319913,NA,NA,NA,NA,NA,NA,NA,NA,NA
678738,93.97057238357881,NA,89.77555730295849,98.42229830808981,NA,NA,NA,NA,94.29693853709026,NA,NA,NA,NA,NA,NA,NA,NA,NA
678821,82.8097064438771,94.04501101408587,94.15597573001881,NA,NA,NA,NA,NA,94.06613873132311,Luis Peralta,"<a href=""leaders.aspx?pos=all&stats=pit&lg=all&qual=0&type=strType&season=2024&month=0&season1=2024&ind=1&team=19&rost=0&age=0"">COL</a>",12.1,0.7297299742438256,2.5989120205445975,4.070055827649571,0.18367347,35.7,0.238
678906,89.38159846793343,102.66415694870952,92.54095448915278,92.46977360752241,103.18574180452944,NA,112.01676773579344,NA,98.38840996560755,Kai-Wei Teng,"<a href=""leaders.aspx?pos=all&stats=pit&lg=all&qual=0&type=strType&season=2024&month=0&season1=2024&ind=1&team=30&rost=0&age=0"">SFG</a>",11,9.818182669395332,6.711934631126998,6.4101278861726945,-0.01818182,51.3,0.41
679066,NA,NA,112.20968433443373,94.99020599601053,111.0315193294406,NA,NA,NA,109.52103222097959,NA,NA,NA,NA,NA,NA,NA,NA,NA
679156,NA,NA,82.23793711045472,90.99744593863807,98.36499994611661,92.28363762723929,NA,NA,94.10555597133924,Walter Pennington,- - -,18,3.0000009636087333,4.1664800994927065,4.872266043180452,0.07142857,44.4,0.342
679358,NA,NA,95.87557680632297,NA,105.1393422591244,NA,NA,NA,102.6494923800068,Eric Orze,"<a href=""leaders.aspx?pos=all&stats=pit&lg=all&qual=0&type=strType&season=2024&month=0&season1=2024&ind=1&team=25&rost=0&age=0"">NYM</a>",1.2,21.600008239749236,15.166484355928262,11.90250832948582,-0.09090909,42.9,0.537
679525,96.97424019031892,99.54570066062637,97.28803371784241,97.74185496705162,103.38028783114315,NA,106.89018951756307,NA,99.23517962475304,Alec Marsh,"<a href=""leaders.aspx?pos=all&stats=pit&lg=all&qual=0&type=strType&season=2024&month=0&season1=2024&ind=1&team=7&rost=0&age=0"">KCR</a>",129,4.534883989135031,4.33702248317764,4.215606089577734,0.15328467,40.9,0.325
679702,NA,NA,99.59205815849845,NA,NA,89.8208003020923,NA,NA,95.40437622003867,NA,NA,NA,NA,NA,NA,NA,NA,NA
679780,NA,NA,NA,91.84982463904734,96.20950944955351,NA,NA,NA,93.71826098640713,NA,NA,NA,NA,NA,NA,NA,NA,NA
679845,NA,62.83449203552581,NA,NA,28.76756594077011,NA,NA,NA,22.930259919240594,Nick Loftin,"<a href=""leaders.aspx?pos=all&stats=pit&lg=all&qual=0&type=strType&season=2024&month=0&season1=2024&ind=1&team=7&rost=0&age=0"">KCR</a>",1,0,3.166479778289795,3.166479778289795,0,NA,NA
679885,NA,NA,95.50855555366537,98.76984935556943,113.72179659060184,NA,NA,NA,103.74182361871753,Justin Martinez,"<a href=""leaders.aspx?pos=all&stats=pit&lg=all&qual=0&type=strType&season=2024&month=0&season1=2024&ind=1&team=15&rost=0&age=0"">ARI</a>",72.2,2.4770645669450064,2.588498046002627,2.8757310301507397,0.17857143,31.8,0.269
680089,101.78664062964222,NA,94.43479749513024,NA,101.44604326876987,NA,NA,NA,96.03069626270263,NA,NA,NA,NA,NA,NA,NA,NA,NA
680423,NA,118.95277776512285,96.38986271395109,NA,NA,99.72036019321044,94.76931172618639,NA,99.26272477080842,NA,NA,NA,NA,NA,NA,NA,NA,NA
680570,100.87801337688268,109.39973360861386,107.264678652958,101.5843061899539,107.20437441852773,NA,NA,NA,106.22576684786831,Grayson Rodriguez,"<a href=""leaders.aspx?pos=all&stats=pit&lg=all&qual=0&type=strType&season=2024&month=0&season1=2024&ind=1&team=2&rost=0&age=0"">BAL</a>",116.2,3.857142941221901,3.6636226462695065,3.573322863378851,0.19144603,39.7,0.31
680572,NA,104.48078406963036,NA,91.11008031662018,NA,103.78462366447401,NA,NA,95.52057087394648,Adam Kloffenstein,"<a href=""leaders.aspx?pos=all&stats=pit&lg=all&qual=0&type=strType&season=2024&month=0&season1=2024&ind=1&team=28&rost=0&age=0"">STL</a>",1,0,3.166479778289795,6.190496590733528,0,NA,NA
680573,106.92532422327145,102.65689335569638,91.53359727604257,NA,105.0208106313448,NA,NA,NA,99.59055837411432,Simeon Woods Richardson,"<a href=""leaders.aspx?pos=all&stats=pit&lg=all&qual=0&type=strType&season=2024&month=0&season1=2024&ind=1&team=8&rost=0&age=0"">MIN</a>",133.2,4.1745639087221456,4.116604538877094,4.551368757712746,0.12126538,36.2,0.305
680604,95.52352163196105,NA,NA,91.64671029733042,NA,104.77706316610997,114.04114243499413,NA,98.69780536539092,NA,NA,NA,NA,NA,NA,NA,NA,NA
680686,90.76735338198228,95.4365770987115,97.64328006822704,93.68338364449869,90.61954954329073,93.15272642108333,95.35644125685813,NA,94.0986606802648,Josiah Gray,"<a href=""leaders.aspx?pos=all&stats=pit&lg=all&qual=0&type=strType&season=2024&month=0&season1=2024&ind=1&team=24&rost=0&age=0"">WSN</a>",8.1,14.040000535583516,5.9264798835754435,5.528094999577626,0.09090909,50,0.474
680689,91.27823075387523,NA,98.62734618687085,89.68504270917232,101.93327220198972,NA,NA,NA,95.40931215757298,Lyon Richardson,"<a href=""leaders.aspx?pos=all&stats=pit&lg=all&qual=0&type=strType&season=2024&month=0&season1=2024&ind=1&team=18&rost=0&age=0"">CIN</a>",0.2,27.000028163224034,24.166501683019597,9.202511293026895,0,NA,NA
680694,NA,110.34407184385744,101.54769046855627,87.59395634079782,117.62219687203729,NA,NA,NA,102.17990931692611,Kyle Bradish,"<a href=""leaders.aspx?pos=all&stats=pit&lg=all&qual=0&type=strType&season=2024&month=0&season1=2024&ind=1&team=2&rost=0&age=0"">BAL</a>",39.1,2.74576280062927,2.505462807767934,2.9207908391830824,0.23312884,28.6,0.261
680701,NA,NA,NA,92.52847065494441,107.66300082058328,NA,NA,NA,101.4311354582614,NA,NA,NA,NA,NA,NA,NA,NA,NA
680704,NA,NA,102.12791650601305,98.70016472771124,104.37705438335904,NA,NA,NA,100.87995296423566,Nick Sandlin,"<a href=""leaders.aspx?pos=all&stats=pit&lg=all&qual=0&type=strType&season=2024&month=0&season1=2024&ind=1&team=5&rost=0&age=0"">CLE</a>",57.2,3.7456658961857823,5.23006423035511,4.2553683481444375,0.16666667,42.8,0.328
680723,NA,NA,95.66005607425734,91.50392418202986,NA,NA,92.51799130365002,NA,94.59746442212368,NA,NA,NA,NA,NA,NA,NA,NA,NA
680730,NA,97.96765019779383,95.68567491887069,NA,100.12753771952192,NA,NA,NA,97.32835600119421,Mitchell Parker,"<a href=""leaders.aspx?pos=all&stats=pit&lg=all&qual=0&type=strType&season=2024&month=0&season1=2024&ind=1&team=24&rost=0&age=0"">WSN</a>",151,4.291390728476821,3.8485989835878085,4.1714173409619075,0.13931889,38.9,0.311
680732,106.9552009578329,100.41574025503887,106.3389870244602,97.57176631867053,104.15595851709563,NA,NA,NA,104.21427478080112,Sean Burke,"<a href=""leaders.aspx?pos=all&stats=pit&lg=all&qual=0&type=strType&season=2024&month=0&season1=2024&ind=1&team=4&rost=0&age=0"">CHW</a>",19,1.4210526315789473,3.3243745151319004,3.4679618687221883,0.19736842,40.4,0.258
680736,87.90187358579485,98.76685513666182,97.81474395573584,88.15919813885417,102.45146810884985,NA,104.63360519576264,NA,98.33285239552293,Justin Wrobleski,"<a href=""leaders.aspx?pos=all&stats=pit&lg=all&qual=0&type=strType&season=2024&month=0&season1=2024&ind=1&team=22&rost=0&age=0"">LAD</a>",36.1,5.6972479058098715,6.359140440482767,5.178087515797033,0.06493507,36.9,0.361
680739,101.17358091630989,NA,89.58568778053922,94.52098223233968,102.33865431681645,NA,103.38287912955398,NA,98.0763983046305,Josh Winder,"<a href=""leaders.aspx?pos=all&stats=pit&lg=all&qual=0&type=strType&season=2024&month=0&season1=2024&ind=1&team=8&rost=0&age=0"">MIN</a>",9,3,1.9442575560675728,4.128269698388047,0.23684211,36,0.228
680742,109.44352159066501,107.13551980167644,104.57941293046318,91.39093448343124,103.97706229775386,NA,NA,NA,102.2297401613086,Jonathan Bowlan,"<a href=""leaders.aspx?pos=all&stats=pit&lg=all&qual=0&type=strType&season=2024&month=0&season1=2024&ind=1&team=7&rost=0&age=0"">KCR</a>",2.2,13.500003218651585,18.91648353338331,7.126496484097351,0,36.4,0.639
680744,NA,NA,99.56818283146106,90.71550013600776,101.11181276449526,101.51316469135956,NA,96.85688261941827,99.6752832712162,Ty Madden,"<a href=""leaders.aspx?pos=all&stats=pit&lg=all&qual=0&type=strType&season=2024&month=0&season1=2024&ind=1&team=6&rost=0&age=0"">DET</a>",23,4.304347826086956,3.992566734811534,4.834316829883534,0.08910891,37.3,0.322
680767,111.49001270369486,NA,101.23457767127269,87.95321107756965,103.28077302172893,NA,NA,NA,103.31524494193377,Victor Vodnik,"<a href=""leaders.aspx?pos=all&stats=pit&lg=all&qual=0&type=strType&season=2024&month=0&season1=2024&ind=1&team=19&rost=0&age=0"">COL</a>",73.2,4.2760186900168975,4.1845794663890565,4.139735399936896,0.0875,49.3,0.322
680880,NA,NA,91.85644078710874,NA,103.80037515385067,NA,NA,NA,99.95056322322239,Grant Holman,"<a href=""leaders.aspx?pos=all&stats=pit&lg=all&qual=0&type=strType&season=2024&month=0&season1=2024&ind=1&team=10&rost=0&age=0"">OAK</a>",15.2,4.021277738081919,3.8686076373199714,4.582999404060582,0.09589041,25.5,0.327
680885,NA,100.85054664426104,97.61734558574665,95.10521208790674,106.96214404805121,96.2227142550867,NA,NA,100.16159160493613,Spencer Schwellenbach,"<a href=""leaders.aspx?pos=all&stats=pit&lg=all&qual=0&type=strType&season=2024&month=0&season1=2024&ind=1&team=16&rost=0&age=0"">ATL</a>",123.2,3.3477089637223516,3.2877735813232136,3.3443858529273034,0.208,39.8,0.286
680891,NA,NA,98.2305401445546,NA,107.30983855064622,NA,NA,NA,102.34011731783816,Jack Neely,"<a href=""leaders.aspx?pos=all&stats=pit&lg=all&qual=0&type=strType&season=2024&month=0&season1=2024&ind=1&team=17&rost=0&age=0"">CHC</a>",6,9,6.166479778289796,3.5971562522153064,0.17857143,47.4,0.385
680897,98.95577662338454,95.7005826823457,104.62648066070022,NA,98.77641069894032,NA,NA,NA,101.27360650268993,Nick Nastrini,"<a href=""leaders.aspx?pos=all&stats=pit&lg=all&qual=0&type=strType&season=2024&month=0&season1=2024&ind=1&team=4&rost=0&age=0"">CHW</a>",35.2,7.065420875612636,7.372087442344936,7.3642511160138096,-0.05747126,31.5,0.373
681035,NA,NA,103.70948867008637,NA,103.43262782895913,NA,108.9560413781748,NA,104.16284075482429,Christian Scott,"<a href=""leaders.aspx?pos=all&stats=pit&lg=all&qual=0&type=strType&season=2024&month=0&season1=2024&ind=1&team=25&rost=0&age=0"">NYM</a>",47.1,4.56338040428109,4.603099535193101,4.705872888263329,0.13705584,35.7,0.318
681066,96.72041047940529,97.27112140103239,94.319842255557,NA,99.97740155292404,NA,NA,NA,96.31160993393573,Ky Bush,"<a href=""leaders.aspx?pos=all&stats=pit&lg=all&qual=0&type=strType&season=2024&month=0&season1=2024&ind=1&team=4&rost=0&age=0"">CHW</a>",17.2,5.6037737865726465,6.279687437496821,7.033209269997471,-0.05747126,49.2,0.382
681094,NA,NA,108.36158619114397,97.5574280582213,NA,NA,102.64101659686266,NA,100.55333308825064,NA,NA,NA,NA,NA,NA,NA,NA,NA
681117,NA,NA,NA,95.92058517871435,110.45036350977887,NA,NA,NA,101.20414093546508,NA,NA,NA,NA,NA,NA,NA,NA,NA
681168,NA,NA,100.48473015317109,NA,100.32427160840803,NA,NA,NA,100.4072674074234,NA,NA,NA,NA,NA,NA,NA,NA,NA
681190,103.43006030994641,104.7892374153153,98.34724567961632,96.16259876437776,109.3954149209769,100.71035185126665,108.24637455081523,NA,101.31044467978688,Randy Vásquez,"<a href=""leaders.aspx?pos=all&stats=pit&lg=all&qual=0&type=strType&season=2024&month=0&season1=2024&ind=1&team=29&rost=0&age=0"">SDP</a>",98,4.86734693877551,4.697092023187754,4.901184378062585,0.07656613,39.6,0.36
681217,NA,103.33498067344459,93.83866975380033,91.37113803095463,NA,NA,105.94184484972223,NA,99.08266325122766,Chase Silseth,"<a href=""leaders.aspx?pos=all&stats=pit&lg=all&qual=0&type=strType&season=2024&month=0&season1=2024&ind=1&team=1&rost=0&age=0"">LAA</a>",8,6.75,6.541479778289795,3.5564902860671284,0.21052632,47.6,0.37
681293,97.78501661674481,109.44459530000157,104.13911923765131,98.85332064955358,113.79254727507077,104.45345896786132,107.33780878670922,NA,105.04001736707094,Spencer Arrighetti,"<a href=""leaders.aspx?pos=all&stats=pit&lg=all&qual=0&type=strType&season=2024&month=0&season1=2024&ind=1&team=21&rost=0&age=0"">HOU</a>",145,4.531034810568599,4.180272955083682,4.007647967562841,0.16772152,39.8,0.332
681347,112.01837405046187,104.3575346444332,93.65790361894707,NA,107.76817612236117,NA,NA,NA,100.46754897398766,Mike Burrows,"<a href=""leaders.aspx?pos=all&stats=pit&lg=all&qual=0&type=strType&season=2024&month=0&season1=2024&ind=1&team=27&rost=0&age=0"">PIT</a>",3.1,2.70000025749209,8.566480293273976,6.4808901818428435,-0.07142857,44.4,0.357
681402,97.02918915256403,NA,106.35714501801691,100.38010018080867,105.31323748741029,NA,NA,NA,105.45493335351682,Gus Varland,- - -,26.1,3.4177220553432743,3.128505088785981,3.921122704043214,0.16521739,39.2,0.324
681432,NA,NA,93.36903687670278,91.23272401249264,NA,NA,104.98028586272241,NA,96.41087601137905,Luke Little,"<a href=""leaders.aspx?pos=all&stats=pit&lg=all&qual=0&type=strType&season=2024&month=0&season1=2024&ind=1&team=17&rost=0&age=0"">CHC</a>",26,3.461539477286552,4.051095422485247,4.307099700717629,0.09174312,40.7,0.282
681473,96.40739334791837,NA,NA,93.8630265847695,NA,NA,94.23931173479187,NA,94.512060343252,NA,NA,NA,NA,NA,NA,NA,NA,NA
681517,97.91633904645441,105.99699915455983,100.14234543627774,NA,104.60178469241083,NA,119.09543448058741,NA,104.13196491904019,Kyle Leahy,"<a href=""leaders.aspx?pos=all&stats=pit&lg=all&qual=0&type=strType&season=2024&month=0&season1=2024&ind=1&team=28&rost=0&age=0"">STL</a>",48.2,4.068494001099888,3.556890818799381,4.414655132047029,0.12041885,43.5,0.27
681544,NA,NA,NA,87.11223938091966,NA,100.28522722105055,NA,NA,95.89423127434026,NA,NA,NA,NA,NA,NA,NA,NA,NA
681571,NA,NA,91.4328937578467,NA,100.2482804953723,103.07887115812238,NA,NA,98.58664386140849,NA,NA,NA,NA,NA,NA,NA,NA,NA
681676,NA,NA,99.06491294291213,94.05291576908861,105.48134299635652,100.3735326726146,NA,NA,102.07175108007155,Ryan Fernandez,"<a href=""leaders.aspx?pos=all&stats=pit&lg=all&qual=0&type=strType&season=2024&month=0&season1=2024&ind=1&team=28&rost=0&age=0"">STL</a>",66.2,3.5100005355835777,3.3464798057556195,3.904607330425473,0.13684211,33.9,0.291
681738,89.492970481354,NA,88.68683861196932,98.32014693389883,105.851841242515,NA,NA,NA,99.55802348463905,NA,NA,NA,NA,NA,NA,NA,NA,NA
681739,105.49413011955434,NA,98.39746836731324,NA,NA,101.13993280166808,NA,NA,100.80071333642105,NA,NA,NA,NA,NA,NA,NA,NA,NA
681744,NA,NA,87.04469117891803,98.30966342928411,99.1760036940515,NA,NA,NA,96.54558703165229,NA,NA,NA,NA,NA,NA,NA,NA,NA
681753,NA,99.82126569264382,87.14876365688711,NA,NA,NA,NA,NA,94.81262415921906,NA,NA,NA,NA,NA,NA,NA,NA,NA
681799,NA,NA,110.0024144085528,90.44829208187667,NA,104.66908590590432,112.21639906297678,NA,107.84098270333882,Ethan Roberts,"<a href=""leaders.aspx?pos=all&stats=pit&lg=all&qual=0&type=strType&season=2024&month=0&season1=2024&ind=1&team=17&rost=0&age=0"">CHC</a>",26.2,3.7125000885128996,3.916479796171189,4.608591791538585,0.13559322,43.2,0.341
681803,NA,NA,94.33763204045923,NA,104.55076027656627,98.7243444011354,NA,NA,96.99214851260163,NA,NA,NA,NA,NA,NA,NA,NA,NA
681806,NA,NA,98.46916881708796,93.32380743408403,NA,106.27229063481332,111.17850670647465,NA,102.41387566296312,Andrew Wantz,"<a href=""leaders.aspx?pos=all&stats=pit&lg=all&qual=0&type=strType&season=2024&month=0&season1=2024&ind=1&team=1&rost=0&age=0"">LAA</a>",1.1,6.750001609325793,10.666481566429564,3.1844923919171366,0.33333333,NA,NA
681810,NA,NA,96.38984068873735,96.85414022592646,106.8917679826052,96.26590288438194,NA,NA,100.52887537951347,Austin Warren,"<a href=""leaders.aspx?pos=all&stats=pit&lg=all&qual=0&type=strType&season=2024&month=0&season1=2024&ind=1&team=30&rost=0&age=0"">SFG</a>",10.2,1.687500100582844,4.478979856520896,4.67773774920079,0.04761905,26.7,0.308
681857,101.43047101849864,95.22556327361215,90.94040321691936,93.6766982155873,101.86357286892473,NA,NA,NA,96.94187987424795,Reese Olson,"<a href=""leaders.aspx?pos=all&stats=pit&lg=all&qual=0&type=strType&season=2024&month=0&season1=2024&ind=1&team=6&rost=0&age=0"">DET</a>",112.1,3.5252227115448953,3.166479778289795,3.7158523464440556,0.14623656,43.7,0.282
681867,101.67152331894813,NA,NA,96.21188740742689,100.4863285907561,93.93021576716365,103.16636324452514,NA,99.22292930012958,Cooper Criswell,"<a href=""leaders.aspx?pos=all&stats=pit&lg=all&qual=0&type=strType&season=2024&month=0&season1=2024&ind=1&team=3&rost=0&age=0"">BOS</a>",99.1,4.077181260245679,4.153056972127021,4.427374501615815,0.0990566,37.4,0.327
681869,112.94251856432791,104.2340657102587,99.53403459469199,102.2356808686354,NA,108.64520421363453,114.56409010408656,NA,105.06107462520933,Shawn Dubin,"<a href=""leaders.aspx?pos=all&stats=pit&lg=all&qual=0&type=strType&season=2024&month=0&season1=2024&ind=1&team=21&rost=0&age=0"">HOU</a>",45.1,4.169117851704884,3.7179503935946743,4.291840748254618,0.11111111,42.3,0.324
681870,NA,103.31785061201502,108.24906166049331,NA,103.72841378047723,NA,NA,NA,106.1885189589802,Erik Sabrowski,"<a href=""leaders.aspx?pos=all&stats=pit&lg=all&qual=0&type=strType&season=2024&month=0&season1=2024&ind=1&team=5&rost=0&age=0"">CLE</a>",12.2,0,1.1138477872282349,2.6656461999107384,0.31914894,33.3,0.179
681871,NA,NA,96.94092468966608,NA,96.18192264167284,NA,NA,NA,97.2003490021768,Eli Villalobos,"<a href=""leaders.aspx?pos=all&stats=pit&lg=all&qual=0&type=strType&season=2024&month=0&season1=2024&ind=1&team=20&rost=0&age=0"">MIA</a>",4.1,2.076923229285257,6.1664799983685,5.260030032794311,0.05555556,46.2,0.309
681882,NA,NA,94.84281565787424,98.74514596458314,108.48817880396868,NA,NA,109.59708256289103,101.55304576984601,Colin Selby,- - -,7,2.57142892175796,3.880765589889229,4.74477051115591,0.03571429,44.4,0.219
681890,NA,115.82710794400661,100.8796576140131,NA,110.7967938399121,NA,NA,NA,107.5070253182002,NA,NA,NA,NA,NA,NA,NA,NA,NA
681892,100.61311550458326,NA,NA,100.61660496824771,NA,98.68150240862718,103.15912413176876,NA,100.56486688311492,Kody Funderburk,"<a href=""leaders.aspx?pos=all&stats=pit&lg=all&qual=0&type=strType&season=2024&month=0&season1=2024&ind=1&team=8&rost=0&age=0"">MIN</a>",34.2,6.490385805714278,4.551095416842174,4.1414860192841045,0.10559006,34.9,0.37
681911,88.9065988470424,NA,109.90060801456782,140.93161575052847,106.61939168856767,NA,NA,NA,107.95952393121733,Alex Vesia,"<a href=""leaders.aspx?pos=all&stats=pit&lg=all&qual=0&type=strType&season=2024&month=0&season1=2024&ind=1&team=22&rost=0&age=0"">LAD</a>",66.1,1.7638194335898076,3.4529119940009605,4.086933317762603,0.20532319,35,0.246
681924,NA,NA,95.12841749521601,NA,NA,NA,NA,113.90445139433288,97.81070805223271,NA,NA,NA,NA,NA,NA,NA,NA,NA
681938,94.48961176185924,NA,NA,100.15150275552553,101.56392485050631,103.07554234282264,NA,NA,100.52012396101472,NA,NA,NA,NA,NA,NA,NA,NA,NA
681982,98.91091030191045,NA,99.22111173676969,105.89748112525045,104.7056274663366,105.45678529321782,NA,NA,103.04105523097437,Grant Anderson,"<a href=""leaders.aspx?pos=all&stats=pit&lg=all&qual=0&type=strType&season=2024&month=0&season1=2024&ind=1&team=13&rost=0&age=0"">TEX</a>",26.2,8.10000193119095,7.591480833292259,4.326891718586401,0.15833333,41.3,0.409
682052,92.49077753870178,NA,93.86994496402933,NA,96.95666775895178,93.55807362992074,NA,NA,94.86552958404124,Jacob Lopez,"<a href=""leaders.aspx?pos=all&stats=pit&lg=all&qual=0&type=strType&season=2024&month=0&season1=2024&ind=1&team=12&rost=0&age=0"">TBR</a>",10.1,5.225806612377985,6.74712504973397,7.157463913109507,0.02173913,27.6,0.291
682073,NA,89.34714948719774,NA,NA,NA,NA,NA,NA,76.48804634930289,David Hensley,"<a href=""leaders.aspx?pos=all&stats=pit&lg=all&qual=0&type=strType&season=2024&month=0&season1=2024&ind=1&team=20&rost=0&age=0"">MIA</a>",2,9,6.166479778289795,9.190496590733527,-0.1,NA,NA
682120,NA,100.31841487814101,95.59181079210563,98.74504838929498,100.22205544660052,NA,NA,NA,98.86428273609674,Tim Herrin,"<a href=""leaders.aspx?pos=all&stats=pit&lg=all&qual=0&type=strType&season=2024&month=0&season1=2024&ind=1&team=5&rost=0&age=0"">CLE</a>",65.2,1.9187822460610529,2.8619111678039135,3.6402732374534814,0.16731518,36.5,0.236
682175,NA,NA,NA,98.10773502320339,100.16332681572192,NA,101.97512379232178,NA,99.32645213088283,Joe Jacques,- - -,3,9.000002861023859,8.166481367747494,4.84115258146852,0.0625,50,0.515
682227,103.55703572641644,97.14280946022362,88.7772302623605,NA,NA,96.53721549311437,109.00372736912536,NA,96.21737163773042,Brandon Williamson,"<a href=""leaders.aspx?pos=all&stats=pit&lg=all&qual=0&type=strType&season=2024&month=0&season1=2024&ind=1&team=18&rost=0&age=0"">CIN</a>",14.1,3.7674421946895684,6.58508473273033,4.961467824847525,0.11864407,42.5,0.318
682243,NA,NA,105.25716867376659,99.14055414659784,105.26708269897668,95.85017319416848,101.36943399144407,103.74785665233772,103.68669762858264,Bryce Miller,"<a href=""leaders.aspx?pos=all&stats=pit&lg=all&qual=0&type=strType&season=2024&month=0&season1=2024&ind=1&team=11&rost=0&age=0"">SEA</a>",180.1,2.9445472179856282,3.5823762780052792,3.8544157895150137,0.17897727,41.2,0.26
682254,NA,NA,112.56822693608235,NA,110.35938880731669,NA,NA,NA,111.9861682399887,Mason Montgomery,"<a href=""leaders.aspx?pos=all&stats=pit&lg=all&qual=0&type=strType&season=2024&month=0&season1=2024&ind=1&team=12&rost=0&age=0"">TBR</a>",9.2,1.8620692716909724,1.200962213727102,1.8266209674524752,0.32432432,60,0.266
682489,NA,NA,NA,93.44572149318472,NA,NA,NA,NA,93.44572149318472,NA,NA,NA,NA,NA,NA,NA,NA,NA
682607,92.25523399006491,NA,97.58716163285112,92.77949921602459,100.27388032049312,NA,NA,NA,95.92039656178075,NA,NA,NA,NA,NA,NA,NA,NA,NA
682610,88.20293789412598,NA,94.34008793406888,98.13689281776841,103.9559597780774,94.9494032183541,NA,NA,96.6669318390243,Roddery Muñoz,"<a href=""leaders.aspx?pos=all&stats=pit&lg=all&qual=0&type=strType&season=2024&month=0&season1=2024&ind=1&team=20&rost=0&age=0"">MIA</a>",82.2,6.532258265472482,7.267286356058631,5.35513710780325,0.07387863,45,0.393
682842,NA,NA,103.14730524829447,97.97858862591374,118.45529421043666,NA,NA,NA,105.03650102666496,Abner Uribe,"<a href=""leaders.aspx?pos=all&stats=pit&lg=all&qual=0&type=strType&season=2024&month=0&season1=2024&ind=1&team=23&rost=0&age=0"">MIL</a>",14.1,6.906977816489568,4.631596284817885,4.6740201743806855,0.03030303,47.5,0.349
682847,94.80299924523382,NA,95.38818742249084,97.26797218360227,106.26881520053455,100.17030789541344,NA,NA,99.65274127432315,Luis L. Ortiz,"<a href=""leaders.aspx?pos=all&stats=pit&lg=all&qual=0&type=strType&season=2024&month=0&season1=2024&ind=1&team=27&rost=0&age=0"">PIT</a>",135.2,3.316953472397707,4.2500179126063795,4.589212613356862,0.11690648,37.7,0.287
682989,93.00108089975998,110.31848948190556,102.56235453078644,103.55312789815983,107.71242298822033,NA,NA,NA,104.19080194684196,Victor Mederos,"<a href=""leaders.aspx?pos=all&stats=pit&lg=all&qual=0&type=strType&season=2024&month=0&season1=2024&ind=1&team=1&rost=0&age=0"">LAA</a>",5.1,11.812500704079909,7.103980012983098,6.083987833019826,-0.03703704,68.8,0.453
682990,92.89160424975036,99.17429041119094,87.17770985603607,91.90832594924719,104.08768925963307,101.59203601495648,NA,NA,95.95789026361038,Quinn Priester,- - -,49.2,4.711409637216127,4.696681198924093,4.112634417107759,0.08597285,46.2,0.327
683003,102.2968296931681,107.49419924923014,109.25482168958112,99.99577905957524,110.23804477285682,NA,NA,NA,108.97284951275529,Jared Jones,"<a href=""leaders.aspx?pos=all&stats=pit&lg=all&qual=0&type=strType&season=2024&month=0&season1=2024&ind=1&team=27&rost=0&age=0"">PIT</a>",121.2,4.1424658400123455,4.004835960197056,3.7841111746441536,0.18452381,44.5,0.314
683004,103.06174495359066,104.73349149906996,108.60109454503795,117.49443444894004,107.09552241671084,92.78395436110418,NA,NA,107.21030856620402,Jack Leiter,"<a href=""leaders.aspx?pos=all&stats=pit&lg=all&qual=0&type=strType&season=2024&month=0&season1=2024&ind=1&team=13&rost=0&age=0"">TEX</a>",35.2,8.831776094515796,5.661806992295846,5.27243581748537,0.08092486,44.6,0.384
683021,NA,25.052607666131422,NA,NA,NA,NA,NA,NA,-0.5691973389664782,Michael Stefanic,"<a href=""leaders.aspx?pos=all&stats=pit&lg=all&qual=0&type=strType&season=2024&month=0&season1=2024&ind=1&team=1&rost=0&age=0"">LAA</a>",1,0,6.166479778289795,9.190496590733527,0,NA,NA
683068,103.10787443939977,NA,103.45968632252246,NA,102.75890346114343,NA,NA,NA,103.18774233931896,Zach Penrod,"<a href=""leaders.aspx?pos=all&stats=pit&lg=all&qual=0&type=strType&season=2024&month=0&season1=2024&ind=1&team=3&rost=0&age=0"">BOS</a>",4,2.250001206994704,5.416480985284499,7.30649250694302,-0.05,25,0.325
683101,NA,NA,87.77814481221303,109.1472726042637,NA,100.65970528425602,NA,NA,93.779525733031,NA,NA,NA,NA,NA,NA,NA,NA,NA
683155,92.78123171955487,NA,95.77409772304294,90.32154934843251,97.60822658902644,102.52448305839371,105.22776826679163,NA,97.38067384894833,Joey Estes,"<a href=""leaders.aspx?pos=all&stats=pit&lg=all&qual=0&type=strType&season=2024&month=0&season1=2024&ind=1&team=10&rost=0&age=0"">OAK</a>",127.2,5.005222256154438,4.936714879840504,5.294975346522007,0.11970534,39.6,0.333
683165,104.6645910043408,94.08382971365323,83.46314770167234,NA,93.8351912918531,NA,NA,NA,89.49088611664807,NA,NA,NA,NA,NA,NA,NA,NA,NA
683232,NA,104.33423933880299,106.44200719865354,NA,108.91785163190028,NA,NA,NA,106.64808816788297,Nick Mears,- - -,57.2,5.930637178565033,3.3919133552527936,3.4657260238195904,0.19921875,33.1,0.324
683409,95.10376392461286,NA,92.34560509322964,NA,101.69590778700817,NA,NA,NA,95.16652733857474,Angel Chivilli,"<a href=""leaders.aspx?pos=all&stats=pit&lg=all&qual=0&type=strType&season=2024&month=0&season1=2024&ind=1&team=19&rost=0&age=0"">COL</a>",31.2,4.547369060146601,5.3138485011368015,3.9203407450662517,0.13533835,46.8,0.34
683568,97.11509350283399,NA,100.89179693422402,NA,98.113691770674,NA,NA,NA,99.24029435394583,Jairo Iriarte,"<a href=""leaders.aspx?pos=all&stats=pit&lg=all&qual=0&type=strType&season=2024&month=0&season1=2024&ind=1&team=4&rost=0&age=0"">CHW</a>",6,1.500000238418617,5.166480096181284,6.930490183821981,-0.06666667,31.3,0.272
683618,NA,NA,104.22292223401652,110.98949349104332,NA,115.42965428613998,NA,NA,108.05669079823083,Edgardo Henriquez,"<a href=""leaders.aspx?pos=all&stats=pit&lg=all&qual=0&type=strType&season=2024&month=0&season1=2024&ind=1&team=22&rost=0&age=0"">LAD</a>",3.1,2.70000025749209,1.9664796638488666,3.780889924350753,0.21428572,14.3,0.224
683627,99.88983772859257,99.36957812535024,87.58893524219344,NA,97.32188818195388,NA,NA,NA,93.21811691721078,Anthony Molina,"<a href=""leaders.aspx?pos=all&stats=pit&lg=all&qual=0&type=strType&season=2024&month=0&season1=2024&ind=1&team=19&rost=0&age=0"">COL</a>",59.2,6.787710003495563,4.088267556542279,4.468655644594422,0.0719697,45.7,0.349
683769,100.8253586461009,94.48028174643403,102.2852684485638,NA,105.35106388451618,NA,NA,NA,103.36208569658007,Hunter Gaddis,"<a href=""leaders.aspx?pos=all&stats=pit&lg=all&qual=0&type=strType&season=2024&month=0&season1=2024&ind=1&team=5&rost=0&age=0"">CLE</a>",74.2,1.5669644991962568,2.8182654451350713,3.94434715962253,0.18705036,36.6,0.22
683822,NA,93.66253519803158,94.34051008851611,NA,98.55157956410642,90.19388008515885,NA,NA,96.84619276781682,Naoyuki Uwasawa,"<a href=""leaders.aspx?pos=all&stats=pit&lg=all&qual=0&type=strType&season=2024&month=0&season1=2024&ind=1&team=3&rost=0&age=0"">BOS</a>",4,2.25,3.166479778289795,5.056490286067128,0.0625,36.4,0.22
684007,91.65020144638653,98.67188705577257,101.42405737813985,87.40565946091651,96.66620059025453,90.97830426165955,101.09396128568785,NA,97.93141712303759,Shota Imanaga,"<a href=""leaders.aspx?pos=all&stats=pit&lg=all&qual=0&type=strType&season=2024&month=0&season1=2024&ind=1&team=17&rost=0&age=0"">CHC</a>",173.1,2.907692393015125,3.720325948387914,3.6231366634688884,0.21037464,39.3,0.279
684320,NA,101.72129186211512,95.33066794807492,94.26917358983665,105.11235072102917,NA,NA,NA,98.90491628795569,Yariel Rodríguez,"<a href=""leaders.aspx?pos=all&stats=pit&lg=all&qual=0&type=strType&season=2024&month=0&season1=2024&ind=1&team=14&rost=0&age=0"">TOR</a>",86.2,4.465384746416085,4.3434028897482975,4.420581725274152,0.12228261,37.2,0.312
684483,NA,NA,95.87623587822073,90.21167659675454,92.47480159466781,NA,NA,NA,93.49658123707029,NA,NA,NA,NA,NA,NA,NA,NA,NA
684946,NA,NA,NA,97.71393932296742,NA,NA,NA,NA,97.71393932296742,NA,NA,NA,NA,NA,NA,NA,NA,NA
685095,NA,97.80461243370208,94.19929954275909,92.4694821298193,NA,NA,NA,NA,94.66817341225989,NA,NA,NA,NA,NA,NA,NA,NA,NA
685107,105.35816237798332,NA,95.21280591108999,NA,105.01836053488036,NA,107.34686700457657,NA,100.80565743018522,Anthony Veneziano,- - -,13.1,3.3750008046628963,2.941479724645602,3.8942906697463138,0.18965517,50,0.349
685116,91.68313410929831,99.02914020344792,83.8853158162057,96.22536492441061,NA,NA,99.26966102900045,NA,95.45754198000614,Austin Kitchen,"<a href=""leaders.aspx?pos=all&stats=pit&lg=all&qual=0&type=strType&season=2024&month=0&season1=2024&ind=1&team=20&rost=0&age=0"">MIA</a>",7,14.142859069668779,5.166480050768209,4.605344322509704,0.02380952,41.2,0.459
685126,94.85006061476834,101.09542887980415,101.60695761216735,NA,96.76112908379432,NA,NA,NA,98.6616906905994,Brandon Eisert,"<a href=""leaders.aspx?pos=all&stats=pit&lg=all&qual=0&type=strType&season=2024&month=0&season1=2024&ind=1&team=14&rost=0&age=0"">TOR</a>",6.2,4.050000386238135,4.366479892730725,5.9540888706698745,-0.07692308,30,0.29
685299,94.61437197138041,93.8452274544892,92.44542035245847,NA,97.93801275112847,NA,NA,NA,94.37209781676296,Tanner Gordon,"<a href=""leaders.aspx?pos=all&stats=pit&lg=all&qual=0&type=strType&season=2024&month=0&season1=2024&ind=1&team=19&rost=0&age=0"">COL</a>",34.1,8.650485757271692,6.137353674726539,4.508860757274178,0.125,36.8,0.44
685314,NA,98.502994803241,NA,84.63031511321506,NA,NA,NA,NA,88.41377321049485,Andrew Saalfrank,"<a href=""leaders.aspx?pos=all&stats=pit&lg=all&qual=0&type=strType&season=2024&month=0&season1=2024&ind=1&team=15&rost=0&age=0"">ARI</a>",1,36.00003862385125,15.166492652906879,16.678502681339516,-0.5,NA,NA
685461,88.08749322709214,NA,99.6957298142092,92.31924580523926,96.86336358667273,93.11496019529619,NA,NA,93.37981625552841,NA,NA,NA,NA,NA,NA,NA,NA,NA
685464,100.47268231158085,NA,99.17097785271592,NA,101.34796825461814,103.1087383278951,NA,NA,99.87211347798885,NA,NA,NA,NA,NA,NA,NA,NA,NA
685801,NA,111.25562741697507,111.4772661329437,109.9795319797291,110.58174677628121,NA,112.37726288420363,NA,111.2292442676199,Hunter Bigge,- - -,17.1,2.5961541883736063,2.7626335712094563,2.832796156150084,0.26027397,52.3,0.299
686294,NA,NA,104.12696152672552,NA,108.55883292257369,96.18611852392817,NA,NA,103.20357363554328,Amos Willingham,"<a href=""leaders.aspx?pos=all&stats=pit&lg=all&qual=0&type=strType&season=2024&month=0&season1=2024&ind=1&team=24&rost=0&age=0"">WSN</a>",1,18,14.166479778289794,4.190496590733528,0.2,NA,NA
686433,101.84278702821975,NA,101.42890759160889,NA,NA,NA,NA,NA,101.51168347893106,NA,NA,NA,NA,NA,NA,NA,NA,NA
686463,NA,97.90794061339115,96.3946050619684,101.6993104688858,NA,101.53943190235917,NA,NA,99.06885696463468,NA,NA,NA,NA,NA,NA,NA,NA,NA
686539,NA,NA,98.49459239847587,95.36800805696694,106.35296588696437,NA,97.72778528733708,NA,101.22684275014348,Declan Cronin,"<a href=""leaders.aspx?pos=all&stats=pit&lg=all&qual=0&type=strType&season=2024&month=0&season1=2024&ind=1&team=20&rost=0&age=0"">MIA</a>",70.1,4.350711687044928,2.5835412842739713,3.4305993070637726,0.15359477,41.7,0.308
686563,93.5176840695311,NA,87.92613335220584,92.95043000157452,NA,92.36606757778597,103.73015542673616,NA,94.64879275868564,Jonathan Cannon,"<a href=""leaders.aspx?pos=all&stats=pit&lg=all&qual=0&type=strType&season=2024&month=0&season1=2024&ind=1&team=4&rost=0&age=0"">CHW</a>",124.1,4.487935840430205,4.646372600223769,4.624956670274857,0.09770115,36.3,0.332
686580,NA,115.42956786623428,114.21943195491328,NA,NA,102.53139678855617,104.91244118265195,NA,107.57075326305079,Justin Slaten,"<a href=""leaders.aspx?pos=all&stats=pit&lg=all&qual=0&type=strType&season=2024&month=0&season1=2024&ind=1&team=3&rost=0&age=0"">BOS</a>",55.1,2.9277111124899173,2.606238762936786,2.896125144040805,0.21875,36.8,0.253
686613,101.25461513095283,NA,100.21049527828742,95.11424740046861,104.63683391795026,98.80358609810537,NA,105.39669762476623,100.05920726069157,Hunter Brown,"<a href=""leaders.aspx?pos=all&stats=pit&lg=all&qual=0&type=strType&season=2024&month=0&season1=2024&ind=1&team=21&rost=0&age=0"">HOU</a>",170,3.4941176470588236,3.5841268371133244,3.47062797642806,0.16713483,30.3,0.296
686642,97.14725112203071,NA,96.82721923007725,91.83281226690094,102.99920518645582,90.6917578669903,NA,NA,97.31599658322946,Fraser Ellard,"<a href=""leaders.aspx?pos=all&stats=pit&lg=all&qual=0&type=strType&season=2024&month=0&season1=2024&ind=1&team=4&rost=0&age=0"">CHW</a>",24,3.7500014901167114,4.249813542101289,3.9478207775442793,0.13861386,40.3,0.28
686654,NA,NA,96.92649823060765,98.07626370045443,104.62080554633546,96.96748743611724,NA,NA,99.34131262023246,Ty Adcock,"<a href=""leaders.aspx?pos=all&stats=pit&lg=all&qual=0&type=strType&season=2024&month=0&season1=2024&ind=1&team=25&rost=0&age=0"">NYM</a>",4.1,14.538465804603518,15.166483299549842,6.306805851165462,0.04761905,50,0.582
686730,93.22442306372594,NA,94.62753975027624,93.77589346220242,101.42898477459217,97.44113672410008,106.02912385773867,NA,97.48533382011748,Carson Spiers,"<a href=""leaders.aspx?pos=all&stats=pit&lg=all&qual=0&type=strType&season=2024&month=0&season1=2024&ind=1&team=18&rost=0&age=0"">CIN</a>",90.2,5.459559206370691,5.328244635761826,4.6452273218562095,0.12926829,38.9,0.379
686747,86.24348047323451,NA,91.94630322615005,93.19715424124166,NA,103.4087017163807,97.16709119190541,NA,92.56018618921352,Joe La Sorsa,"<a href=""leaders.aspx?pos=all&stats=pit&lg=all&qual=0&type=strType&season=2024&month=0&season1=2024&ind=1&team=24&rost=0&age=0"">WSN</a>",17.2,4.584906815379438,5.5438388677458,4.312149960736194,0.12162162,33.3,0.321
686751,102.56197529287198,105.2475536596811,103.81599078866923,NA,108.01654933327607,NA,NA,NA,105.03131184492351,Seth Johnson,"<a href=""leaders.aspx?pos=all&stats=pit&lg=all&qual=0&type=strType&season=2024&month=0&season1=2024&ind=1&team=26&rost=0&age=0"">PHI</a>",2.1,34.71429044373246,12.595052491402313,12.207652688526824,-0.16666667,46.7,0.613
686752,110.15044715384698,105.48725923088848,106.68799981944491,83.60654540023091,107.92837632939593,99.03960064090238,NA,NA,107.23517770146047,Ryan Pepiot,"<a href=""leaders.aspx?pos=all&stats=pit&lg=all&qual=0&type=strType&season=2024&month=0&season1=2024&ind=1&team=12&rost=0&age=0"">TBR</a>",130,3.6,3.9510951629051796,4.053874416477405,0.17439703,37.2,0.29
686762,NA,90.23792123000163,NA,NA,NA,88.33104672937571,NA,NA,89.60229639645966,NA,NA,NA,NA,NA,NA,NA,NA,NA
686790,89.92336029246941,NA,84.62861073106967,95.77404417662194,104.42156415339646,NA,NA,NA,97.5581065044435,Trevor McDonald,"<a href=""leaders.aspx?pos=all&stats=pit&lg=all&qual=0&type=strType&season=2024&month=0&season1=2024&ind=1&team=30&rost=0&age=0"">SFG</a>",3,0,3.499813111623129,4.003815913697085,0,12.5,0.069
686796,98.42876894092443,93.8887955667071,88.4727505019182,87.3234519143204,NA,90.84614394903407,98.69512280342492,NA,92.76486533152514,Blake Walston,"<a href=""leaders.aspx?pos=all&stats=pit&lg=all&qual=0&type=strType&season=2024&month=0&season1=2024&ind=1&team=15&rost=0&age=0"">ARI</a>",18.1,4.41818235444635,6.166480142420033,5.309472861089734,0.09638554,36.5,0.344
686799,93.59652829253986,NA,88.81835406297886,95.21570260994353,107.86331567460643,NA,107.079003610018,NA,97.07857586392117,Jack Kochanowicz,"<a href=""leaders.aspx?pos=all&stats=pit&lg=all&qual=0&type=strType&season=2024&month=0&season1=2024&ind=1&team=1&rost=0&age=0"">LAA</a>",65.1,3.9948982701903573,4.620561524144523,4.477425603858102,0.05639098,44.4,0.323
686826,98.77827137165686,99.74835692337327,89.91404615225444,92.92441207107991,105.07481718658975,99.12719677310996,NA,NA,96.49357584971186,Bryce Jarvis,"<a href=""leaders.aspx?pos=all&stats=pit&lg=all&qual=0&type=strType&season=2024&month=0&season1=2024&ind=1&team=15&rost=0&age=0"">ARI</a>",59.1,3.185393531490157,5.121536125659415,5.514309696692248,0.01937985,40.1,0.314
686839,NA,NA,103.9111866424717,NA,100.94616780257131,NA,94.48607321193813,NA,101.99179275367992,NA,NA,NA,NA,NA,NA,NA,NA,NA
686973,100.42957748205531,NA,100.98472790047961,93.09001148709918,103.88212736546633,NA,NA,105.56184300701554,102.0172845960976,Louis Varland,"<a href=""leaders.aspx?pos=all&stats=pit&lg=all&qual=0&type=strType&season=2024&month=0&season1=2024&ind=1&team=8&rost=0&age=0"">MIN</a>",49.2,7.610738644733743,5.54231882611673,4.136637126381421,0.13865546,45,0.382
686993,NA,NA,106.25983836196878,NA,NA,102.54549201766524,99.19295269827543,NA,104.67754116312658,Justin Sterner,"<a href=""leaders.aspx?pos=all&stats=pit&lg=all&qual=0&type=strType&season=2024&month=0&season1=2024&ind=1&team=12&rost=0&age=0"">TBR</a>",4,2.25,1.916479778289795,4.562494489178062,0.15789474,35.7,0.286
687014,NA,NA,93.86717966957463,91.85953638822453,98.02835736667936,102.88370281163131,NA,93.72597297148644,96.79149282771648,Nick Avila,"<a href=""leaders.aspx?pos=all&stats=pit&lg=all&qual=0&type=strType&season=2024&month=0&season1=2024&ind=1&team=30&rost=0&age=0"">SFG</a>",11.2,8.485714748149041,3.766479810987202,3.611519902503974,0.2,65.8,0.413
687095,NA,NA,89.52476141330351,NA,94.52651228589788,NA,NA,NA,92.70769378677265,NA,NA,NA,NA,NA,NA,NA,NA,NA
687134,NA,102.96720583998619,93.46212808827327,NA,104.74182847571045,99.93145678639232,NA,NA,97.51174459847239,Bradley Blalock,- - -,30.2,5.869565704143831,5.612132155016392,6.08588338583945,0,47.2,0.371
687145,NA,NA,93.73596673269319,NA,94.5400672351463,NA,NA,NA,93.88673557690313,Evan Justice,"<a href=""leaders.aspx?pos=all&stats=pit&lg=all&qual=0&type=strType&season=2024&month=0&season1=2024&ind=1&team=19&rost=0&age=0"">COL</a>",0.1,0,6.16648290753691,6.16648290753691,0,NA,NA
687287,95.28642157672462,94.44898100258833,93.26771017677903,NA,96.82922705590424,97.09023744159796,NA,NA,94.92379485506214,NA,NA,NA,NA,NA,NA,NA,NA,NA
687330,NA,NA,100.05880026770704,106.88286800697273,NA,94.9757789923425,104.73056718286786,NA,105.03063880193494,Kevin Kelly,"<a href=""leaders.aspx?pos=all&stats=pit&lg=all&qual=0&type=strType&season=2024&month=0&season1=2024&ind=1&team=12&rost=0&age=0"">TBR</a>",70.2,2.6745289756380055,3.2655364070171284,3.133203174661399,0.19424461,37,0.268
687362,94.5355926723106,NA,96.69984497655064,NA,NA,94.75951738144582,100.55115566299132,NA,96.29657833973312,Connor Gillispie,"<a href=""leaders.aspx?pos=all&stats=pit&lg=all&qual=0&type=strType&season=2024&month=0&season1=2024&ind=1&team=5&rost=0&age=0"">CLE</a>",8,2.25,3.041479778289795,5.120491336844862,0.09375,47.4,0.241
687377,100.90117126551998,NA,103.81021269009362,NA,113.46979931835774,NA,NA,NA,104.5059781856261,Orlando Ribalta,"<a href=""leaders.aspx?pos=all&stats=pit&lg=all&qual=0&type=strType&season=2024&month=0&season1=2024&ind=1&team=24&rost=0&age=0"">WSN</a>",3.1,13.500005149843274,4.06648012161268,6.334493596123959,0.04347826,35.3,0.507
687396,NA,NA,103.6466461635656,100.5333910567988,97.74287338174649,NA,NA,NA,99.282578453952,Brent Headrick,"<a href=""leaders.aspx?pos=all&stats=pit&lg=all&qual=0&type=strType&season=2024&month=0&season1=2024&ind=1&team=8&rost=0&age=0"">MIN</a>",3,3,6.166479778289796,3.3451548511783287,0.23076923,50,0.36
687397,NA,89.35985392901152,NA,101.18493402406476,98.27407751651891,NA,NA,NA,98.69395481539215,NA,NA,NA,NA,NA,NA,NA,NA,NA
687424,NA,NA,94.39758192091843,NA,102.38987957191675,85.6630762528965,NA,NA,98.77649380386087,Anthony Maldonado,"<a href=""leaders.aspx?pos=all&stats=pit&lg=all&qual=0&type=strType&season=2024&month=0&season1=2024&ind=1&team=20&rost=0&age=0"">MIA</a>",19,5.684210811625571,3.798058757359303,5.10333304158842,0.04878049,26.6,0.321
687589,102.85660384205286,101.02873328839902,100.01543830769285,NA,NA,96.71210323600945,100.44271045788756,NA,100.02744097800307,NA,NA,NA,NA,NA,NA,NA,NA,NA
687765,86.21391894889679,101.83365453378663,NA,87.20477850311661,104.24022446230434,102.66387785915762,NA,NA,100.78759051435635,Mitch Spence,"<a href=""leaders.aspx?pos=all&stats=pit&lg=all&qual=0&type=strType&season=2024&month=0&season1=2024&ind=1&team=10&rost=0&age=0"">OAK</a>",151.1,4.579295481240794,4.210532716292747,4.121043966823202,0.12596006,41.7,0.34
687792,101.80354818539041,NA,98.76121994050634,NA,100.35066885793778,NA,NA,97.38101166177877,99.72917170020047,DJ Herz,"<a href=""leaders.aspx?pos=all&stats=pit&lg=all&qual=0&type=strType&season=2024&month=0&season1=2024&ind=1&team=24&rost=0&age=0"">WSN</a>",88.2,4.16165425470264,3.707833177275504,3.851482044262386,0.18324607,34.7,0.294
687798,100.46055068568157,NA,95.45102403354413,NA,104.67063829332537,98.92556340538366,106.03400330555682,NA,99.36812285261892,Nick Robertson,- - -,13.1,4.050000386238135,4.441479899883283,3.5576911639981406,0.21818182,48.7,0.343
687817,NA,NA,NA,108.35678270420081,102.14245222483147,NA,NA,NA,103.52341455358021,NA,NA,NA,NA,NA,NA,NA,NA,NA
687847,NA,NA,98.45063123453166,NA,107.93854241766725,NA,NA,NA,103.51085053220397,Marc Church,"<a href=""leaders.aspx?pos=all&stats=pit&lg=all&qual=0&type=strType&season=2024&month=0&season1=2024&ind=1&team=13&rost=0&age=0"">TEX</a>",1,0,1.166479778289795,2.6784881845116617,0.25,NA,NA
687863,NA,NA,107.95057540394207,NA,NA,NA,112.94833172310085,NA,109.77812382284397,Porter Hodge,"<a href=""leaders.aspx?pos=all&stats=pit&lg=all&qual=0&type=strType&season=2024&month=0&season1=2024&ind=1&team=17&rost=0&age=0"">CHC</a>",43,1.8837212644570398,2.7478750528548974,3.409091510265791,0.20121951,35.9,0.214
687866,NA,NA,96.57196216737498,NA,NA,105.54286715786104,NA,NA,99.93605153880725,NA,NA,NA,NA,NA,NA,NA,NA,NA
687879,91.06391306531894,NA,106.20508268328942,NA,96.71742692034594,96.0453346526746,NA,NA,99.78389390584033,NA,NA,NA,NA,NA,NA,NA,NA,NA
687911,NA,96.25219591858023,94.90152351806618,87.09456543374058,NA,NA,106.192263632654,NA,98.22070427890395,Bryan King,"<a href=""leaders.aspx?pos=all&stats=pit&lg=all&qual=0&type=strType&season=2024&month=0&season1=2024&ind=1&team=21&rost=0&age=0"">HOU</a>",26.1,2.392405698666698,2.710783454734234,3.5377277253581587,0.20183486,34.4,0.273
687922,96.9609671306361,NA,99.04301985243471,NA,102.54768181370926,95.9626885835686,104.71784575710794,NA,99.40555444043,Easton Lucas,- - -,11.2,10.800001471383432,5.137908618304231,6.356436039629155,0.01639344,36.6,0.402
687924,91.87169130080373,91.69105112974816,90.2171802660992,89.9386392232182,96.92512237812787,NA,NA,NA,91.7677697456516,Julian Aguiar,"<a href=""leaders.aspx?pos=all&stats=pit&lg=all&qual=0&type=strType&season=2024&month=0&season1=2024&ind=1&team=18&rost=0&age=0"">CIN</a>",31.2,6.2526320810926,6.861216917117241,5.868892737381621,0.05,35.6,0.354
687956,91.08758395639686,NA,82.88719603116256,NA,NA,NA,NA,NA,89.44750637134999,NA,NA,NA,NA,NA,NA,NA,NA,NA
688107,95.22380587231874,NA,93.25106299165569,96.3710680281669,NA,97.71990023936743,108.81024670947346,NA,99.79859361691676,Robert Gasser,"<a href=""leaders.aspx?pos=all&stats=pit&lg=all&qual=0&type=strType&season=2024&month=0&season1=2024&ind=1&team=23&rost=0&age=0"">MIL</a>",28,2.5714285714285716,3.3807654925755095,4.180203671114786,0.13157895,24.5,0.268
688230,NA,NA,96.26051726351733,NA,NA,NA,NA,NA,96.26051726351733,NA,NA,NA,NA,NA,NA,NA,NA,NA
688297,NA,NA,95.31385182591444,100.4944924367427,NA,94.19701151327612,100.13222166086872,NA,98.71324069287067,Chris Roycroft,"<a href=""leaders.aspx?pos=all&stats=pit&lg=all&qual=0&type=strType&season=2024&month=0&season1=2024&ind=1&team=28&rost=0&age=0"">STL</a>",34.1,4.19417584462697,3.8363828645843805,4.224117486321633,0.10322581,33.7,0.309
688984,99.3546246597832,NA,91.59584911057397,NA,99.38852584497204,NA,NA,NA,95.92134716466302,NA,NA,NA,NA,NA,NA,NA,NA,NA
689017,90.68270582397082,105.502090593607,102.30123266711595,NA,103.46604195869003,NA,108.7823059906776,103.03191766090775,101.03574684627505,Landon Knack,"<a href=""leaders.aspx?pos=all&stats=pit&lg=all&qual=0&type=strType&season=2024&month=0&season1=2024&ind=1&team=22&rost=0&age=0"">LAD</a>",69,3.6521740644775913,4.717204480270359,4.227013500665944,0.17832168,43.9,0.304
689042,102.31537533299692,NA,90.81802687944429,NA,106.0151855712132,NA,NA,NA,96.78550431676838,NA,NA,NA,NA,NA,NA,NA,NA,NA
689147,NA,NA,101.74716135343573,101.09607425870284,NA,NA,120.8644519405175,NA,112.27378436075126,Orion Kerkering,"<a href=""leaders.aspx?pos=all&stats=pit&lg=all&qual=0&type=strType&season=2024&month=0&season1=2024&ind=1&team=26&rost=0&age=0"">PHI</a>",63,2.285714562517749,2.4204479419124745,2.943754796438939,0.22178988,33.5,0.271
689225,104.7255768360381,NA,103.34068589000995,95.05243339619398,104.34998135953137,NA,NA,NA,102.50925420969277,Beau Brieske,"<a href=""leaders.aspx?pos=all&stats=pit&lg=all&qual=0&type=strType&season=2024&month=0&season1=2024&ind=1&team=6&rost=0&age=0"">DET</a>",67.2,3.591133544791618,3.5063813072206895,4.266351578302972,0.13829787,35.9,0.291
689254,NA,NA,NA,NA,NA,106.81780958017687,103.53786714260222,NA,105.63703030264999,NA,NA,NA,NA,NA,NA,NA,NA,NA
689266,99.913905751651,NA,93.17179436002188,NA,99.91605313683927,97.59308474819899,NA,NA,96.52961492596307,Dylan Dodd,"<a href=""leaders.aspx?pos=all&stats=pit&lg=all&qual=0&type=strType&season=2024&month=0&season1=2024&ind=1&team=16&rost=0&age=0"">ATL</a>",2,9,2.666479778289795,3.4224839814007284,0.11111111,NA,NA
689337,NA,94.54564889024799,NA,101.5502003110981,NA,102.27255672010145,NA,NA,100.29376130872875,NA,NA,NA,NA,NA,NA,NA,NA,NA
689434,NA,NA,88.93099145937909,NA,98.97081668648818,NA,NA,NA,92.02016845233574,NA,NA,NA,NA,NA,NA,NA,NA,NA
689672,96.31767147923576,NA,88.58070577862054,NA,96.04095743542638,100.09486972981064,102.50748457002054,NA,94.46857518810292,Drew Thorpe,"<a href=""leaders.aspx?pos=all&stats=pit&lg=all&qual=0&type=strType&season=2024&month=0&season1=2024&ind=1&team=4&rost=0&age=0"">CHW</a>",44.1,5.4812031647303066,5.873246773218341,5.812447445539124,0.02105263,37.3,0.315
689690,96.69465839208162,NA,104.42785442358218,100.20185445866186,NA,NA,102.14809618727267,NA,100.19976381143854,Alek Jacob,"<a href=""leaders.aspx?pos=all&stats=pit&lg=all&qual=0&type=strType&season=2024&month=0&season1=2024&ind=1&team=29&rost=0&age=0"">SDP</a>",14.2,2.454545720549683,2.280116045869076,2.9401247146679528,0.29824561,32.4,0.222
689958,NA,NA,109.97212229271865,NA,102.31213110436933,NA,NA,NA,107.56818888786434,Andrew Walters,"<a href=""leaders.aspx?pos=all&stats=pit&lg=all&qual=0&type=strType&season=2024&month=0&season1=2024&ind=1&team=5&rost=0&age=0"">CLE</a>",8.2,0,3.51263368792789,5.7806467132118,0.03125,23.8,0.147
689981,104.19897889670845,109.43605951320212,102.20015248824838,94.68452895273239,109.98345692804962,99.76521598662421,NA,NA,104.33958093236983,River Ryan,"<a href=""leaders.aspx?pos=all&stats=pit&lg=all&qual=0&type=strType&season=2024&month=0&season1=2024&ind=1&team=22&rost=0&age=0"">LAD</a>",20.1,1.3278689354986557,3.3632011020673733,4.285439349772903,0.11111111,27.8,0.263
690544,NA,109.30735177210825,96.62705553964044,NA,NA,103.27168356688556,113.5092883750111,NA,108.12506366240764,Bailey Horn,"<a href=""leaders.aspx?pos=all&stats=pit&lg=all&qual=0&type=strType&season=2024&month=0&season1=2024&ind=1&team=3&rost=0&age=0"">BOS</a>",18,6.500002066295009,6.999814330207364,4.732709970600402,0.03409091,41.5,0.379
690736,89.69829644102155,98.31006247402252,98.91994191249542,91.33156479096324,101.29716850021171,NA,NA,NA,97.86598372932603,NA,NA,NA,NA,NA,NA,NA,NA,NA
690829,126.62954320769748,NA,103.46198809584287,103.51983380336281,114.24147786800124,NA,NA,NA,106.00247488003662,Ben Joyce,"<a href=""leaders.aspx?pos=all&stats=pit&lg=all&qual=0&type=strType&season=2024&month=0&season1=2024&ind=1&team=1&rost=0&age=0"">LAA</a>",34.2,2.076923457828569,3.195325937426303,3.6926385706839735,0.13380282,37.4,0.263
690916,95.93441402139601,NA,102.98343825656161,NA,102.89465077388687,NA,106.68836285557606,NA,102.98595428689512,Richard Fitts,"<a href=""leaders.aspx?pos=all&stats=pit&lg=all&qual=0&type=strType&season=2024&month=0&season1=2024&ind=1&team=3&rost=0&age=0"">BOS</a>",20.2,1.7419355374593284,3.3116410730780723,5.506492052857331,0.02352941,33.3,0.273
690925,105.34923537575983,104.88970272515232,96.00866479607575,NA,110.74058335786086,NA,NA,NA,100.82068827619,Clayton Beeter,"<a href=""leaders.aspx?pos=all&stats=pit&lg=all&qual=0&type=strType&season=2024&month=0&season1=2024&ind=1&team=9&rost=0&age=0"">NYY</a>",3.2,4.909091760304496,1.2573885381713799,2.4944865395871965,0.26666667,44.4,0.331
690986,94.07929095983366,97.27445462375708,96.86034925654867,103.98929358086126,93.53837417428095,NA,NA,NA,95.99966526776477,Kyle Harrison,"<a href=""leaders.aspx?pos=all&stats=pit&lg=all&qual=0&type=strType&season=2024&month=0&season1=2024&ind=1&team=30&rost=0&age=0"">SFG</a>",124.1,4.560321902372627,4.332699665139938,4.226157253074172,0.14285714,44.1,0.33
691004,NA,NA,90.9127752253067,NA,NA,NA,NA,NA,90.9127752253067,NA,NA,NA,NA,NA,NA,NA,NA,NA
691032,NA,99.38803592967997,NA,89.75165721770006,104.10138716390104,NA,NA,NA,95.5628694070149,NA,NA,NA,NA,NA,NA,NA,NA,NA
691172,98.21170028733874,NA,84.2727987023796,96.75845906144234,108.42621557507923,NA,112.22841164283751,NA,100.2269685589732,Yosver Zulueta,"<a href=""leaders.aspx?pos=all&stats=pit&lg=all&qual=0&type=strType&season=2024&month=0&season1=2024&ind=1&team=18&rost=0&age=0"">CIN</a>",16.1,4.959184059546651,3.7787247239128385,3.112607369741817,0.1884058,46.3,0.322
691441,98.10671348997393,112.49617245996285,101.98340703056506,95.68696437192509,NA,NA,104.50269771024918,NA,103.97652957401792,Cristian Mena,"<a href=""leaders.aspx?pos=all&stats=pit&lg=all&qual=0&type=strType&season=2024&month=0&season1=2024&ind=1&team=15&rost=0&age=0"">ARI</a>",3,12,13.49981311162313,7.35316045532624,-0.06666667,50,0.529
691951,98.59966645754754,89.68174016300253,89.71611456875668,NA,99.99559127060009,NA,NA,NA,93.01414475661532,Sam Aldegheri,"<a href=""leaders.aspx?pos=all&stats=pit&lg=all&qual=0&type=strType&season=2024&month=0&season1=2024&ind=1&team=1&rost=0&age=0"">LAA</a>",13,4.846153846153846,6.397249009059026,7.421265821502759,0,37.8,0.373
692230,93.74799502812958,96.01822417037198,90.84299149007258,94.97331836990963,98.25059025378283,92.85945739404795,NA,NA,94.25981980266924,Carlos Rodriguez,"<a href=""leaders.aspx?pos=all&stats=pit&lg=all&qual=0&type=strType&season=2024&month=0&season1=2024&ind=1&team=23&rost=0&age=0"">MIL</a>",12.1,7.2972980496481865,5.598912461505858,4.643465172079875,0.10526316,37.8,0.418
692285,104.20866069754985,NA,97.34171884709413,NA,NA,NA,110.13973574230417,NA,102.65789656148588,Luis Guerrero,"<a href=""leaders.aspx?pos=all&stats=pit&lg=all&qual=0&type=strType&season=2024&month=0&season1=2024&ind=1&team=3&rost=0&age=0"">BOS</a>",10,0,1.9664795494079155,3.6296891134840177,0.19444445,36,0.196
692983,98.22592355567643,NA,83.88642316505164,79.58668110405979,91.12739626594896,NA,NA,NA,88.09047987724432,NA,NA,NA,NA,NA,NA,NA,NA,NA
693312,NA,112.01805087607505,103.72049670854621,112.80897104660303,111.96714622539349,NA,NA,NA,107.25195464359142,Kyle Nicolas,"<a href=""leaders.aspx?pos=all&stats=pit&lg=all&qual=0&type=strType&season=2024&month=0&season1=2024&ind=1&team=27&rost=0&age=0"">PIT</a>",54.2,3.951219971728903,4.026235975841918,4.485609725316336,0.09876543,40.5,0.315
693433,99.3359220417908,NA,99.76442355110177,98.59148222229936,100.1188944582751,NA,106.2054110342513,NA,100.0590562619084,Bryan Woo,"<a href=""leaders.aspx?pos=all&stats=pit&lg=all&qual=0&type=strType&season=2024&month=0&season1=2024&ind=1&team=11&rost=0&age=0"">SEA</a>",121.1,2.8928572641249968,3.397249018732815,3.75402858748336,0.18644068,35.2,0.249
693759,NA,NA,NA,86.30402216297469,97.3646357033932,NA,NA,NA,93.6777645232537,NA,NA,NA,NA,NA,NA,NA,NA,NA
693821,91.61716850038022,NA,87.59802639494465,86.7293723481146,105.94224604369258,103.21620243030378,NA,NA,93.41185985497889,Bryce Elder,"<a href=""leaders.aspx?pos=all&stats=pit&lg=all&qual=0&type=strType&season=2024&month=0&season1=2024&ind=1&team=16&rost=0&age=0"">ATL</a>",49.2,6.523490266914638,4.555741594391987,3.9534948233841756,0.12831859,45.3,0.37
694037,NA,NA,105.31550161819756,99.84814418833993,109.31419127561725,NA,NA,NA,106.05345359204837,Daniel Palencia,"<a href=""leaders.aspx?pos=all&stats=pit&lg=all&qual=0&type=strType&season=2024&month=0&season1=2024&ind=1&team=17&rost=0&age=0"">CHC</a>",14.2,6.136363902367847,3.6437525262517387,4.880850366787286,0.05797101,45,0.336
694297,98.42703706957386,101.5784250400114,99.87464056323331,95.74901815356311,NA,NA,111.71913580862352,NA,102.1107342861624,Brandon Pfaadt,"<a href=""leaders.aspx?pos=all&stats=pit&lg=all&qual=0&type=strType&season=2024&month=0&season1=2024&ind=1&team=15&rost=0&age=0"">ARI</a>",181.2,4.706422281887357,3.606846775425454,3.5789809378818194,0.1881579,39.4,0.312
694335,NA,NA,NA,99.12407156002044,NA,NA,101.22664679168581,NA,99.82492997057555,NA,NA,NA,NA,NA,NA,NA,NA,NA
694350,100.00724744282515,105.74649870948522,98.54872796495235,NA,NA,NA,NA,NA,100.5110326891595,Zach Brzykcy,"<a href=""leaders.aspx?pos=all&stats=pit&lg=all&qual=0&type=strType&season=2024&month=0&season1=2024&ind=1&team=24&rost=0&age=0"">WSN</a>",5.2,14.294119250815813,7.931186195228399,6.278025857120664,0.03571429,47.6,0.454
694357,98.47268527905275,NA,NA,98.62365784452851,107.49855529396342,NA,NA,NA,101.59353438734743,NA,NA,NA,NA,NA,NA,NA,NA,NA
694361,NA,109.79823114247185,100.4289599760832,NA,107.40434144997766,NA,NA,NA,103.73182748029835,Will Klein,- - -,7.1,11.045456460685116,3.7119344183236276,5.567581420447352,0.02631579,40,0.426
694363,90.08358454491304,NA,90.88333696433398,87.23290845460421,97.13044711117503,NA,NA,NA,92.29830521081566,Jared Shuster,"<a href=""leaders.aspx?pos=all&stats=pit&lg=all&qual=0&type=strType&season=2024&month=0&season1=2024&ind=1&team=4&rost=0&age=0"">CHW</a>",73.1,4.29545506682284,4.5846617686059075,5.092273522508577,0.07165109,31.9,0.324
694381,101.9709589105212,NA,96.08328208736971,NA,97.09938712973731,NA,NA,NA,96.85036783207723,NA,NA,NA,NA,NA,NA,NA,NA,NA
694436,NA,NA,93.39166280349409,93.54725008549958,99.03464953717229,NA,NA,NA,93.8616434634706,NA,NA,NA,NA,NA,NA,NA,NA,NA
694462,NA,92.4614521822911,88.95405400690892,NA,104.5572037178641,NA,NA,NA,98.28751795064258,Hurston Waldrep,"<a href=""leaders.aspx?pos=all&stats=pit&lg=all&qual=0&type=strType&season=2024&month=0&season1=2024&ind=1&team=16&rost=0&age=0"">ATL</a>",7,16.71428799142674,11.737909517482995,8.326492490174118,-0.13888889,33.3,0.501
694496,NA,101.09543466341268,NA,NA,NA,NA,NA,NA,101.09543466341268,NA,NA,NA,NA,NA,NA,NA,NA,NA
694646,104.15813100289705,109.21632408858352,99.41072756806524,NA,103.98592775091365,NA,108.79687878539474,NA,103.04554017380102,Chayce McDermott,"<a href=""leaders.aspx?pos=all&stats=pit&lg=all&qual=0&type=strType&season=2024&month=0&season1=2024&ind=1&team=2&rost=0&age=0"">BAL</a>",4,6.75,6.416479778289795,4.678488184511662,0.05555556,69.2,0.386
694738,95.21574858134981,108.00054488064531,89.05539084459247,97.13417364010829,105.60987758943739,NA,NA,NA,101.84720400868461,Landen Roupp,"<a href=""leaders.aspx?pos=all&stats=pit&lg=all&qual=0&type=strType&season=2024&month=0&season1=2024&ind=1&team=30&rost=0&age=0"">SFG</a>",50.1,3.5761593017739104,3.4247579500845777,4.169877622624837,0.09677419,39.2,0.294
694813,97.23091443743336,99.36621586058864,98.72416220152397,93.71430411878713,104.125801344709,91.631555664851,107.80429901156654,NA,97.79450837052141,Gavin Stone,"<a href=""leaders.aspx?pos=all&stats=pit&lg=all&qual=0&type=strType&season=2024&month=0&season1=2024&ind=1&team=22&rost=0&age=0"">LAD</a>",140.1,3.527316042333899,4.014460806648854,4.017035412189123,0.1362069,36.2,0.304
694887,NA,93.53418029422642,NA,NA,NA,102.1540969715118,NA,NA,98.70613030059765,NA,NA,NA,NA,NA,NA,NA,NA,NA
694973,102.59073986475968,103.12846164158823,99.81244461535456,NA,105.69944350772116,NA,108.47478171981817,NA,102.94781508889511,Paul Skenes,"<a href=""leaders.aspx?pos=all&stats=pit&lg=all&qual=0&type=strType&season=2024&month=0&season1=2024&ind=1&team=27&rost=0&age=0"">PIT</a>",133,1.962406015037594,2.4446752670115997,2.5358691781759264,0.26848249,36.3,0.247
695026,89.36105691958502,NA,103.47439001112367,NA,108.62335662487656,NA,105.61411335550461,NA,105.74302749716487,NA,NA,NA,NA,NA,NA,NA,NA,NA
695076,102.745515248359,NA,93.77744077588397,98.73869049234807,101.71979655195321,NA,NA,NA,98.93164686506427,Rhett Lowder,"<a href=""leaders.aspx?pos=all&stats=pit&lg=all&qual=0&type=strType&season=2024&month=0&season1=2024&ind=1&team=18&rost=0&age=0"">CIN</a>",30.2,1.1739130678158858,3.101262385633357,4.728314943452066,0.0625,41.3,0.253
695243,117.86862718768108,NA,113.26072388215096,NA,111.89345759075066,NA,NA,NA,112.84258701152048,Mason Miller,"<a href=""leaders.aspx?pos=all&stats=pit&lg=all&qual=0&type=strType&season=2024&month=0&season1=2024&ind=1&team=10&rost=0&age=0"">OAK</a>",65,2.492307984843091,2.1818642781048703,2.2147326747283302,0.33333333,32.5,0.218
695549,97.03138674089033,NA,107.3310221780548,NA,109.82558834389614,112.25549067599707,114.1841203017735,NA,107.19175314845263,Jackson Jobe,"<a href=""leaders.aspx?pos=all&stats=pit&lg=all&qual=0&type=strType&season=2024&month=0&season1=2024&ind=1&team=6&rost=0&age=0"">DET</a>",4,0,2.916479778289795,4.806490286067128,0.0625,33.3,0.105
696131,93.268539275855,NA,97.03105960670857,96.54922137352901,98.59221471318193,NA,100.77296155412434,NA,97.93000727520632,Mason Black,"<a href=""leaders.aspx?pos=all&stats=pit&lg=all&qual=0&type=strType&season=2024&month=0&season1=2024&ind=1&team=30&rost=0&age=0"">SFG</a>",36.1,6.440367535964505,5.450883647884043,5.23511653750691,0.09467456,40.8,0.387
696136,98.96410315647724,101.00511873257072,100.46411612569378,93.01513713877824,103.32412984170264,NA,106.57882476582098,NA,99.50844166097248,Jordan Wicks,"<a href=""leaders.aspx?pos=all&stats=pit&lg=all&qual=0&type=strType&season=2024&month=0&season1=2024&ind=1&team=17&rost=0&age=0"">CHC</a>",46,5.478261210291979,5.318653825190215,4.648751156451943,0.10377359,39.9,0.373
696275,107.3753086901203,NA,86.4736195063085,99.31928287107266,100.433736740635,NA,NA,NA,96.95482464435058,NA,NA,NA,NA,NA,NA,NA,NA,NA
696522,98.41770452242434,NA,92.17242491747007,NA,93.51532057974478,91.01309474377967,NA,NA,92.3288021532723,NA,NA,NA,NA,NA,NA,NA,NA,NA
699911,NA,96.21340762595028,106.66806553785538,NA,NA,NA,NA,NA,101.24984109209223,NA,NA,NA,NA,NA,NA,NA,NA,NA
700187,98.852597734749,NA,101.74744046556441,NA,NA,NA,105.05006733438933,NA,103.01928478193672,Troy Taylor,"<a href=""leaders.aspx?pos=all&stats=pit&lg=all&qual=0&type=strType&season=2024&month=0&season1=2024&ind=1&team=11&rost=0&age=0"">SEA</a>",19.1,3.7241381759734433,4.356135028947978,3.3870410826349295,0.22222222,34.7,0.299
700241,84.6769443950926,98.93670210594883,88.56016476815714,90.36048033407639,NA,92.55082891993641,104.1908436393341,NA,92.85565703336117,Michael McGreevy,"<a href=""leaders.aspx?pos=all&stats=pit&lg=all&qual=0&type=strType&season=2024&month=0&season1=2024&ind=1&team=28&rost=0&age=0"">STL</a>",23,1.9565217391304348,2.5577841261158816,2.715701189961122,0.18604651,33.8,0.223
700249,91.42121436465098,96.54408145130672,97.34692576336079,94.14250170176275,102.54494263834495,101.37885999153555,101.09779284107502,NA,97.15996805758006,Cade Povich,"<a href=""leaders.aspx?pos=all&stats=pit&lg=all&qual=0&type=strType&season=2024&month=0&season1=2024&ind=1&team=2&rost=0&age=0"">BAL</a>",79.2,5.19665288555362,4.785726691904329,4.991194794395859,0.09943182,36.6,0.339
700270,NA,NA,94.60681948826692,92.958543775819,105.22478987345438,NA,NA,95.86666802490033,97.58662758655197,Yilber Díaz,"<a href=""leaders.aspx?pos=all&stats=pit&lg=all&qual=0&type=strType&season=2024&month=0&season1=2024&ind=1&team=15&rost=0&age=0"">ARI</a>",28.1,3.8117648769497534,4.472362189837396,4.750206693820058,0.05882353,45.5,0.327
700363,NA,101.20654481755165,98.62939286485656,NA,103.86343904499678,NA,NA,NA,101.18683267632217,AJ Smith-Shawver,"<a href=""leaders.aspx?pos=all&stats=pit&lg=all&qual=0&type=strType&season=2024&month=0&season1=2024&ind=1&team=16&rost=0&age=0"">ATL</a>",4.1,0,2.7049412828930715,5.1474165798150064,0.11111111,50,0.224
700669,96.8082670447199,100.59991322034821,86.420439837893,NA,101.51320024366841,NA,NA,NA,93.94539696147662,Gordon Graceffo,"<a href=""leaders.aspx?pos=all&stats=pit&lg=all&qual=0&type=strType&season=2024&month=0&season1=2024&ind=1&team=28&rost=0&age=0"">STL</a>",7.2,4.695652563315065,4.0795233322677245,4.356056058967738,0.12903226,39.1,0.329
701151,86.44298096017664,NA,92.78046188605184,93.13344834263617,98.92262904249162,96.02166472057124,NA,NA,94.52641717023326,NA,NA,NA,NA,NA,NA,NA,NA,NA
701288,102.96484860430047,NA,98.94622874062232,NA,96.6828883742225,NA,NA,NA,100.35228702201674,NA,NA,NA,NA,NA,NA,NA,NA,NA
701533,99.86620360339661,NA,94.6651276063853,NA,96.656145695894,NA,NA,NA,95.97081188438872,NA,NA,NA,NA,NA,NA,NA,NA,NA
701542,95.51356833403337,98.3106776462703,98.50174164306526,97.3369206020139,NA,104.56509303940459,114.59292348802357,NA,102.2695422609661,Will Warren,"<a href=""leaders.aspx?pos=all&stats=pit&lg=all&qual=0&type=strType&season=2024&month=0&season1=2024&ind=1&team=9&rost=0&age=0"">NYY</a>",22.2,10.323529701331916,4.9311857101414045,3.998019968397728,0.17272727,50.7,0.428
701566,NA,NA,85.86073841667616,NA,107.6393644939712,NA,NA,NA,94.330204113402,NA,NA,NA,NA,NA,NA,NA,NA,NA
701568,97.89539796711652,NA,90.88023773498364,NA,102.71326422835786,NA,NA,NA,98.38795648017373,NA,NA,NA,NA,NA,NA,NA,NA,NA
701581,97.57520060622558,NA,103.6741359187034,NA,105.74775619462612,NA,NA,NA,102.66070612043042,David Festa,"<a href=""leaders.aspx?pos=all&stats=pit&lg=all&qual=0&type=strType&season=2024&month=0&season1=2024&ind=1&team=8&rost=0&age=0"">MIN</a>",64.1,4.8963730811893535,3.7571533563380344,3.583690999556508,0.19494585,38.9,0.324
701603,96.0071110385474,NA,89.64597358128417,96.11479120407772,91.6923001092764,NA,NA,NA,93.96177484793485,NA,NA,NA,NA,NA,NA,NA,NA,NA
701643,91.05155724051218,NA,88.43893835806665,95.22176770244225,NA,94.23800389139703,106.63523291625499,NA,98.39504815887248,Grant Hartwig,"<a href=""leaders.aspx?pos=all&stats=pit&lg=all&qual=0&type=strType&season=2024&month=0&season1=2024&ind=1&team=25&rost=0&age=0"">NYM</a>",6.2,6.750000643730225,6.616480107307466,6.934492746968315,0,23.8,0.344
701719,92.63577069617753,NA,91.4013892418314,98.39738021924734,102.34907114491448,NA,NA,NA,96.66922604704759,NA,NA,NA,NA,NA,NA,NA,NA,NA
702129,109.42826716934093,100.85001828143517,96.99333278151835,NA,94.38691699036602,105.72633374175966,NA,NA,101.8563729560332,NA,NA,NA,NA,NA,NA,NA,NA,NA
702352,96.30437951340141,NA,84.78932873092619,93.42490380337004,97.93205396870879,95.61107711238925,100.62253952740093,NA,95.28076497511752,Spencer Bivens,"<a href=""leaders.aspx?pos=all&stats=pit&lg=all&qual=0&type=strType&season=2024&month=0&season1=2024&ind=1&team=30&rost=0&age=0"">SFG</a>",48.2,3.143835965543325,4.789767629779487,3.9701599096704827,0.12871287,36.6,0.311
702674,102.17361627668818,96.93787913449839,92.98350792739505,NA,99.04390246372566,95.99110883246001,NA,NA,95.76468090244174,Caden Dana,"<a href=""leaders.aspx?pos=all&stats=pit&lg=all&qual=0&type=strType&season=2024&month=0&season1=2024&ind=1&team=1&rost=0&age=0"">LAA</a>",10.1,9.580645456026307,10.230996124652627,5.842877532969299,0.01923077,41.7,0.478
702795,101.25836684533094,NA,84.58408197663832,NA,99.92731859457203,NA,99.86480198604795,NA,91.37207947152066,Ryan Loutos,"<a href=""leaders.aspx?pos=all&stats=pit&lg=all&qual=0&type=strType&season=2024&month=0&season1=2024&ind=1&team=28&rost=0&age=0"">STL</a>",2.1,0,4.452194239168775,7.69221269391883,-0.1,22.2,0.283
702911,96.87095192788914,NA,91.11644964827835,NA,95.71156122236556,NA,NA,NA,95.3904141750748,NA,NA,NA,NA,NA,NA,NA,NA,NA
703231,NA,NA,90.51887096301905,NA,94.51235858506918,96.95517819015608,NA,NA,93.10280123142871,James Meeker,"<a href=""leaders.aspx?pos=all&stats=pit&lg=all&qual=0&type=strType&season=2024&month=0&season1=2024&ind=1&team=23&rost=0&age=0"">MIL</a>",1,0,6.166479778289795,6.166479778289795,-0.25,NA,NA
800049,93.8636918784742,102.93627556547871,90.44618256332812,92.9283213029475,106.72170929652096,NA,107.92957696964115,NA,97.91038588026456,Adam Mazur,"<a href=""leaders.aspx?pos=all&stats=pit&lg=all&qual=0&type=strType&season=2024&month=0&season1=2024&ind=1&team=29&rost=0&age=0"">SDP</a>",33.2,7.485149080268866,6.22588594998699,6.199522444549446,0.00632911,38.9,0.399
800723,NA,NA,93.75630941903331,87.54183195130587,NA,102.28922689861957,100.01478968622705,NA,94.54406778454094,NA,NA,NA,NA,NA,NA,NA,NA,NA
801216,NA,NA,NA,82.07651424423747,100.91042476237865,NA,NA,NA,93.37686055512218,NA,NA,NA,NA,NA,NA,NA,NA,NA
801412,NA,NA,NA,96.69979207957547,100.92427131531434,NA,NA,NA,98.81203169744491,NA,NA,NA,NA,NA,NA,NA,NA,NA
801434,NA,NA,104.57943080257866,NA,102.9079923314324,NA,105.38682532100442,NA,104.68330677608245,NA,NA,NA,NA,NA,NA,NA,NA,NA
801505,93.68047459853457,NA,NA,97.48771000165168,NA,NA,NA,NA,95.58409230009312,NA,NA,NA,NA,NA,NA,NA,NA,NA
801682,NA,NA,93.33711361853386,94.47251847054626,NA,NA,NA,NA,93.90481604454007,NA,NA,NA,NA,NA,NA,NA,NA,NA
802180,NA,82.99610964894256,91.20729862505493,NA,86.35954181169454,90.33018891919444,NA,NA,88.14733893808287,NA,NA,NA,NA,NA,NA,NA,NA,NA
802363,84.0877437636277,NA,89.66690685289043,NA,100.38114087952778,99.3313429800967,NA,NA,91.95806206056106,NA,NA,NA,NA,NA,NA,NA,NA,NA
805673,96.84145760625414,97.4451915125701,98.50168014032533,NA,104.2833651186784,97.96045608477917,NA,NA,99.68352718665373,Zebby Matthews,"<a href=""leaders.aspx?pos=all&stats=pit&lg=all&qual=0&type=strType&season=2024&month=0&season1=2024&ind=1&team=8&rost=0&age=0"">MIN</a>",37.2,6.690265938430782,5.715152516739616,4.046208480069212,0.18079096,42.1,0.397
805728,NA,NA,104.69553360664021,NA,106.22739816085297,NA,NA,NA,105.20615512471113,NA,NA,NA,NA,NA,NA,NA,NA,NA
806185,125.54409008092611,105.91225771931907,95.23746675328626,NA,108.18075192991694,NA,NA,NA,104.99180600617896,Hayden Birdsong,"<a href=""leaders.aspx?pos=all&stats=pit&lg=all&qual=0&type=strType&season=2024&month=0&season1=2024&ind=1&team=30&rost=0&age=0"">SFG</a>",72,4.75,4.666479778289795,4.213377190153632,0.14285714,50,0.321
808967,NA,107.59901233829551,96.24102196234317,92.28989594166184,108.27482451090896,97.82066990397128,110.54739494027805,NA,101.80630207314114,Yoshinobu Yamamoto,"<a href=""leaders.aspx?pos=all&stats=pit&lg=all&qual=0&type=strType&season=2024&month=0&season1=2024&ind=1&team=22&rost=0&age=0"">LAD</a>",90,3,2.6109242227342397,2.8598201168080175,0.22554348,41.3,0.278
808970,NA,103.98390720439083,96.54398505433369,NA,NA,99.83829107748146,NA,NA,99.52664432633159,NA,NA,NA,NA,NA,NA,NA,NA,NA
814005,90.85625843328418,103.01221709503754,107.02795475393764,99.65458180391158,103.41547691608373,NA,104.70631876076837,NA,104.05867382741755,Jake Bloss,"<a href=""leaders.aspx?pos=all&stats=pit&lg=all&qual=0&type=strType&season=2024&month=0&season1=2024&ind=1&team=21&rost=0&age=0"">HOU</a>",11.2,6.942857521212852,7.623622878327675,4.7738092827959475,0.14545455,30,0.428
814088,NA,NA,NA,92.71948816458118,97.9709532829114,NA,NA,NA,94.29492770008024,NA,NA,NA,NA,NA,NA,NA,NA,NA
814217,NA,105.8443847130527,94.98918875020796,NA,98.94398221870684,103.50810691805614,NA,NA,97.88483196885944,NA,NA,NA,NA,NA,NA,NA,NA,NA
814280,NA,NA,NA,89.6834426793297,106.46764864066958,NA,NA,NA,95.27817799977633,NA,NA,NA,NA,NA,NA,NA,NA,NA
815084,98.11210252544927,NA,96.47368616009574,92.81038210916208,101.6900627819761,102.80933120857509,NA,NA,97.19535019514565,NA,NA,NA,NA,NA,NA,NA,NA,NA
