pitcher,stuff_plus_CH,stuff_plus_CU,stuff_plus_FC,stuff_plus_FF,stuff_plus_SI,stuff_plus_SL,stuff_plus_ST,stuff_plus_KC,stuff_plus,PlayerName,Team,IP,ERA,FIP,xFIP,K.BB.,hard_hit_percent,woba
425794,91.99781242759262,109.54417366425163,100.59071667679542,90.9143112195213,88.79210226497325,92.87990880446407,NA,NA,98.13952025058158,Adam Wainwright,"<a href=""leaders.aspx?pos=all&stats=pit&lg=all&qual=0&type=strType&season=2023&month=0&season1=2023&ind=1&team=28&rost=0&age=0"">STL</a>",101,7.396040162646617,5.987713833246021,5.770710376941191,0.02892562,38.8,0.414
425844,98.59853438684388,97.29576693624499,100.78769231798502,88.78260811809534,90.30658686959372,101.25992682006851,NA,NA,95.03720171975466,Zack Greinke,"<a href=""leaders.aspx?pos=all&stats=pit&lg=all&qual=0&type=strType&season=2023&month=0&season1=2023&ind=1&team=7&rost=0&age=0"">KCR</a>",142.1,5.05854805455932,4.744501731117315,4.424242569597451,0.12478921,38.8,0.332
434378,119.22959625748176,95.94605495386335,NA,103.88291879479121,NA,112.91919091257088,NA,NA,105.3537626433271,Justin Verlander,- - -,162.1,3.215605699110627,3.846416120253048,4.56414037084129,0.14798206,41.3,0.284
445276,NA,NA,110.1469379500141,NA,101.47331917783369,101.1557791486798,NA,NA,108.16612937073023,Kenley Jansen,"<a href=""leaders.aspx?pos=all&stats=pit&lg=all&qual=0&type=strType&season=2023&month=0&season1=2023&ind=1&team=3&rost=0&age=0"">BOS</a>",44.2,3.626865878140229,3.658025457068207,4.608798585979375,0.18617021,35.9,0.303
445926,97.72233995856863,94.33127457991428,99.74974485770794,93.57591603972837,88.60072561198295,NA,NA,NA,95.86643894300968,Jesse Chavez,"<a href=""leaders.aspx?pos=all&stats=pit&lg=all&qual=0&type=strType&season=2023&month=0&season1=2023&ind=1&team=16&rost=0&age=0"">ATL</a>",34.2,1.5576925505195522,3.053117251096388,3.4000526034736467,0.1875,33.3,0.263
446372,94.02897168689067,103.67219547884089,100.42105009930977,90.35466453446963,89.35959570907313,NA,NA,NA,97.32321114542809,Corey Kluber,"<a href=""leaders.aspx?pos=all&stats=pit&lg=all&qual=0&type=strType&season=2023&month=0&season1=2023&ind=1&team=3&rost=0&age=0"">BOS</a>",55,7.036364002385435,7.10958601455059,5.796888816366115,0.08171206,40.5,0.407
448179,92.84683726662527,104.01543742936552,96.24599792475547,94.71467394135023,96.29277612098552,98.62810393630151,101.34922113159614,NA,98.65830987697164,Rich Hill,- - -,146.1,5.412300730401569,4.867796637748043,4.76786384653403,0.10757576,39.9,0.359
450203,102.610870827508,107.22602076639791,97.3347045631315,93.01853053115207,96.5744200498795,NA,NA,NA,100.56558862986245,Charlie Morton,"<a href=""leaders.aspx?pos=all&stats=pit&lg=all&qual=0&type=strType&season=2023&month=0&season1=2023&ind=1&team=16&rost=0&age=0"">ATL</a>",163.1,3.636734807126876,3.8734077256920445,4.2673837257477585,0.13966481,39.1,0.318
453178,NA,NA,93.83791581110131,98.19075805343014,NA,NA,NA,102.29869457255218,96.6651565506001,Ian Kennedy,"<a href=""leaders.aspx?pos=all&stats=pit&lg=all&qual=0&type=strType&season=2023&month=0&season1=2023&ind=1&team=13&rost=0&age=0"">TEX</a>",16.1,7.163266700290505,5.5203469228368025,4.664862491490331,0.18666667,51.1,0.347
453268,94.70941066605177,NA,NA,91.5973420630745,91.40139387145918,107.80356192234571,NA,NA,99.27381108935518,Daniel Bard,"<a href=""leaders.aspx?pos=all&stats=pit&lg=all&qual=0&type=strType&season=2023&month=0&season1=2023&ind=1&team=19&rost=0&age=0"">COL</a>",49.1,4.56081163369466,6.133419257206589,6.759657243082799,-0.00862069,31.3,0.345
453286,97.05312233462976,96.90823290162413,101.0943416988749,102.5713778370207,NA,103.21534470091797,NA,NA,101.04400748921685,Max Scherzer,- - -,152.2,3.7729258270417896,4.322725966802299,4.017770962323361,0.20772947,36.9,0.298
455119,NA,NA,99.67025275015368,94.31141983777498,95.39980343739755,102.63954137626219,108.04299959186376,NA,98.66712555510254,Chris Martin,"<a href=""leaders.aspx?pos=all&stats=pit&lg=all&qual=0&type=strType&season=2023&month=0&season1=2023&ind=1&team=3&rost=0&age=0"">BOS</a>",51.1,1.0519481561782793,2.4368584602472976,2.896609530836618,0.19095477,31,0.243
456501,92.6339276946597,93.25007002889643,85.09016398421177,93.38909671109067,92.95452612626445,94.2745057236311,NA,NA,93.17955577266704,Johnny Cueto,"<a href=""leaders.aspx?pos=all&stats=pit&lg=all&qual=0&type=strType&season=2023&month=0&season1=2023&ind=1&team=20&rost=0&age=0"">MIA</a>",52.1,6.019108426503672,7.019371661151747,5.197487539818567,0.11009174,36.6,0.362
456713,NA,108.88197195366217,NA,106.96315924354711,95.01729254368334,NA,108.99275926597318,NA,106.84076335429461,Matt Bush,"<a href=""leaders.aspx?pos=all&stats=pit&lg=all&qual=0&type=strType&season=2023&month=0&season1=2023&ind=1&team=23&rost=0&age=0"">MIL</a>",10.1,9.580647224442592,9.351815865960539,4.9815137358731185,0.08333333,40.6,0.429
458681,92.53981729366836,103.63916035047606,100.29524752621917,102.34404718607053,91.98234117798239,NA,NA,NA,100.05024549392817,Lance Lynn,- - -,183.2,5.7332124205824675,5.5309024599752,4.496007283190825,0.15346535,39.3,0.347
471911,101.86340020267083,96.80476924974654,94.16369164316538,89.74115003613419,96.80214481574004,99.24474974121577,107.53318016439285,NA,96.44651853660599,Carlos Carrasco,"<a href=""leaders.aspx?pos=all&stats=pit&lg=all&qual=0&type=strType&season=2023&month=0&season1=2023&ind=1&team=25&rost=0&age=0"">NYM</a>",90,6.8,5.855040359497071,4.926762688491079,0.06714628,48.2,0.39
472551,97.01532550105385,NA,NA,88.28288070243983,90.24509475976805,NA,NA,100.57889816041174,92.6244747718533,Fernando Abad,"<a href=""leaders.aspx?pos=all&stats=pit&lg=all&qual=0&type=strType&season=2023&month=0&season1=2023&ind=1&team=19&rost=0&age=0"">COL</a>",6.1,4.263158750666317,8.149778184336174,6.916125719827925,-0.03125,40.7,0.461
472610,NA,NA,NA,96.71526077606028,96.441861610495,108.26178838117357,108.88503383004002,NA,100.61415780979827,Luis García,"<a href=""leaders.aspx?pos=all&stats=pit&lg=all&qual=0&type=strType&season=2023&month=0&season1=2023&ind=1&team=29&rost=0&age=0"">SDP</a>",59.2,4.0726263926630955,4.294146681904938,4.0121468834832195,0.10861423,36.4,0.313
476595,NA,110.86528684607579,103.74597200642937,88.66209831850493,87.00825464598906,NA,106.77791743249878,NA,105.14647064333728,Lucas Luetge,"<a href=""leaders.aspx?pos=all&stats=pit&lg=all&qual=0&type=strType&season=2023&month=0&season1=2023&ind=1&team=16&rost=0&age=0"">ATL</a>",13.2,7.243903281502989,4.864796644275513,4.535058030415474,0.10769231,27.9,0.357
477132,91.96154764985022,102.49807129047994,NA,102.88224254041027,91.00221574057194,105.66269598595902,NA,NA,103.73393027356185,Clayton Kershaw,"<a href=""leaders.aspx?pos=all&stats=pit&lg=all&qual=0&type=strType&season=2023&month=0&season1=2023&ind=1&team=22&rost=0&age=0"">LAD</a>",131.2,2.4607593986121303,4.029723873874963,3.572727042387137,0.18546845,39.1,0.28
488984,88.03163667287582,102.57584871883451,98.12737621157744,93.56829461771444,91.1327257049699,NA,NA,NA,94.88087601898667,Tommy Hunter,"<a href=""leaders.aspx?pos=all&stats=pit&lg=all&qual=0&type=strType&season=2023&month=0&season1=2023&ind=1&team=25&rost=0&age=0"">NYM</a>",23.2,6.845071709740383,5.747998574772888,4.68774159200181,0.14150943,43,0.367
489119,96.97116319376555,97.7429397105238,98.20687259238555,90.55308972474766,91.75347200551444,103.73542421508739,NA,NA,96.3404434942151,Wade Miley,"<a href=""leaders.aspx?pos=all&stats=pit&lg=all&qual=0&type=strType&season=2023&month=0&season1=2023&ind=1&team=23&rost=0&age=0"">MIL</a>",120.1,3.1412743710028894,4.69271355045871,4.846529542759388,0.08367347,31.3,0.293
489265,88.8271277490475,NA,NA,NA,88.95344246601884,106.84711895122292,NA,NA,103.58224007055206,NA,NA,NA,NA,NA,NA,NA,NA,NA
489446,NA,NA,NA,95.21086259862518,NA,103.38494730611492,94.82358437103983,NA,98.62533708043777,Kirby Yates,"<a href=""leaders.aspx?pos=all&stats=pit&lg=all&qual=0&type=strType&season=2023&month=0&season1=2023&ind=1&team=16&rost=0&age=0"">ATL</a>",60.1,3.281768232463034,4.630731083206323,4.335721752872269,0.16929134,40.2,0.282
491624,91.21908893931669,NA,NA,NA,104.46878277547579,NA,NA,NA,95.63565355136971,NA,NA,NA,NA,NA,NA,NA,NA,NA
493603,92.60134107600943,NA,100.7401100474651,95.37145438986506,99.00780981007225,110.0442836924611,107.68197585314267,NA,100.63485717037528,Adam Ottavino,"<a href=""leaders.aspx?pos=all&stats=pit&lg=all&qual=0&type=strType&season=2023&month=0&season1=2023&ind=1&team=25&rost=0&age=0"">NYM</a>",61.2,3.2108111418452023,4.519905354769422,4.331162916763157,0.12643678,40.7,0.294
500779,85.35881195908908,94.44040690761229,NA,96.30430186480109,92.9805094658231,NA,NA,NA,92.9017264600384,Jose Quintana,"<a href=""leaders.aspx?pos=all&stats=pit&lg=all&qual=0&type=strType&season=2023&month=0&season1=2023&ind=1&team=25&rost=0&age=0"">NYM</a>",75.2,3.568282058254765,3.5193575489974234,4.473915231888511,0.11285267,32.5,0.297
502043,96.30301180035644,93.74247601348402,96.90826330679842,94.71951844339958,92.85802322079986,NA,100.08384677303373,NA,95.7383708265035,Kyle Gibson,"<a href=""leaders.aspx?pos=all&stats=pit&lg=all&qual=0&type=strType&season=2023&month=0&season1=2023&ind=1&team=2&rost=0&age=0"">BAL</a>",192,4.734375,4.130040359497071,4.131377169210465,0.12639405,44.5,0.326
502083,103.5634188502616,NA,99.59460611413277,100.79665768964644,100.10337573582069,NA,105.86630590503488,NA,101.06448532030309,Zach McAllister,"<a href=""leaders.aspx?pos=all&stats=pit&lg=all&qual=0&type=strType&season=2023&month=0&season1=2023&ind=1&team=9&rost=0&age=0"">NYY</a>",5.1,10.125002413988689,7.9425414770844265,5.8575720647798075,0.10344828,47.6,0.462
502085,101.3085870347553,NA,110.39798738780664,NA,107.04697544961493,101.80537303931585,NA,113.42477578466423,109.3698595651649,David Robertson,- - -,65.1,3.030612480834064,3.545856708668016,3.8485286839862902,0.19702602,37.4,0.289
502171,NA,NA,NA,90.90360936160008,92.65664509743837,106.82996689486318,NA,102.99376371490435,96.17637197403451,Alex Cobb,"<a href=""leaders.aspx?pos=all&stats=pit&lg=all&qual=0&type=strType&season=2023&month=0&season1=2023&ind=1&team=30&rost=0&age=0"">SFG</a>",151.1,3.865638896442662,4.008344349573076,3.5124098554432908,0.14551084,43.4,0.325
502179,93.87929065381279,105.64638475667259,NA,104.35669287027798,NA,NA,103.7453862930878,NA,103.99656794690854,Paolo Espino,"<a href=""leaders.aspx?pos=all&stats=pit&lg=all&qual=0&type=strType&season=2023&month=0&season1=2023&ind=1&team=24&rost=0&age=0"">WSN</a>",4,24.75000590086124,7.255041313171614,6.898406797556028,0,45.5,0.582
502202,89.43461650922313,NA,NA,95.34403414013771,NA,99.98930307615015,NA,NA,96.06628667084652,Brad Boxberger,"<a href=""leaders.aspx?pos=all&stats=pit&lg=all&qual=0&type=strType&season=2023&month=0&season1=2023&ind=1&team=17&rost=0&age=0"">CHC</a>",20,4.950000472068831,5.305040555000325,5.0083922806598595,0.07142857,41.8,0.314
502624,92.57075139677322,92.28424598136098,100.89528578751954,89.84454819554749,88.50258757637899,97.43933845439022,97.95350585131962,NA,93.91285517257785,Chase Anderson,- - -,86.1,5.420849740214682,5.722221972030676,5.3455667369095865,0.08333333,31.7,0.355
503449,NA,NA,NA,82.602063901808,83.16321368186654,102.67300817158785,NA,NA,89.84216618188088,NA,NA,NA,NA,NA,NA,NA,NA,NA
506433,77.74076130815702,97.49002792509303,101.88575812941235,104.81152246785064,95.83482088639477,106.38174543469053,112.04291897854878,102.2974166061017,103.10853948868663,Yu Darvish,"<a href=""leaders.aspx?pos=all&stats=pit&lg=all&qual=0&type=strType&season=2023&month=0&season1=2023&ind=1&team=29&rost=0&age=0"">SDP</a>",136.1,4.555012394875241,4.025211537374527,3.9217576211092844,0.17073171,38.2,0.321
516853,NA,98.13850599807749,100.42632226303664,106.68763417213837,NA,NA,NA,NA,102.50088171428355,NA,NA,NA,NA,NA,NA,NA,NA,NA
517008,NA,NA,92.60039454950818,95.4896384464746,NA,NA,NA,NA,93.98033193313393,Alex Colomé,"<a href=""leaders.aspx?pos=all&stats=pit&lg=all&qual=0&type=strType&season=2023&month=0&season1=2023&ind=1&team=4&rost=0&age=0"">CHW</a>",3,6.000001907349239,9.25504226684631,5.4728249824951885,-0.06666667,40,0.356
518397,92.82476362580098,NA,NA,98.7695184702638,95.72893322038199,103.44256208444347,NA,NA,96.78127236395702,Scott Alexander,"<a href=""leaders.aspx?pos=all&stats=pit&lg=all&qual=0&type=strType&season=2023&month=0&season1=2023&ind=1&team=30&rost=0&age=0"">SFG</a>",48.1,4.655173638488148,3.255040359497071,3.777535070179502,0.09615385,33.9,0.299
518489,NA,NA,97.4116565947756,100.11053202174945,97.76630433699532,103.30829893068946,NA,NA,100.54928930650081,Ryan Brasier,- - -,59.2,3.0167600015535836,3.137721914992209,4.035839829264766,0.15546219,42.5,0.248
518516,95.30169594408775,89.79321476128351,96.63193601201644,84.80021977778591,NA,NA,NA,NA,91.14143361461267,Madison Bumgarner,"<a href=""leaders.aspx?pos=all&stats=pit&lg=all&qual=0&type=strType&season=2023&month=0&season1=2023&ind=1&team=15&rost=0&age=0"">ARI</a>",16.2,10.260000391387955,8.055040542602546,7.514269258135944,-0.05555556,43.8,0.451
518585,NA,NA,101.65153471585413,95.03153218591135,93.51885916025823,102.45242411854703,NA,NA,95.53751773086181,Fernando Cruz,"<a href=""leaders.aspx?pos=all&stats=pit&lg=all&qual=0&type=strType&season=2023&month=0&season1=2023&ind=1&team=18&rost=0&age=0"">CIN</a>",66,4.909091547501072,2.8307978800833977,3.502737812804845,0.25089606,41.3,0.29
518617,92.20728165211365,NA,99.0044921427976,101.74875532988021,99.69184934528668,NA,109.02614539128811,NA,100.88422472757433,Jake Diekman,- - -,56.2,3.335294828646062,3.7491581118890798,4.519762764941673,0.10699589,27.1,0.271
518626,95.80600522493786,NA,NA,NA,NA,NA,NA,NA,83.16877136796978,Josh Donaldson,"<a href=""leaders.aspx?pos=all&stats=pit&lg=all&qual=0&type=strType&season=2023&month=0&season1=2023&ind=1&team=9&rost=0&age=0"">NYY</a>",1,0,3.2550403594970705,6.5617438673973085,0,NA,NA
518876,105.47249248144588,101.09113843879999,91.9214854544073,92.28195122956883,96.90703432734163,98.24856348561846,NA,NA,96.97915888559899,Merrill Kelly,"<a href=""leaders.aspx?pos=all&stats=pit&lg=all&qual=0&type=strType&season=2023&month=0&season1=2023&ind=1&team=15&rost=0&age=0"">ARI</a>",177.2,3.2926831153559366,3.8460347648173663,3.8343436212749094,0.1634349,41.8,0.294
518886,113.65810481486135,NA,NA,110.95123280425568,NA,NA,109.86004248076426,117.44787637813828,112.92879603716796,Craig Kimbrel,"<a href=""leaders.aspx?pos=all&stats=pit&lg=all&qual=0&type=strType&season=2023&month=0&season1=2023&ind=1&team=26&rost=0&age=0"">PHI</a>",69,3.260869565217391,3.8057649971782297,3.575058780113856,0.23741007,46.7,0.269
519008,90.81180608935954,NA,93.32374556730826,92.00521366955489,91.93946263211018,NA,102.15101638584181,NA,94.12407024086792,T.J. McFarland,"<a href=""leaders.aspx?pos=all&stats=pit&lg=all&qual=0&type=strType&season=2023&month=0&season1=2023&ind=1&team=25&rost=0&age=0"">NYM</a>",1.2,5.400002059937309,4.455040817260917,4.455040817260917,0.09090909,42.9,0.483
519043,112.50788233349284,NA,NA,97.3270328063573,86.4184544560972,NA,NA,109.44528887564854,104.26237121323928,Matt Moore,- - -,52.2,2.5632914022611897,3.729723952508402,3.948226672617196,0.20642202,36.7,0.296
519076,NA,NA,NA,97.25464145705156,NA,NA,NA,109.85966204753973,103.55715175229565,NA,NA,NA,NA,NA,NA,NA,NA,NA
519151,106.83924394020656,120.85254724008172,102.98073278121544,106.80864779839366,96.10985770603997,114.84470990564557,NA,NA,113.62957889862288,Ryan Pressly,"<a href=""leaders.aspx?pos=all&stats=pit&lg=all&qual=0&type=strType&season=2023&month=0&season1=2023&ind=1&team=21&rost=0&age=0"">HOU</a>",65.1,3.581632931894803,3.362183224981103,3.136892310196678,0.21641791,43.5,0.269
519242,98.40085492653841,NA,NA,97.04460489320326,102.70634028362896,98.60881951000057,NA,NA,98.14956133709664,Chris Sale,"<a href=""leaders.aspx?pos=all&stats=pit&lg=all&qual=0&type=strType&season=2023&month=0&season1=2023&ind=1&team=3&rost=0&age=0"">BOS</a>",102.2,4.295454651856228,3.800494918462941,3.720904801520947,0.22588235,34.6,0.306
519293,100.79728851043755,92.73184575961248,NA,89.60415141417113,NA,103.11757492113256,NA,NA,96.73947983557265,Will Smith,"<a href=""leaders.aspx?pos=all&stats=pit&lg=all&qual=0&type=strType&season=2023&month=0&season1=2023&ind=1&team=13&rost=0&age=0"">TEX</a>",57.1,4.395349812030751,3.3596915454978027,4.302273026950452,0.16814159,38.3,0.262
519326,88.49662862846381,NA,NA,92.2252315263876,NA,103.30936336602788,NA,NA,95.75635539252998,NA,NA,NA,NA,NA,NA,NA,NA,NA
521230,NA,118.09125031869874,NA,106.48807991314685,NA,104.82975118940932,NA,NA,106.17307748052299,Liam Hendriks,"<a href=""leaders.aspx?pos=all&stats=pit&lg=all&qual=0&type=strType&season=2023&month=0&season1=2023&ind=1&team=4&rost=0&age=0"">CHW</a>",5,5.4,5.2550403594970705,4.639062464237213,0.1,43.8,0.285
523260,105.67896880509305,NA,NA,102.38103728104838,94.26154547561633,118.87628815997412,NA,120.13248418865243,107.12845747114928,Joe Kelly,- - -,39.1,4.11864460038584,2.72114198537298,2.6123382467174223,0.25,36.4,0.279
527048,93.82119058101853,95.1389722703577,92.76946697439226,91.6650379532088,93.34951239732563,101.64037323403812,NA,NA,93.42668639131583,Martín Pérez,"<a href=""leaders.aspx?pos=all&stats=pit&lg=all&qual=0&type=strType&season=2023&month=0&season1=2023&ind=1&team=13&rost=0&age=0"">TEX</a>",141.2,4.447059142855235,4.9915110724214955,4.9551086049128905,0.07236842,37.2,0.335
527054,85.47311607626038,95.55226364205116,91.1511044338193,91.11935393391757,95.38374578465518,NA,NA,NA,92.59056540261346,Julio Teheran,"<a href=""leaders.aspx?pos=all&stats=pit&lg=all&qual=0&type=strType&season=2023&month=0&season1=2023&ind=1&team=23&rost=0&age=0"">MIL</a>",71.2,4.395348993180705,4.929459023565911,4.6706917066084435,0.12847222,42.1,0.324
541640,91.02411753889427,93.51133660588916,99.48072501135455,93.5463130793851,88.25158888240671,96.19174862501009,95.73980478149187,NA,94.60890437856176,Erasmo Ramírez,- - -,60.1,6.414365283022613,5.045095787317335,4.730201527278395,0.10948905,43.5,0.372
542585,113.12119046559633,NA,103.00092793054249,99.05830130144443,96.77107220293712,103.90150557965036,NA,NA,101.29020846339242,José Cisnero,"<a href=""leaders.aspx?pos=all&stats=pit&lg=all&qual=0&type=strType&season=2023&month=0&season1=2023&ind=1&team=6&rost=0&age=0"">DET</a>",59.1,5.308990243137513,4.603355341881201,4.195734648308609,0.16853933,44.6,0.344
542609,NA,NA,NA,89.2498186984963,NA,100.54124647237457,NA,NA,95.51930840264278,NA,NA,NA,NA,NA,NA,NA,NA,NA
542881,105.10560439077929,94.75438466883797,99.61961207280106,95.98162785727527,100.41429402321643,96.25675530005284,NA,NA,99.966089155657,Tyler Anderson,"<a href=""leaders.aspx?pos=all&stats=pit&lg=all&qual=0&type=strType&season=2023&month=0&season1=2023&ind=1&team=1&rost=0&age=0"">LAA</a>",141,5.425531951590004,4.921707037436484,5.516722394805814,0.08744038,32.3,0.345
542888,NA,NA,106.82723237833308,102.83310917310374,90.58266557568597,NA,NA,NA,100.01514942734558,Shawn Armstrong,"<a href=""leaders.aspx?pos=all&stats=pit&lg=all&qual=0&type=strType&season=2023&month=0&season1=2023&ind=1&team=12&rost=0&age=0"">TBR</a>",52,1.3846154861901714,2.543501845760455,3.824034597799906,0.20772947,33.3,0.233
542914,NA,NA,NA,96.23021120359726,93.3707392733291,102.22435997842936,NA,NA,98.66524000714837,Anthony Bass,"<a href=""leaders.aspx?pos=all&stats=pit&lg=all&qual=0&type=strType&season=2023&month=0&season1=2023&ind=1&team=14&rost=0&age=0"">TOR</a>",20,4.950000944137753,4.65504062652593,4.606395134290175,0.11363636,46.7,0.32
542947,NA,NA,94.42542872926244,82.50121144505182,92.51681373361966,95.2465441581225,NA,NA,93.93346539424772,Richard Bleier,"<a href=""leaders.aspx?pos=all&stats=pit&lg=all&qual=0&type=strType&season=2023&month=0&season1=2023&ind=1&team=3&rost=0&age=0"">BOS</a>",30.2,5.282609462287452,5.113736281413026,4.50375301171362,0.08333333,39.8,0.352
543037,98.5883100705328,NA,101.36640598219013,104.53592587248453,90.29715615423562,110.45281570541519,NA,107.43496000891525,105.41022652698203,Gerrit Cole,"<a href=""leaders.aspx?pos=all&stats=pit&lg=all&qual=0&type=strType&season=2023&month=0&season1=2023&ind=1&team=9&rost=0&age=0"">NYY</a>",209,2.626794258373206,3.1641312685879797,3.597196205609153,0.21193666,39.2,0.256
543056,95.22322048855146,NA,98.91862575077566,89.05871918383437,84.44647100728193,100.58718373391078,102.82160581969114,103.70433482771992,96.40963376459977,Danny Coulombe,"<a href=""leaders.aspx?pos=all&stats=pit&lg=all&qual=0&type=strType&season=2023&month=0&season1=2023&ind=1&team=2&rost=0&age=0"">BAL</a>",51.1,2.805195916984228,2.8264687610689245,3.456097701223918,0.21904762,30.4,0.269
543063,NA,90.7985284471478,NA,85.97066316892463,NA,91.5473903383038,NA,NA,87.7196181496249,Brandon Crawford,"<a href=""leaders.aspx?pos=all&stats=pit&lg=all&qual=0&type=strType&season=2023&month=0&season1=2023&ind=1&team=30&rost=0&age=0"">SFG</a>",1,0,6.2550403594970705,11.215095621347427,-0.2,NA,NA
543101,93.59000038364233,NA,NA,95.81771296319452,96.74998540592513,99.0621502283263,NA,93.93059091854512,97.19543897415468,Anthony DeSclafani,"<a href=""leaders.aspx?pos=all&stats=pit&lg=all&qual=0&type=strType&season=2023&month=0&season1=2023&ind=1&team=30&rost=0&age=0"">SFG</a>",99.2,4.876254445003668,4.348685903746864,4.150578393861671,0.14081146,45.1,0.328
543135,NA,99.44016320277615,97.98206461750695,97.06905876323503,102.28537920766536,101.98024633568185,NA,NA,100.5303375416094,Nathan Eovaldi,"<a href=""leaders.aspx?pos=all&stats=pit&lg=all&qual=0&type=strType&season=2023&month=0&season1=2023&ind=1&team=13&rost=0&age=0"">TEX</a>",144,3.625,3.8800403594970705,3.9610748681343266,0.14731369,43.1,0.296
543243,94.99446860515309,102.41234967090625,104.74965812334928,100.53549722648117,89.99007255849729,NA,110.41121398081181,NA,101.34296130359874,Sonny Gray,"<a href=""leaders.aspx?pos=all&stats=pit&lg=all&qual=0&type=strType&season=2023&month=0&season1=2023&ind=1&team=8&rost=0&age=0"">MIN</a>",184,2.7880434782608696,2.825692533410114,3.6442586753031483,0.16976127,39.2,0.27
543272,NA,NA,103.93939447558071,90.03638315158884,95.4214958806738,NA,100.37239734548112,NA,96.21051229616397,Brad Hand,- - -,53.2,5.534162539684706,4.019015659588225,4.013565952387324,0.15677966,37.3,0.344
543294,90.47071042689986,101.23995494698727,NA,88.64694598680828,80.90574530662363,NA,NA,NA,87.08007356467084,Kyle Hendricks,"<a href=""leaders.aspx?pos=all&stats=pit&lg=all&qual=0&type=strType&season=2023&month=0&season1=2023&ind=1&team=17&rost=0&age=0"">CHC</a>",137,3.7445255474452557,3.8097848850445155,4.422652172302678,0.11418685,31.5,0.296
543339,100.052054472731,NA,NA,101.05453313373998,102.51803844287312,101.50630390718469,NA,NA,101.29058315683596,Daniel Hudson,"<a href=""leaders.aspx?pos=all&stats=pit&lg=all&qual=0&type=strType&season=2023&month=0&season1=2023&ind=1&team=22&rost=0&age=0"">LAD</a>",3,0,2.9217070261637375,4.5750587801138565,0.14285714,0,0.301
543351,85.41040178562461,NA,NA,96.22293739160892,92.70461251110133,100.28968068807302,NA,NA,98.51478902122793,Jay Jackson,"<a href=""leaders.aspx?pos=all&stats=pit&lg=all&qual=0&type=strType&season=2023&month=0&season1=2023&ind=1&team=14&rost=0&age=0"">TOR</a>",29.2,2.1235958241917205,4.198860725804502,4.285173363933264,0.15517241,35.4,0.239
543475,97.08267663790406,97.7779678904198,97.13596324155685,92.90087293573134,89.47399165746454,NA,101.81580116419288,NA,95.96824050344713,Jordan Lyles,"<a href=""leaders.aspx?pos=all&stats=pit&lg=all&qual=0&type=strType&season=2023&month=0&season1=2023&ind=1&team=7&rost=0&age=0"">KCR</a>",177.2,6.2814262508328635,5.619017980778255,5.343099217386467,0.10026738,35.5,0.34
543507,102.84401214667383,NA,NA,99.21892673795787,NA,101.37434217411484,107.22071512978859,NA,101.2880117061091,Trevor May,"<a href=""leaders.aspx?pos=all&stats=pit&lg=all&qual=0&type=strType&season=2023&month=0&season1=2023&ind=1&team=10&rost=0&age=0"">OAK</a>",46.2,3.278571875241399,4.712183415159915,5.688206837055203,0.05365854,36.1,0.29
543518,NA,NA,NA,95.0936648003076,96.60675055250114,103.29587395576891,NA,NA,95.18747635546266,Scott McGough,"<a href=""leaders.aspx?pos=all&stats=pit&lg=all&qual=0&type=strType&season=2023&month=0&season1=2023&ind=1&team=15&rost=0&age=0"">ARI</a>",70.1,4.7345982049666855,4.762149698014994,3.5143918383832116,0.18604651,48.6,0.318
543521,92.54917529095167,97.43998521851073,99.8553273700732,92.97048424181007,NA,NA,104.50263692888335,NA,101.64724867775072,Collin McHugh,"<a href=""leaders.aspx?pos=all&stats=pit&lg=all&qual=0&type=strType&season=2023&month=0&season1=2023&ind=1&team=16&rost=0&age=0"">ATL</a>",58.2,4.295455150614186,4.090267749894274,4.616876944467432,0.09328358,35.6,0.335
543548,91.10759790986245,NA,NA,97.80998478726943,NA,91.51391346647702,NA,NA,93.71029043993391,Tommy Milone,"<a href=""leaders.aspx?pos=all&stats=pit&lg=all&qual=0&type=strType&season=2023&month=0&season1=2023&ind=1&team=11&rost=0&age=0"">SEA</a>",9,2.0000002119276483,6.0328184316188045,7.343960382691492,-0.075,25.8,0.287
543594,103.04190129190764,97.24294689845786,94.24589668986131,91.801718050231,NA,NA,95.05943808607758,NA,95.32287008876551,Sean Nolin,"<a href=""leaders.aspx?pos=all&stats=pit&lg=all&qual=0&type=strType&season=2023&month=0&season1=2023&ind=1&team=20&rost=0&age=0"">MIA</a>",3,18,12.588373692830405,7.779527785380681,0,64.3,0.603
543766,86.50310316466378,94.30577114875098,101.56419039320944,NA,90.9162081172729,NA,106.08962148669515,NA,99.70328271776687,Bryan Shaw,"<a href=""leaders.aspx?pos=all&stats=pit&lg=all&qual=0&type=strType&season=2023&month=0&season1=2023&ind=1&team=4&rost=0&age=0"">CHW</a>",45.2,4.1386870533044195,3.8681791822088365,4.896813525330351,0.12105263,36.2,0.299
543859,NA,NA,NA,97.2995818589735,NA,104.37980236347568,103.39847463073721,NA,100.0089243459941,Michael Tonkin,"<a href=""leaders.aspx?pos=all&stats=pit&lg=all&qual=0&type=strType&season=2023&month=0&season1=2023&ind=1&team=16&rost=0&age=0"">ATL</a>",80,4.275000407695809,4.430040471553814,4.301562564041348,0.16,40,0.283
543901,91.28868315107542,NA,NA,NA,97.30547277388993,86.69268461682827,NA,NA,92.81660432396507,Ryan Weber,"<a href=""leaders.aspx?pos=all&stats=pit&lg=all&qual=0&type=strType&season=2023&month=0&season1=2023&ind=1&team=9&rost=0&age=0"">NYY</a>",14.1,3.1395349533510197,4.510854340837478,4.542502811065107,0.1,41.2,0.335
544727,NA,NA,NA,87.85582001272306,92.90421244570288,97.58816432208427,NA,NA,94.46828455946927,Jeurys Familia,"<a href=""leaders.aspx?pos=all&stats=pit&lg=all&qual=0&type=strType&season=2023&month=0&season1=2023&ind=1&team=10&rost=0&age=0"">OAK</a>",12.2,6.394738125999476,7.202409573076994,6.8466389333333115,-0.0625,39,0.39
545343,97.65454161260921,NA,NA,92.33013323575466,NA,109.92851028127673,NA,NA,97.26216833482063,NA,NA,NA,NA,NA,NA,NA,NA,NA
547179,100.49462243009286,102.63807546667498,97.36035866961672,94.92320194967722,90.47067172924639,103.01069663903336,102.16943469274057,NA,97.99508257642935,Michael Lorenzen,- - -,153,4.176470666333192,4.464190708904958,4.6775453563532174,0.1025641,40.2,0.304
547184,NA,NA,NA,88.79501568995349,88.44063083463085,107.04693560564544,118.52211748534378,NA,107.63659385635009,Michael Kelly,"<a href=""leaders.aspx?pos=all&stats=pit&lg=all&qual=0&type=strType&season=2023&month=0&season1=2023&ind=1&team=5&rost=0&age=0"">CLE</a>",16.2,3.7800005767823146,2.9550403137206964,4.542258239703045,0.09859155,34.8,0.265
547943,91.54377578785996,93.12740713910962,89.22407868839832,89.45313662617674,92.12975249703607,NA,NA,NA,90.86900521511248,Hyun Jin Ryu,"<a href=""leaders.aspx?pos=all&stats=pit&lg=all&qual=0&type=strType&season=2023&month=0&season1=2023&ind=1&team=14&rost=0&age=0"">TOR</a>",52,3.4615384615384617,4.908886513343225,4.407623945405851,0.10714286,36.8,0.323
547973,NA,NA,NA,109.72762585801422,109.31887830199715,115.35646176411149,NA,NA,112.66364744920597,Aroldis Chapman,- - -,58.1,3.0857144538723786,2.5178974621831136,2.5901367741364845,0.26907631,33,0.258
548384,91.21459267926396,NA,100.69033341338007,88.79843120178272,91.95517590803311,NA,112.05275879221078,NA,101.17797895207332,Brooks Raley,"<a href=""leaders.aspx?pos=all&stats=pit&lg=all&qual=0&type=strType&season=2023&month=0&season1=2023&ind=1&team=25&rost=0&age=0"">NYM</a>",54.2,2.798781399213735,3.675772203823318,4.387986090640969,0.15254237,29.2,0.289
548389,108.4641800399044,NA,101.77987961706035,91.39946524213998,90.2116657144203,103.04911273630259,NA,104.6977964651263,100.32898637101155,Ross Stripling,"<a href=""leaders.aspx?pos=all&stats=pit&lg=all&qual=0&type=strType&season=2023&month=0&season1=2023&ind=1&team=30&rost=0&age=0"">SFG</a>",89,5.35955079151757,5.210096623069518,3.9792539816556833,0.14173228,41.3,0.348
552640,NA,NA,NA,102.20056609719616,99.69640112509053,106.5825760313714,NA,NA,102.54378011959433,Andrew Kittredge,"<a href=""leaders.aspx?pos=all&stats=pit&lg=all&qual=0&type=strType&season=2023&month=0&season1=2023&ind=1&team=12&rost=0&age=0"">TBR</a>",11.2,3.0857149583467667,3.426468968294113,4.1544896528201605,0.16,35.1,0.298
554340,100.60281524308682,103.99234245915109,NA,97.42402703785709,91.81381418911845,102.69732126641703,116.26401254491785,NA,99.59575193796108,Yimi García,"<a href=""leaders.aspx?pos=all&stats=pit&lg=all&qual=0&type=strType&season=2023&month=0&season1=2023&ind=1&team=14&rost=0&age=0"">TOR</a>",66,4.09091003670202,3.391404027387138,3.1433379542684774,0.22695035,35.2,0.312
554430,99.24800067342287,110.22284372642483,101.8783969907115,103.71663357266421,102.1237402127307,111.08343429625928,112.30221680378293,NA,104.97065153639656,Zack Wheeler,"<a href=""leaders.aspx?pos=all&stats=pit&lg=all&qual=0&type=strType&season=2023&month=0&season1=2023&ind=1&team=26&rost=0&age=0"">PHI</a>",192,3.609375,3.1508736928304044,3.536170850632092,0.21982211,36.4,0.277
570257,102.26112348402413,NA,NA,101.38300817690732,95.30814899520851,100.40888348254403,NA,NA,98.87281716479056,Joely Rodríguez,"<a href=""leaders.aspx?pos=all&stats=pit&lg=all&qual=0&type=strType&season=2023&month=0&season1=2023&ind=1&team=3&rost=0&age=0"">BOS</a>",11,6.545455112930221,4.709585940148231,3.398082397139466,0.15686275,45.2,0.372
570488,99.78567362235832,NA,NA,NA,101.57618309318889,104.3872950583673,NA,NA,101.26203116748628,NA,NA,NA,NA,NA,NA,NA,NA,NA
570632,93.27432704227469,NA,NA,94.20023335621345,99.03414008346013,99.90806180787396,NA,NA,97.1737562056684,José Ureña,- - -,44.2,6.447761561138185,7.284891335208436,5.463122044007482,0.03448276,39.7,0.398
570666,98.08827335351963,NA,NA,83.18021845124923,89.79726803222438,97.86334763847428,NA,NA,92.99508610220829,Luis Cessa,"<a href=""leaders.aspx?pos=all&stats=pit&lg=all&qual=0&type=strType&season=2023&month=0&season1=2023&ind=1&team=18&rost=0&age=0"">CIN</a>",26,9.000000660236113,5.408886671348449,5.625828893288359,-0.00757576,46.3,0.446
570731,29.87616367022996,NA,NA,NA,NA,NA,NA,NA,50.077964538754,Jonathan Schoop,"<a href=""leaders.aspx?pos=all&stats=pit&lg=all&qual=0&type=strType&season=2023&month=0&season1=2023&ind=1&team=6&rost=0&age=0"">DET</a>",1.1,0,1.7550400018691166,4.2350682240791,0.2,NA,NA
571479,102.73438432264136,NA,NA,98.82306274974053,NA,102.62997547021925,NA,NA,100.80641691114589,Andrew Bellatti,"<a href=""leaders.aspx?pos=all&stats=pit&lg=all&qual=0&type=strType&season=2023&month=0&season1=2023&ind=1&team=26&rost=0&age=0"">PHI</a>",24.2,5.108109424722368,4.795581297111753,4.966417542535469,0.11504425,32.9,0.331
571510,93.5915908514477,100.58862452233825,NA,94.73902373810009,92.55638508733264,95.48189895908696,NA,NA,95.03908452876897,Matthew Boyd,"<a href=""leaders.aspx?pos=all&stats=pit&lg=all&qual=0&type=strType&season=2023&month=0&season1=2023&ind=1&team=6&rost=0&age=0"">DET</a>",71,5.450704811064472,4.353632026843398,4.3654855857743255,0.15841584,36,0.322
571539,NA,NA,92.60506160767717,85.91731889963894,94.44003295100467,NA,NA,NA,93.85434978122161,Matt Carasiti,"<a href=""leaders.aspx?pos=all&stats=pit&lg=all&qual=0&type=strType&season=2023&month=0&season1=2023&ind=1&team=19&rost=0&age=0"">COL</a>",24.1,6.287672547154371,5.022164016540456,4.710397512677134,0.04545455,36.6,0.345
571578,96.73504033966715,NA,NA,88.9404300066904,93.16371349605748,95.97973934665669,NA,NA,93.58730871095656,Patrick Corbin,"<a href=""leaders.aspx?pos=all&stats=pit&lg=all&qual=0&type=strType&season=2023&month=0&season1=2023&ind=1&team=24&rost=0&age=0"">WSN</a>",180,5.2,5.277262581719293,4.758542615340816,0.08481013,44,0.353
571616,92.71309223390483,96.28649243514887,98.65976648576728,93.09507866579942,94.70333684404153,99.95881440817146,NA,NA,95.56833233946278,Matt Dermody,"<a href=""leaders.aspx?pos=all&stats=pit&lg=all&qual=0&type=strType&season=2023&month=0&season1=2023&ind=1&team=3&rost=0&age=0"">BOS</a>",4,6.75,10.75504035949707,5.9083921134471895,0,35.7,0.423
571656,106.13493074195677,NA,NA,90.97329804532386,82.6950169612974,106.74000687870476,NA,NA,99.71826496424262,Buck Farmer,"<a href=""leaders.aspx?pos=all&stats=pit&lg=all&qual=0&type=strType&season=2023&month=0&season1=2023&ind=1&team=18&rost=0&age=0"">CIN</a>",75,4.2000008544923615,4.6150406361898355,4.890798340840374,0.13268608,35,0.303
571670,95.87880525589657,NA,NA,96.17649377379662,100.08217794850106,93.58886377907253,NA,NA,96.94469112596212,Dylan Floro,- - -,56.2,4.7647065773143265,2.9550403157402423,3.2879929182137686,0.16532258,37.1,0.335
571710,91.87771906266873,NA,NA,97.68349844557876,98.34272796274252,107.52186938586428,NA,NA,98.7855668679236,Mychal Givens,"<a href=""leaders.aspx?pos=all&stats=pit&lg=all&qual=0&type=strType&season=2023&month=0&season1=2023&ind=1&team=2&rost=0&age=0"">BAL</a>",4,11.250002682209654,7.505041372776273,8.331717446846268,-0.18181818,46.2,0.386
571760,95.5810940082374,97.59965037556947,NA,102.45880833112041,NA,100.52124114599351,NA,NA,100.81238276817446,Andrew Heaney,"<a href=""leaders.aspx?pos=all&stats=pit&lg=all&qual=0&type=strType&season=2023&month=0&season1=2023&ind=1&team=13&rost=0&age=0"">TEX</a>",147.1,4.15384648545796,4.6600178472254985,4.583207016573052,0.14196568,38.6,0.335
571863,NA,NA,98.86381570922393,92.58702491942795,NA,98.62612155418739,NA,NA,96.13705499428373,Matt Koch,"<a href=""leaders.aspx?pos=all&stats=pit&lg=all&qual=0&type=strType&season=2023&month=0&season1=2023&ind=1&team=19&rost=0&age=0"">COL</a>",38.2,5.120690497150174,5.065385484752182,4.4223009865465865,0.11042945,44.8,0.331
571882,94.56988407072454,98.2758589385786,97.28190856754523,93.77577513295286,92.7967492685876,100.76987581372691,NA,NA,96.63161443390217,Derek Law,"<a href=""leaders.aspx?pos=all&stats=pit&lg=all&qual=0&type=strType&season=2023&month=0&season1=2023&ind=1&team=18&rost=0&age=0"">CIN</a>",55,3.600000624223297,4.618676959581653,4.974090720900685,0.07916667,32.5,0.311
571901,98.81826277287598,104.46386909772052,106.74012677211888,107.46582314808481,103.01632348387233,NA,NA,NA,103.30112305506465,Aaron Loup,"<a href=""leaders.aspx?pos=all&stats=pit&lg=all&qual=0&type=strType&season=2023&month=0&season1=2023&ind=1&team=1&rost=0&age=0"">LAA</a>",48.2,6.1027410016498305,4.364629632524313,4.596430942208792,0.10822511,37.2,0.358
571927,100.98798285768024,97.2309484860255,NA,NA,97.15096034767119,93.71823291478208,NA,NA,98.12502529977635,Steven Matz,"<a href=""leaders.aspx?pos=all&stats=pit&lg=all&qual=0&type=strType&season=2023&month=0&season1=2023&ind=1&team=28&rost=0&age=0"">STL</a>",105,3.8571429272087268,3.750278463731277,3.962994423738281,0.14699332,38,0.316
571945,98.39130878851451,93.99653061775267,NA,90.08642306307286,92.73934663098889,103.85864920558025,NA,NA,95.24172373506562,Miles Mikolas,"<a href=""leaders.aspx?pos=all&stats=pit&lg=all&qual=0&type=strType&season=2023&month=0&season1=2023&ind=1&team=28&rost=0&age=0"">STL</a>",201.1,4.783112703616735,4.273252305749854,4.762415545141465,0.11395349,43,0.33
571946,NA,NA,NA,105.95692803213049,NA,NA,107.30907221382614,NA,105.77512309130626,Shelby Miller,"<a href=""leaders.aspx?pos=all&stats=pit&lg=all&qual=0&type=strType&season=2023&month=0&season1=2023&ind=1&team=22&rost=0&age=0"">LAD</a>",42,1.7142858699876575,3.6836118269939844,4.487123261254892,0.14110429,37,0.222
571948,83.75288597145581,NA,NA,101.20932191909706,92.01149338904271,NA,98.82025435074215,NA,94.67477516001983,Hoby Milner,"<a href=""leaders.aspx?pos=all&stats=pit&lg=all&qual=0&type=strType&season=2023&month=0&season1=2023&ind=1&team=23&rost=0&age=0"">MIL</a>",64.1,1.8186534248797717,3.1306879885651204,3.6623115541544924,0.18253968,35.4,0.251
572020,106.26078837951923,NA,101.01495975775013,97.55737225296092,95.86886927001464,NA,NA,96.84324777755953,98.49433745109202,James Paxton,"<a href=""leaders.aspx?pos=all&stats=pit&lg=all&qual=0&type=strType&season=2023&month=0&season1=2023&ind=1&team=3&rost=0&age=0"">BOS</a>",96,4.5,4.682123692830404,3.9840875172987587,0.16545012,39.9,0.328
572096,101.3418842691171,NA,NA,94.92787025965407,NA,110.55531075711502,NA,NA,103.24302128540411,NA,NA,NA,NA,NA,NA,NA,NA,NA
572193,88.90918426473051,NA,NA,95.01466301439865,96.45232622290516,97.32813821487842,102.04826424914884,NA,96.82150011479051,Ryan Tepera,- - -,10.2,7.593752489426058,6.817541527375962,5.486316994958908,0.12280702,45.9,0.442
572403,99.55857918571901,NA,103.78983504877274,90.48631413227757,89.39139585436669,NA,106.15048649426684,NA,97.61190051426817,Drew VerHagen,"<a href=""leaders.aspx?pos=all&stats=pit&lg=all&qual=0&type=strType&season=2023&month=0&season1=2023&ind=1&team=28&rost=0&age=0"">STL</a>",61,3.9836075538529077,4.927171925311871,5.0690528345764605,0.12686567,36.4,0.314
572703,95.25826152757013,106.95627648464703,92.71619571588153,94.15719434067925,98.6898173724763,99.19053976818263,NA,NA,99.95440957521214,NA,NA,NA,NA,NA,NA,NA,NA,NA
572888,96.96601008545272,NA,103.87856410290394,91.77625295152193,74.84281716131451,NA,104.49139820785986,NA,98.99289602082109,Shane Greene,"<a href=""leaders.aspx?pos=all&stats=pit&lg=all&qual=0&type=strType&season=2023&month=0&season1=2023&ind=1&team=17&rost=0&age=0"">CHC</a>",3,0,3.255040359497071,4.357274862130484,0.08333333,14.3,0.293
572955,NA,110.16850890372214,NA,92.85272990433246,NA,110.6510312057366,NA,NA,104.07057093835022,Pierce Johnson,- - -,62.2,4.0212773709020215,3.8933383548783436,3.269950146423106,0.2166065,47.1,0.335
572971,95.28798604456317,NA,94.60626319735645,NA,92.35453062578982,99.8852782651762,NA,NA,94.65371942551386,Dallas Keuchel,"<a href=""leaders.aspx?pos=all&stats=pit&lg=all&qual=0&type=strType&season=2023&month=0&season1=2023&ind=1&team=8&rost=0&age=0"">MIN</a>",37.2,5.97345173074177,4.555925403080834,4.837356022573364,0.04069768,34.6,0.363
573009,89.38279990647847,98.24443258841822,NA,87.21978543299673,98.21053530549275,NA,NA,NA,95.20951568585099,Joe Mantiply,"<a href=""leaders.aspx?pos=all&stats=pit&lg=all&qual=0&type=strType&season=2023&month=0&season1=2023&ind=1&team=15&rost=0&age=0"">ARI</a>",39,4.615385631132631,3.8447840790306844,4.207196214123327,0.12101911,35.8,0.292
573124,NA,NA,102.19424877946805,95.97054270710856,96.60870916576147,NA,107.7850742238449,NA,103.00647234598338,Taylor Rogers,"<a href=""leaders.aspx?pos=all&stats=pit&lg=all&qual=0&type=strType&season=2023&month=0&season1=2023&ind=1&team=30&rost=0&age=0"">SFG</a>",51.2,3.832259101987042,3.9131050537776737,4.003445485283178,0.18055556,45.2,0.292
573186,NA,NA,97.72690409907679,91.74005331161621,92.08439645585685,101.2420277355694,NA,NA,96.55236171560938,Marcus Stroman,"<a href=""leaders.aspx?pos=all&stats=pit&lg=all&qual=0&type=strType&season=2023&month=0&season1=2023&ind=1&team=17&rost=0&age=0"">CHC</a>",136.2,3.9512198062967294,3.5769916029731004,3.785491284450507,0.11652174,41.4,0.285
573204,NA,101.32631577444924,NA,99.47005758887751,NA,104.12913348922116,111.39526632329931,NA,102.49025481527133,Caleb Thielbar,"<a href=""leaders.aspx?pos=all&stats=pit&lg=all&qual=0&type=strType&season=2023&month=0&season1=2023&ind=1&team=8&rost=0&age=0"">MIN</a>",30.2,3.2282615388500253,4.461562348764252,3.488975676349519,0.25,35.9,0.293
573668,111.15496213890907,NA,NA,93.41276252766848,NA,94.53859101960866,NA,NA,98.8425553844171,NA,NA,NA,NA,NA,NA,NA,NA,NA
579328,91.22169293489934,102.69744257742471,NA,102.83348251199934,88.54815118074526,102.48668847714535,NA,NA,101.57483739967873,Yusei Kikuchi,"<a href=""leaders.aspx?pos=all&stats=pit&lg=all&qual=0&type=strType&season=2023&month=0&season1=2023&ind=1&team=14&rost=0&age=0"">TOR</a>",167.2,3.864811367683266,4.119851545166936,3.771799399492592,0.19,42.4,0.319
592094,109.17743977860917,NA,NA,102.89012189472508,NA,101.96046156112045,107.3919679484731,NA,106.4140768905991,Jason Adam,"<a href=""leaders.aspx?pos=all&stats=pit&lg=all&qual=0&type=strType&season=2023&month=0&season1=2023&ind=1&team=12&rost=0&age=0"">TBR</a>",54.1,2.9815953711382503,3.991236747432441,3.8074496617042146,0.22072072,39.5,0.283
592145,NA,100.48424241205245,NA,94.69476694661783,NA,106.38978196206568,NA,NA,97.79796240612679,NA,NA,NA,NA,NA,NA,NA,NA,NA
592222,85.92300542320635,NA,NA,NA,87.56581854960491,NA,NA,NA,87.15511526800528,Alex Claudio,"<a href=""leaders.aspx?pos=all&stats=pit&lg=all&qual=0&type=strType&season=2023&month=0&season1=2023&ind=1&team=23&rost=0&age=0"">MIL</a>",0.1,0,3.255040359497071,3.255040359497071,0,NA,NA
592229,97.6348180836139,NA,97.08696763602065,85.54453547250114,90.80044248543317,107.58633674848609,104.46432507720267,NA,97.08751374570454,Dylan Covey,- - -,43,3.767442032799592,4.69690089056852,4.415674275992803,0.06806283,37.3,0.332
592230,NA,NA,96.85625804718568,104.72677595152824,NA,NA,NA,NA,102.10326998341405,NA,NA,NA,NA,NA,NA,NA,NA,NA
592254,104.7487237780967,NA,102.13850049907107,109.42928859821755,NA,101.88430668013197,NA,NA,106.5248133265909,José De León,"<a href=""leaders.aspx?pos=all&stats=pit&lg=all&qual=0&type=strType&season=2023&month=0&season1=2023&ind=1&team=8&rost=0&age=0"">MIN</a>",17.1,4.67307752300304,3.8319635104851,4.048905744361102,0.17142857,34,0.299
592332,NA,NA,NA,100.85143029518377,89.83837811929216,99.2497834736,105.92262870776554,NA,101.82000755577783,Kevin Gausman,"<a href=""leaders.aspx?pos=all&stats=pit&lg=all&qual=0&type=strType&season=2023&month=0&season1=2023&ind=1&team=14&rost=0&age=0"">TOR</a>",185,3.1621621621621623,2.968553873010584,3.21527419976286,0.23853211,43.3,0.292
592346,96.654587990244,97.9120921586166,NA,91.10978994430516,90.0148957702674,99.53868330777505,NA,NA,94.47354213481113,Chi Chi González,"<a href=""leaders.aspx?pos=all&stats=pit&lg=all&qual=0&type=strType&season=2023&month=0&season1=2023&ind=1&team=20&rost=0&age=0"">MIA</a>",3.2,7.363637640456744,5.982313559666235,3.7896009781465736,0.10526316,60,0.459
592351,96.57224610673735,98.74861193082918,NA,90.7251679457714,94.93490469913327,104.73199366932086,108.66736996363632,NA,97.63625525229672,Jon Gray,"<a href=""leaders.aspx?pos=all&stats=pit&lg=all&qual=0&type=strType&season=2023&month=0&season1=2023&ind=1&team=13&rost=0&age=0"">TEX</a>",157.1,4.118644200943905,4.469023449590104,4.364127276032942,0.13414634,39.5,0.317
592390,NA,NA,NA,106.4303109941968,NA,105.75696020948384,NA,NA,106.02375957701162,Heath Hembree,"<a href=""leaders.aspx?pos=all&stats=pit&lg=all&qual=0&type=strType&season=2023&month=0&season1=2023&ind=1&team=12&rost=0&age=0"">TBR</a>",1.1,0,2.5050401806830935,2.5050401806830935,0.25,NA,NA
592426,NA,109.80587958156063,NA,95.49340937163682,97.52431910772077,112.77344938037592,NA,NA,107.56189105152387,Luke Jackson,"<a href=""leaders.aspx?pos=all&stats=pit&lg=all&qual=0&type=strType&season=2023&month=0&season1=2023&ind=1&team=30&rost=0&age=0"">SFG</a>",33.1,2.9700004531861044,3.285040364074708,3.5038558707814045,0.1958042,40.5,0.276
592454,107.99699271806628,NA,NA,95.01936556808964,96.74384244974814,100.23322286062066,NA,NA,104.91392469807764,Tommy Kahnle,"<a href=""leaders.aspx?pos=all&stats=pit&lg=all&qual=0&type=strType&season=2023&month=0&season1=2023&ind=1&team=9&rost=0&age=0"">NYY</a>",40.2,2.6557378709973114,3.9681551581907923,3.792761164966305,0.17575758,22.7,0.272
592473,NA,NA,NA,82.91185929240282,97.92415599146432,99.36312345767313,NA,NA,93.31450197906562,Adam Kolarek,- - -,6,0,1.9217068142360776,2.7483828226077502,0.27272727,15.4,0.152
592527,89.86358777577135,103.63336448578713,NA,89.13715217347517,86.0023658689613,103.64701961006277,NA,NA,92.3969575736924,Michael Mariot,"<a href=""leaders.aspx?pos=all&stats=pit&lg=all&qual=0&type=strType&season=2023&month=0&season1=2023&ind=1&team=18&rost=0&age=0"">CIN</a>",2.2,3.3750008046628963,7.755041432380932,5.360068492300066,0.07692308,40,0.439
592662,NA,NA,NA,101.30648169676387,NA,99.99336741705169,NA,NA,100.76578758158826,Robbie Ray,"<a href=""leaders.aspx?pos=all&stats=pit&lg=all&qual=0&type=strType&season=2023&month=0&season1=2023&ind=1&team=11&rost=0&age=0"">SEA</a>",3.1,8.10000077247627,5.9550406169891605,7.443057337452601,-0.10526316,45.5,0.388
592717,97.95608469462343,99.16279941601006,99.19912961646918,91.31710703506725,94.34953101208069,NA,NA,NA,96.71503177072528,NA,NA,NA,NA,NA,NA,NA,NA,NA
592741,NA,NA,NA,94.79101464111503,82.18310183526629,91.90515925132433,98.49829846907623,NA,95.92847601905231,Chasen Shreve,- - -,44.2,4.634329314698391,4.284891318318936,4.061329390316806,0.16062176,38.2,0.325
592767,NA,NA,92.60480753211506,90.12908485572208,91.10142499753604,NA,NA,102.49932102188527,96.6944171623198,Drew Smyly,"<a href=""leaders.aspx?pos=all&stats=pit&lg=all&qual=0&type=strType&season=2023&month=0&season1=2023&ind=1&team=17&rost=0&age=0"">CHC</a>",142.1,4.995316605518047,4.95527470342867,4.706305390597732,0.13578275,33.6,0.348
592773,NA,NA,NA,109.16757635476372,NA,116.3682990576022,NA,NA,113.23950820834459,Ryne Stanek,"<a href=""leaders.aspx?pos=all&stats=pit&lg=all&qual=0&type=strType&season=2023&month=0&season1=2023&ind=1&team=21&rost=0&age=0"">HOU</a>",50.2,4.085526828455527,4.597145791067002,5.057173843282898,0.14084507,44.3,0.3
592779,107.60811634768793,NA,100.77462904467647,101.96347717965494,104.94785926261642,NA,114.81096809929632,NA,105.09513795522518,Brock Stewart,"<a href=""leaders.aspx?pos=all&stats=pit&lg=all&qual=0&type=strType&season=2023&month=0&season1=2023&ind=1&team=8&rost=0&age=0"">MIN</a>",27.2,0.650602559147699,2.206847347536889,3.1712008978741517,0.25688073,31,0.242
592789,96.28889001066968,99.71151289822595,95.24311110352659,89.67564693965468,92.18305042662432,100.45853695623536,NA,NA,94.61427741857159,Noah Syndergaard,- - -,88.2,6.496240787828511,6.198649466481865,5.210704443491716,0.09462916,42.2,0.371
592791,95.00813285889599,102.12234089741823,99.46185488178492,95.57784316517983,92.1368901136851,110.77083976616271,109.4087610547549,NA,99.11161038658372,Jameson Taillon,"<a href=""leaders.aspx?pos=all&stats=pit&lg=all&qual=0&type=strType&season=2023&month=0&season1=2023&ind=1&team=17&rost=0&age=0"">CHC</a>",154.1,4.8401729456915294,4.609252067193897,4.488239336708831,0.15114504,38.4,0.322
592826,94.97490378022954,NA,NA,105.21442459631561,98.61479364137875,99.95536115994308,NA,93.55974026087748,101.58595781054848,Vince Velasquez,"<a href=""leaders.aspx?pos=all&stats=pit&lg=all&qual=0&type=strType&season=2023&month=0&season1=2023&ind=1&team=27&rost=0&age=0"">PIT</a>",37.1,3.8571429885163644,3.8711118090517678,4.559706451317364,0.14197531,39.1,0.305
592836,NA,96.9054750850834,102.65602207736913,94.99427687567943,93.17961481555905,NA,111.90397183206872,NA,98.8655585410374,Taijuan Walker,"<a href=""leaders.aspx?pos=all&stats=pit&lg=all&qual=0&type=strType&season=2023&month=0&season1=2023&ind=1&team=26&rost=0&age=0"">PHI</a>",172.2,4.378378636327243,4.534963214825536,4.829346222956277,0.09140518,40.9,0.313
592848,NA,NA,104.03311235639839,103.20975535361936,NA,108.15695956498071,NA,NA,106.38392942106952,Zack Weiss,- - -,14,3.2142863711533622,6.326469558599172,4.38363175508119,0.15517241,44.4,0.305
592866,93.76059207172618,97.48582628265378,NA,95.16333626208124,92.59653901646892,96.18450595361752,106.50440937608262,NA,95.16415184134891,Trevor Williams,"<a href=""leaders.aspx?pos=all&stats=pit&lg=all&qual=0&type=strType&season=2023&month=0&season1=2023&ind=1&team=24&rost=0&age=0"">WSN</a>",144.1,5.549653775244796,5.984832603500129,5.213495514817453,0.08801214,38.6,0.377
593334,98.66978937517393,99.47062706497223,NA,96.74463491749546,95.0321747073912,NA,NA,NA,98.0585371736317,Domingo Germán,"<a href=""leaders.aspx?pos=all&stats=pit&lg=all&qual=0&type=strType&season=2023&month=0&season1=2023&ind=1&team=9&rost=0&age=0"">NYY</a>",108.2,4.555214830532304,4.653813398367596,4.0413178798507925,0.18018018,41.4,0.297
593423,NA,NA,100.92443606589525,93.24358056509814,91.38295508568704,NA,NA,NA,93.02869420161473,Frankie Montas,"<a href=""leaders.aspx?pos=all&stats=pit&lg=all&qual=0&type=strType&season=2023&month=0&season1=2023&ind=1&team=9&rost=0&age=0"">NYY</a>",1.1,0,4.0050405383110474,4.0050405383110474,0,NA,NA
593576,NA,NA,NA,96.41815624458307,93.04210319185505,98.07726413366541,NA,NA,97.88971969993374,Héctor Neris,"<a href=""leaders.aspx?pos=all&stats=pit&lg=all&qual=0&type=strType&season=2023&month=0&season1=2023&ind=1&team=21&rost=0&age=0"">HOU</a>",68.1,1.7121952493952495,3.825772109295487,4.453891552194126,0.16849817,28,0.259
593619,102.20673173641902,NA,NA,98.91840165107915,98.43030636500185,111.06013539526909,NA,NA,100.4152674444562,Domingo Tapia,"<a href=""leaders.aspx?pos=all&stats=pit&lg=all&qual=0&type=strType&season=2023&month=0&season1=2023&ind=1&team=29&rost=0&age=0"">SDP</a>",17.2,3.566037864182593,5.3493800575090695,5.655814973728598,0.02666667,39.6,0.313
593833,97.72488474623307,92.62665750397966,110.20130512682819,NA,99.53226719291392,NA,NA,NA,104.72198722715063,Wander Suero,"<a href=""leaders.aspx?pos=all&stats=pit&lg=all&qual=0&type=strType&season=2023&month=0&season1=2023&ind=1&team=22&rost=0&age=0"">LAD</a>",8,7.875000938773267,6.130040702223819,5.153399247480499,0.11428572,28.6,0.315
593958,102.35891539435622,NA,94.8624688097138,93.36585581904296,92.54459913190824,99.03546062433612,NA,NA,95.60610809568195,Eduardo Rodriguez,"<a href=""leaders.aspx?pos=all&stats=pit&lg=all&qual=0&type=strType&season=2023&month=0&season1=2023&ind=1&team=6&rost=0&age=0"">DET</a>",152.2,3.301310263641908,3.6611539236752417,4.062482696239407,0.15297907,38.5,0.284
593974,103.27621008427101,NA,NA,93.66729513945172,100.26292002336245,108.39800029837731,NA,NA,102.31124538407084,Wandy Peralta,"<a href=""leaders.aspx?pos=all&stats=pit&lg=all&qual=0&type=strType&season=2023&month=0&season1=2023&ind=1&team=9&rost=0&age=0"">NYY</a>",54,2.833334133949035,5.0513371633732564,4.499003949821746,0.09251101,34.3,0.293
594577,96.8215772531909,92.8906595057845,97.89863330851139,95.56009771695884,90.37382542474347,95.79980402608132,NA,NA,95.26730424993701,Mike Mayers,"<a href=""leaders.aspx?pos=all&stats=pit&lg=all&qual=0&type=strType&season=2023&month=0&season1=2023&ind=1&team=7&rost=0&age=0"">KCR</a>",26.1,6.151899031235853,5.077825257641027,5.175063536273893,0.05882353,35.9,0.369
594580,101.05852193487222,NA,NA,86.7164827140011,98.85776754502815,NA,116.36057004150877,NA,102.48009691473064,Sam Moll,- - -,62.1,3.032086643923107,3.271083145972854,4.233237893817654,0.14179105,35.6,0.265
594798,120.25735389057358,106.12549334002081,NA,110.66002620649313,NA,120.05659658492858,NA,NA,114.88475404967197,Jacob deGrom,"<a href=""leaders.aspx?pos=all&stats=pit&lg=all&qual=0&type=strType&season=2023&month=0&season1=2023&ind=1&team=13&rost=0&age=0"">TEX</a>",30.1,2.670329782269228,1.5407545733489243,2.31879480217858,0.35652174,33.3,0.223
594835,96.56374340737315,99.56729512931585,85.74760590405722,92.92896511743605,93.43357626490298,NA,NA,NA,94.97157559770125,Marco Gonzales,"<a href=""leaders.aspx?pos=all&stats=pit&lg=all&qual=0&type=strType&season=2023&month=0&season1=2023&ind=1&team=11&rost=0&age=0"">SEA</a>",50,5.22,4.275040359497071,4.826794323921204,0.0744186,36.8,0.334
594902,94.62826936836483,94.60392492354498,90.9611034421751,92.3572648393941,90.80245426730788,97.90609452601394,97.42795143683398,NA,93.56064020310461,Ben Lively,"<a href=""leaders.aspx?pos=all&stats=pit&lg=all&qual=0&type=strType&season=2023&month=0&season1=2023&ind=1&team=18&rost=0&age=0"">CIN</a>",88.2,5.37969951814563,5.352784825692222,4.415664150903039,0.14099217,36.2,0.348
594943,95.59622201790069,100.12845004115565,95.90018208522679,86.44554727503048,86.12855982423204,NA,NA,NA,92.35072874901223,Zach Neal,"<a href=""leaders.aspx?pos=all&stats=pit&lg=all&qual=0&type=strType&season=2023&month=0&season1=2023&ind=1&team=10&rost=0&age=0"">OAK</a>",27,6.6666671376169795,7.032818404146692,4.834318150937313,0.08870968,41,0.403
595345,NA,NA,NA,93.65550184348787,82.22426318917866,108.22804643448177,NA,NA,102.55843752312832,Steven Okert,"<a href=""leaders.aspx?pos=all&stats=pit&lg=all&qual=0&type=strType&season=2023&month=0&season1=2023&ind=1&team=20&rost=0&age=0"">MIA</a>",58.2,4.448864778415555,4.090267846632558,4.237791747574628,0.19838057,34.5,0.319
595411,104.59283433270663,NA,NA,NA,100.12516120008914,103.20138246213132,NA,NA,101.49257609412955,Ryan Sherriff,"<a href=""leaders.aspx?pos=all&stats=pit&lg=all&qual=0&type=strType&season=2023&month=0&season1=2023&ind=1&team=3&rost=0&age=0"">BOS</a>",6.2,2.7000006437303172,3.105040323734275,5.33706572372326,0.10344828,28.6,0.317
595897,NA,NA,NA,105.60546010272996,NA,113.6541085467451,NA,NA,107.92718561542664,Nick Burdi,"<a href=""leaders.aspx?pos=all&stats=pit&lg=all&qual=0&type=strType&season=2023&month=0&season1=2023&ind=1&team=17&rost=0&age=0"">CHC</a>",3,9,3.5883736928304044,6.343959949413936,0.06666667,25,0.386
595928,98.68944364038195,NA,NA,96.27948308034007,NA,101.23705683473518,NA,NA,98.38484597855769,John Curtiss,"<a href=""leaders.aspx?pos=all&stats=pit&lg=all&qual=0&type=strType&season=2023&month=0&season1=2023&ind=1&team=25&rost=0&age=0"">NYM</a>",19.2,4.57627177820649,4.8313117497681946,4.949979248948196,0.09876543,43.9,0.304
596001,91.9182524844329,NA,NA,91.53213726190421,91.31513131125163,106.29237327342231,NA,NA,100.74646328752952,Jakob Junis,"<a href=""leaders.aspx?pos=all&stats=pit&lg=all&qual=0&type=strType&season=2023&month=0&season1=2023&ind=1&team=30&rost=0&age=0"">SFG</a>",86,3.8720932808871567,3.7434124850143693,3.659710826602346,0.20435967,35.4,0.328
596057,92.60375938600342,NA,NA,91.09311507243059,95.23077488581426,95.69325010202213,94.83814419198187,NA,92.41857452696479,Daniel Norris,"<a href=""leaders.aspx?pos=all&stats=pit&lg=all&qual=0&type=strType&season=2023&month=0&season1=2023&ind=1&team=5&rost=0&age=0"">CLE</a>",12.2,5.684211239590298,7.67609354584508,7.077173733194675,-0.01587302,41,0.343
596082,92.69975212058345,NA,97.96286678232448,97.64583939632837,98.07914389789221,105.67712801127152,NA,NA,101.25371921621027,Jake Reed,"<a href=""leaders.aspx?pos=all&stats=pit&lg=all&qual=0&type=strType&season=2023&month=0&season1=2023&ind=1&team=22&rost=0&age=0"">LAD</a>",0.2,81.0000844896721,24.255062264226872,9.715102359717191,0,NA,NA
596112,NA,96.36051639688583,95.69103911786117,96.07423360971107,NA,98.44953240062864,NA,NA,95.16123777437237,Robert Stephenson,- - -,52.1,3.0955419841802896,3.216823791791141,2.8407907168698836,0.30348259,32.4,0.243
596133,95.03704703332481,NA,94.96952653056542,93.0764796969554,91.14269013396242,102.23885606335698,99.54221170629985,95.20222394031877,95.0520925467077,Luke Weaver,- - -,123.2,6.404313145879353,5.608140265369409,4.698730067916319,0.12255773,42,0.385
596271,85.2411534630886,94.37303956016255,91.99378510511546,89.96043013200837,89.36153578518295,99.76932967499215,100.37742127160587,NA,92.93166665354896,Casey Lawrence,"<a href=""leaders.aspx?pos=all&stats=pit&lg=all&qual=0&type=strType&season=2023&month=0&season1=2023&ind=1&team=28&rost=0&age=0"">STL</a>",27.1,6.585367538615969,6.437968003161456,5.951658089792904,0.08196721,37.8,0.393
596295,100.3782194187086,NA,NA,87.97381390800815,89.39211729706913,103.45585562961436,NA,99.27082307990368,95.00577186194887,Austin Gomber,"<a href=""leaders.aspx?pos=all&stats=pit&lg=all&qual=0&type=strType&season=2023&month=0&season1=2023&ind=1&team=19&rost=0&age=0"">COL</a>",139,5.503597122302159,5.427702230000667,5.07760551734794,0.07296849,44.3,0.368
598264,NA,NA,NA,92.645766293106007,NA,NA,NA,102.35883326932692,98.17572248928646,Matt Barnes,"<a href=""leaders.aspx?pos=all&stats=pit&lg=all&qual=0&type=strType&season=2023&month=0&season1=2023&ind=1&team=20&rost=0&age=0"">MIA</a>",21.1,5.4843763075772065,4.145665571838668,4.399432038203133,0.1010101,35.3,0.33
598286,90.04797770749346,NA,NA,77.84297777859726,89.33978649547645,92.49518450513952,93.66584977992265,82.51293886956661,90.42889141369969,Nick Ramirez,"<a href=""leaders.aspx?pos=all&stats=pit&lg=all&qual=0&type=strType&season=2023&month=0&season1=2023&ind=1&team=9&rost=0&age=0"">NYY</a>",40.2,2.6557381201162684,2.9353681783719643,4.445224863466201,0.11046512,28.4,0.286
600887,101.3279617332711,102.49498232142837,NA,91.7025276276295,NA,NA,NA,NA,98.9049145876078,NA,NA,NA,NA,NA,NA,NA,NA,NA
600917,93.57581332880719,NA,103.5484134959156,101.69028588534407,90.33734312593931,103.8909009721303,NA,NA,101.19743652968242,José Leclerc,"<a href=""leaders.aspx?pos=all&stats=pit&lg=all&qual=0&type=strType&season=2023&month=0&season1=2023&ind=1&team=13&rost=0&age=0"">TEX</a>",57,2.684211065234348,3.623461486097863,4.7165860047641175,0.16738198,32.4,0.261
600921,101.90839988854842,NA,NA,98.19358969920002,97.60074837404056,103.9573597503941,NA,NA,99.79687450432048,Andrés Machado,"<a href=""leaders.aspx?pos=all&stats=pit&lg=all&qual=0&type=strType&season=2023&month=0&season1=2023&ind=1&team=24&rost=0&age=0"">WSN</a>",50,5.220000796508911,5.4950407012939975,4.0283922314513205,0.14492754,39.3,0.356
600986,NA,NA,NA,NA,103.75599516621381,108.40155551043432,NA,NA,106.36912285983784,Thyago Vieira,"<a href=""leaders.aspx?pos=all&stats=pit&lg=all&qual=0&type=strType&season=2023&month=0&season1=2023&ind=1&team=23&rost=0&age=0"">MIL</a>",3,0,2.9217070261637375,5.67729328274727,0.1,28.6,0.07
601713,NA,96.79587031215209,105.73266519477832,102.90037781452033,NA,105.08172110809734,112.87295169648141,NA,102.43383478652045,Nick Pivetta,"<a href=""leaders.aspx?pos=all&stats=pit&lg=all&qual=0&type=strType&season=2023&month=0&season1=2023&ind=1&team=3&rost=0&age=0"">BOS</a>",142.2,4.037383249539229,3.962984297350303,3.5475824510863716,0.22657581,43.8,0.296
605130,NA,106.31333435037328,NA,98.22824044004022,95.26459627837902,103.28998398786841,111.08146629271036,NA,103.40101915210201,Scott Barlow,- - -,68,4.367647548860387,3.4168050835289367,4.0379970646241645,0.15050167,29.8,0.299
605135,96.40169425471625,104.46902868101898,97.4269810480817,90.64403318824004,94.0859811613641,96.00721026462668,103.88874738743347,NA,96.66773255392839,Chris Bassitt,"<a href=""leaders.aspx?pos=all&stats=pit&lg=all&qual=0&type=strType&season=2023&month=0&season1=2023&ind=1&team=14&rost=0&age=0"">TOR</a>",200,3.6,4.28004035949707,4.212593218684197,0.15375303,35.3,0.304
605151,96.96747341493145,NA,NA,91.90067209094981,93.34241160723965,NA,NA,94.84381083230122,93.1971450183054,Archie Bradley,"<a href=""leaders.aspx?pos=all&stats=pit&lg=all&qual=0&type=strType&season=2023&month=0&season1=2023&ind=1&team=20&rost=0&age=0"">MIA</a>",7.1,11.045455024262125,6.527767774093256,5.236883746248739,0.1025641,60.7,0.46
605154,93.46020512793757,NA,NA,101.18653158006417,NA,103.6697211159308,NA,NA,102.48258523061041,John Brebbia,"<a href=""leaders.aspx?pos=all&stats=pit&lg=all&qual=0&type=strType&season=2023&month=0&season1=2023&ind=1&team=30&rost=0&age=0"">SFG</a>",38.1,3.991305175305486,3.933301369679702,4.2275882492994,0.20496894,44,0.287
605155,NA,106.39304823576546,101.7322050753993,NA,87.79625431474277,102.34416665879668,NA,NA,102.4760263040713,Colten Brewer,"<a href=""leaders.aspx?pos=all&stats=pit&lg=all&qual=0&type=strType&season=2023&month=0&season1=2023&ind=1&team=9&rost=0&age=0"">NYY</a>",8.1,4.320000164794928,8.415040556335457,5.719062558232201,0.02941176,46.2,0.369
605177,88.44712135087636,NA,NA,92.80797004443933,95.33318386823316,104.15406271770613,NA,NA,97.53710390354516,Andrew Chafin,- - -,51.1,4.733767406356466,4.0147808074308236,4.073499703993263,0.15625,32.6,0.324
605182,98.46614946185544,92.9662345189525,101.01077463996059,99.35266141127704,92.29171798975823,NA,101.46577829561558,NA,99.64489715425937,Mike Clevinger,"<a href=""leaders.aspx?pos=all&stats=pit&lg=all&qual=0&type=strType&season=2023&month=0&season1=2023&ind=1&team=4&rost=0&age=0"">CHW</a>",131.1,3.769035678961727,4.282959181032087,5.154052555023584,0.12750455,35.9,0.312
605195,NA,NA,NA,95.57202311014282,92.88520167640108,108.77203126372267,NA,NA,102.00020833699918,NA,NA,NA,NA,NA,NA,NA,NA,NA
605200,92.9634320495595,91.4284164703815,91.39728305646373,91.2748113796106,93.66581406789875,97.343666085848,98.04564262388449,NA,92.59568676780387,Zach Davies,"<a href=""leaders.aspx?pos=all&stats=pit&lg=all&qual=0&type=strType&season=2023&month=0&season1=2023&ind=1&team=15&rost=0&age=0"">ARI</a>",82.1,6.995951849189286,4.578927080958238,4.7872061153014265,0.08753316,42.4,0.36
605218,97.02869907947178,98.24642417782674,NA,104.0273521364534,95.85220213777775,NA,NA,NA,101.71753729304228,Carl Edwards Jr.,"<a href=""leaders.aspx?pos=all&stats=pit&lg=all&qual=0&type=strType&season=2023&month=0&season1=2023&ind=1&team=24&rost=0&age=0"">WSN</a>",31.2,3.6947373613691137,3.855040443821969,5.0108475310556555,0.04929578,29,0.309
605240,86.9733726616562,91.26353538167169,91.92797383436124,72.78096730689282,76.99279089746224,NA,NA,NA,85.1948229773743,NA,NA,NA,NA,NA,NA,NA,NA,NA
605242,100.47777427353478,95.2680606954843,104.03789873586129,102.1297694728843,95.82713351257455,NA,110.37689274502159,NA,104.21521262586906,Michael Fulmer,"<a href=""leaders.aspx?pos=all&stats=pit&lg=all&qual=0&type=strType&season=2023&month=0&season1=2023&ind=1&team=17&rost=0&age=0"">CHC</a>",57,4.421053519209514,4.1497773812418535,4.1776317415922835,0.15611814,30.3,0.32
605280,NA,NA,NA,97.55184829658128,102.85592879597681,116.53926536307934,121.50842648379995,NA,107.53031214129656,Clay Holmes,"<a href=""leaders.aspx?pos=all&stats=pit&lg=all&qual=0&type=strType&season=2023&month=0&season1=2023&ind=1&team=9&rost=0&age=0"">NYY</a>",63,2.8571432031471864,2.651865683277109,2.9739903113440804,0.18320611,43,0.265
605288,97.21741716165074,91.50073903271085,NA,91.09385084003294,97.26095279738786,96.67051206664767,NA,NA,95.20091023579707,Adrian Houser,"<a href=""leaders.aspx?pos=all&stats=pit&lg=all&qual=0&type=strType&season=2023&month=0&season1=2023&ind=1&team=23&rost=0&age=0"">MIL</a>",111.1,4.122754679366,3.9915673392530886,4.300210458765406,0.12889813,46.3,0.318
605347,99.75921825943912,NA,NA,98.56964715334337,97.76680875773893,108.61917291000671,NA,105.3667991138329,101.51582898133081,Jorge López,- - -,59,5.949153407830394,5.763515300690514,4.6887303684236254,0.10150376,45.5,0.37
605397,96.87810775804965,107.0550563483118,97.57970381657658,90.66457170257667,91.17348508456476,104.47164988137666,102.9301078481614,NA,98.60230024022246,Joe Musgrove,"<a href=""leaders.aspx?pos=all&stats=pit&lg=all&qual=0&type=strType&season=2023&month=0&season1=2023&ind=1&team=29&rost=0&age=0"">SDP</a>",97.1,3.051370022466478,3.5221636611271325,3.6983448974045094,0.19047619,33.5,0.295
605400,98.61574862949526,NA,98.26367567435004,101.5890772058004,98.56729442092019,NA,NA,107.33875053838626,102.13990392730784,Aaron Nola,"<a href=""leaders.aspx?pos=all&stats=pit&lg=all&qual=0&type=strType&season=2023&month=0&season1=2023&ind=1&team=26&rost=0&age=0"">PHI</a>",193.2,4.461273900425602,4.02956707832096,3.631651960482608,0.19798235,38.5,0.303
605441,NA,NA,NA,101.11615756084126,NA,103.66167832361653,NA,NA,101.7532961641202,Yacksel Ríos,"<a href=""leaders.aspx?pos=all&stats=pit&lg=all&qual=0&type=strType&season=2023&month=0&season1=2023&ind=1&team=10&rost=0&age=0"">OAK</a>",1.2,37.800014419561165,19.455046539309,14.631077856221196,-0.28571429,33.3,0.558
605446,101.97408505625569,98.07322430289713,95.7093890839914,85.69005316516845,82.41699987609367,NA,NA,NA,93.89998384195061,Dereck Rodríguez,- - -,5.1,15.187503790716656,10.567542184656942,9.412583342773392,-0.13333333,45.8,0.504
605447,NA,NA,NA,113.95066537243954,111.38272881271374,109.4675337553765,NA,NA,111.5851945284471,Jordan Romano,"<a href=""leaders.aspx?pos=all&stats=pit&lg=all&qual=0&type=strType&season=2023&month=0&season1=2023&ind=1&team=14&rost=0&age=0"">TOR</a>",59,2.8983054595307767,3.458430216306248,4.0139314324553315,0.19354839,36.7,0.281
605463,99.89253943201903,NA,93.96229120610782,89.98523869974832,96.2485071184228,105.70359225859647,NA,NA,100.46231794451221,Tayler Scott,- - -,17.2,5.603775299075506,5.745607159086184,6.252052645961454,0.07954546,48.3,0.407
605483,100.64012971553721,106.97228506114251,NA,104.33300852324794,105.06023100493195,106.53183973950257,NA,NA,104.36935903600751,Blake Snell,"<a href=""leaders.aspx?pos=all&stats=pit&lg=all&qual=0&type=strType&season=2023&month=0&season1=2023&ind=1&team=29&rost=0&age=0"">SDP</a>",180,2.25,3.4383736928304036,3.622610037525495,0.1819407,33.8,0.266
605488,99.8046820828408,NA,NA,100.38377031611698,NA,101.82217691345308,103.78887790218847,NA,100.7298026123555,Jeffrey Springs,"<a href=""leaders.aspx?pos=all&stats=pit&lg=all&qual=0&type=strType&season=2023&month=0&season1=2023&ind=1&team=12&rost=0&age=0"">TBR</a>",16,0.5625,1.8175403594970705,1.9350507210940124,0.36363636,30.8,0.138
605498,97.99485235335251,98.96391871035354,NA,86.07989166844743,87.50931319320769,104.91615004774549,NA,NA,93.6125781495553,Andrew Suárez,"<a href=""leaders.aspx?pos=all&stats=pit&lg=all&qual=0&type=strType&season=2023&month=0&season1=2023&ind=1&team=28&rost=0&age=0"">STL</a>",27.2,7.1566271638642425,6.941787686336226,6.16253847010147,0.01538462,41.8,0.392
605507,95.05726997505697,96.99946287374166,99.44562572837175,75.96738538084425,76.21008667217384,NA,NA,NA,88.10173779849303,NA,NA,NA,NA,NA,NA,NA,NA,NA
605513,109.6965828491568,95.25813087288181,NA,96.6138516540199,94.92399046412649,100.28373828602359,NA,NA,98.29365363000848,Spencer Turnbull,"<a href=""leaders.aspx?pos=all&stats=pit&lg=all&qual=0&type=strType&season=2023&month=0&season1=2023&ind=1&team=6&rost=0&age=0"">DET</a>",31,7.258064962698719,5.545363081059778,5.2086084758354385,0.06206897,36.9,0.376
605538,NA,NA,NA,81.32725191606852,NA,95.71908475210991,NA,NA,93.50495662348816,NA,NA,NA,NA,NA,NA,NA,NA,NA
605540,104.82956012782925,102.47700556426389,NA,104.77876897893172,95.2700525525313,104.43126745598653,NA,NA,102.59720821601296,Brandon Woodruff,"<a href=""leaders.aspx?pos=all&stats=pit&lg=all&qual=0&type=strType&season=2023&month=0&season1=2023&ind=1&team=23&rost=0&age=0"">MIL</a>",67,2.283582089552239,3.5983239415866226,3.6287914980703326,0.23320158,41.6,0.241
606149,95.7391619621403,NA,NA,95.01614828687886,NA,112.51188759708593,NA,NA,102.76141829510567,Giovanny Gallegos,"<a href=""leaders.aspx?pos=all&stats=pit&lg=all&qual=0&type=strType&season=2023&month=0&season1=2023&ind=1&team=28&rost=0&age=0"">STL</a>",55,4.418182737492524,4.3641314993614495,3.9285191593472852,0.20524018,46.2,0.322
606160,100.08435010475137,NA,NA,99.53885764347082,94.45967968342056,108.11406527492554,NA,NA,100.0768199047764,Rafael Montero,"<a href=""leaders.aspx?pos=all&stats=pit&lg=all&qual=0&type=strType&season=2023&month=0&season1=2023&ind=1&team=21&rost=0&age=0"">HOU</a>",67.1,5.079208304468159,4.458010747397424,4.10218883365393,0.16778524,41.7,0.359
606303,96.66565227902394,NA,NA,97.73072512133781,95.21322122210107,103.13601209313195,NA,NA,99.32895091912427,Joel Payamps,"<a href=""leaders.aspx?pos=all&stats=pit&lg=all&qual=0&type=strType&season=2023&month=0&season1=2023&ind=1&team=23&rost=0&age=0"">MIL</a>",70.2,2.547170177988042,3.4814554864293408,3.6475114930196813,0.20905923,33.7,0.272
606625,103.78314988068476,NA,NA,102.22501032733955,NA,107.31885045759893,NA,NA,104.44087080061324,Reyes Moronta,"<a href=""leaders.aspx?pos=all&stats=pit&lg=all&qual=0&type=strType&season=2023&month=0&season1=2023&ind=1&team=1&rost=0&age=0"">LAA</a>",1.1,6.750007040806008,16.75505444110909,9.485074488854245,-0.09090909,50,0.613
606930,97.227521869935,NA,102.53998630001054,101.13285995796657,NA,99.45744038185872,NA,NA,101.69786482305042,Jacob Barnes,"<a href=""leaders.aspx?pos=all&stats=pit&lg=all&qual=0&type=strType&season=2023&month=0&season1=2023&ind=1&team=28&rost=0&age=0"">STL</a>",13.2,5.926830784754372,3.9135771133586674,5.502874117535413,0.08196721,34.7,0.36
606965,117.08880457687374,NA,NA,93.85219286762589,NA,105.53045669232019,107.5653664006578,105.10007497441966,107.94268363738642,Chris Devenski,- - -,42.1,4.464567867849007,3.96370192582231,3.995848803202085,0.17919075,42.9,0.283
607067,NA,96.0411872620799,98.84748525322537,94.38936319746256,94.56340340615594,NA,98.02081338493296,NA,96.0218036510043,Colin Rea,"<a href=""leaders.aspx?pos=all&stats=pit&lg=all&qual=0&type=strType&season=2023&month=0&season1=2023&ind=1&team=23&rost=0&age=0"">MIL</a>",124.2,4.548128504609804,4.8994254449380055,4.304686160635926,0.13926499,43.3,0.313
607074,105.84966474788901,99.37887351087703,105.46247763532993,101.78659640459324,NA,110.84764578659109,NA,NA,104.35320366086381,Carlos Rodón,"<a href=""leaders.aspx?pos=all&stats=pit&lg=all&qual=0&type=strType&season=2023&month=0&season1=2023&ind=1&team=9&rost=0&age=0"">NYY</a>",64.1,6.85492282175037,5.788719316289157,5.301908246315261,0.12587413,41.8,0.357
607179,NA,107.03108067156093,NA,95.7474443019389,NA,106.94992140706299,NA,NA,101.03882624467428,Jordan Weems,"<a href=""leaders.aspx?pos=all&stats=pit&lg=all&qual=0&type=strType&season=2023&month=0&season1=2023&ind=1&team=24&rost=0&age=0"">WSN</a>",54.2,3.621951893495121,4.90138212926758,4.636281020392448,0.13793103,38.3,0.294
607188,NA,93.91976161731381,NA,95.20301768811103,NA,101.66924906698078,NA,NA,97.3116143308483,Jake Faria,"<a href=""leaders.aspx?pos=all&stats=pit&lg=all&qual=0&type=strType&season=2023&month=0&season1=2023&ind=1&team=3&rost=0&age=0"">BOS</a>",2,22.5,6.2550403594970705,9.561743867397308,-0.07142857,57.1,0.5
607192,90.79806321698385,112.8831639173672,NA,110.48615494044765,NA,108.95729942290156,NA,NA,110.41240535912112,Tyler Glasnow,"<a href=""leaders.aspx?pos=all&stats=pit&lg=all&qual=0&type=strType&season=2023&month=0&season1=2023&ind=1&team=12&rost=0&age=0"">TBR</a>",120,3.525,2.9133736928304037,2.7450541749596598,0.25773196,44.6,0.27
607216,101.04504420549114,NA,108.58164148843025,92.41019480733404,NA,NA,NA,NA,99.16328547192758,Joey Krehbiel,"<a href=""leaders.aspx?pos=all&stats=pit&lg=all&qual=0&type=strType&season=2023&month=0&season1=2023&ind=1&team=2&rost=0&age=0"">BAL</a>",5,1.8000003433228193,5.055040702819889,4.769733103931951,0.15789474,25,0.244
607237,NA,NA,NA,97.25422591747954,96.87586817949422,97.96263047165189,NA,NA,97.48510921605576,Amir Garrett,"<a href=""leaders.aspx?pos=all&stats=pit&lg=all&qual=0&type=strType&season=2023&month=0&season1=2023&ind=1&team=7&rost=0&age=0"">KCR</a>",24.1,3.3287675581589213,5.556410523162498,5.0501272554380465,0.07142857,42.2,0.354
607259,98.17859120644009,105.15135359525883,95.52103900790173,96.28230373219161,92.40317316074943,103.76590646446873,NA,NA,97.38269299899137,Nick Martinez,"<a href=""leaders.aspx?pos=all&stats=pit&lg=all&qual=0&type=strType&season=2023&month=0&season1=2023&ind=1&team=29&rost=0&age=0"">SDP</a>",110.1,3.4259820310463356,3.916671809937236,3.7914897876079445,0.14316703,29.9,0.294
607359,NA,NA,NA,91.64229025367214,87.2564959270646,93.12322150484042,NA,NA,92.1497626911661,Spencer Patton,"<a href=""leaders.aspx?pos=all&stats=pit&lg=all&qual=0&type=strType&season=2023&month=0&season1=2023&ind=1&team=10&rost=0&age=0"">OAK</a>",12.1,5.108109819706779,6.74152801421757,6.796699013363671,0.01818182,42.9,0.372
607455,97.53164345414447,NA,98.79146934177359,99.23769372841427,95.28414666054896,106.09219632051528,NA,NA,98.58839597647209,Anthony Banda,"<a href=""leaders.aspx?pos=all&stats=pit&lg=all&qual=0&type=strType&season=2023&month=0&season1=2023&ind=1&team=24&rost=0&age=0"">WSN</a>",7,6.4285723043948995,5.969326443574918,5.529342172731919,0.02857143,43.5,0.379
607457,94.74587666614983,NA,93.16241241720151,96.25267305983783,89.73620307947371,103.71854828042403,NA,NA,96.74689202883411,Kyle Barraclough,"<a href=""leaders.aspx?pos=all&stats=pit&lg=all&qual=0&type=strType&season=2023&month=0&season1=2023&ind=1&team=3&rost=0&age=0"">BOS</a>",7.2,12.91304454911643,11.211562758447599,9.143770137660796,-0.04347826,56.3,0.518
607481,96.49462207510035,NA,103.07967892654393,88.96784758858412,93.89524583706698,NA,109.11172163375136,NA,100.24896586901693,Aaron Bummer,"<a href=""leaders.aspx?pos=all&stats=pit&lg=all&qual=0&type=strType&season=2023&month=0&season1=2023&ind=1&team=4&rost=0&age=0"">CHW</a>",58.1,6.788573796238071,3.5807547588115236,3.51127817797236,0.15730337,44.6,0.313
607536,85.58825089217358,NA,94.72285408432262,85.53511736579303,90.7650499938098,NA,NA,96.1689154739522,90.98808432522972,Kyle Freeland,"<a href=""leaders.aspx?pos=all&stats=pit&lg=all&qual=0&type=strType&season=2023&month=0&season1=2023&ind=1&team=19&rost=0&age=0"">COL</a>",155.2,5.0299789154235,5.297867045454508,5.127699401598343,0.07680945,43.5,0.36
607625,98.01270973401665,109.62977606789673,103.49126020238634,93.85026193083242,94.0273461078025,102.00760406340197,109.78927823796894,NA,100.06941578211583,Seth Lugo,"<a href=""leaders.aspx?pos=all&stats=pit&lg=all&qual=0&type=strType&season=2023&month=0&season1=2023&ind=1&team=29&rost=0&age=0"">SDP</a>",146.1,3.567198301665436,3.8290722701098994,3.7568351433270974,0.17218543,44.2,0.306
607644,101.87591457557276,NA,NA,102.11925361083787,NA,100.4271360393527,NA,102.6982131713407,101.82260875159714,John Means,"<a href=""leaders.aspx?pos=all&stats=pit&lg=all&qual=0&type=strType&season=2023&month=0&season1=2023&ind=1&team=2&rost=0&age=0"">BAL</a>",23.2,2.6619719024973025,5.240955905804582,5.908030089018775,0.06818182,37,0.238
607732,31.183529335146332,NA,NA,NA,NA,NA,NA,NA,40.49197130332149,Jacob Stallings,"<a href=""leaders.aspx?pos=all&stats=pit&lg=all&qual=0&type=strType&season=2023&month=0&season1=2023&ind=1&team=20&rost=0&age=0"">MIA</a>",8,4.5,5.3800403594970705,7.0617438673973085,0.02777778,36.4,0.406
607755,112.07451510505891,103.78934684494202,NA,88.3023490271654,102.62856413121995,102.90728007049364,NA,NA,102.0589587740803,Andrew Vasquez,- - -,48.1,3.351724887444372,4.413661308243273,4.97974869392713,0.0913242,30.8,0.316
607968,85.17522962992943,94.37193593402793,NA,90.12495910851385,87.49163273079364,93.45953388854721,NA,NA,90.39164567005774,Drew Rucinski,"<a href=""leaders.aspx?pos=all&stats=pit&lg=all&qual=0&type=strType&season=2023&month=0&season1=2023&ind=1&team=10&rost=0&age=0"">OAK</a>",18,9.000000953674418,8.69948538085567,7.5684017808158055,-0.08421053,43.2,0.439
608032,97.14339475362259,98.1593673323829,NA,100.93308112400345,94.85168398173406,108.64911829526488,NA,NA,102.65534927363666,Carlos Estévez,"<a href=""leaders.aspx?pos=all&stats=pit&lg=all&qual=0&type=strType&season=2023&month=0&season1=2023&ind=1&team=1&rost=0&age=0"">LAA</a>",62.1,3.8983960400256836,3.9448799879789815,4.553887045289345,0.16725979,44.3,0.32
608328,NA,92.66447687054647,NA,97.95976163434506,NA,103.89857821720685,NA,NA,98.65314488282225,Chase De Jong,"<a href=""leaders.aspx?pos=all&stats=pit&lg=all&qual=0&type=strType&season=2023&month=0&season1=2023&ind=1&team=27&rost=0&age=0"">PIT</a>",11.1,13.500001514659377,11.019747113026646,8.076261255422299,0.01666667,37.8,0.501
608331,99.24238427144876,110.57518920332669,105.61190722171206,96.20007862681724,90.05428941071139,104.6317999932225,105.94363684971736,NA,100.60925924733485,Max Fried,"<a href=""leaders.aspx?pos=all&stats=pit&lg=all&qual=0&type=strType&season=2023&month=0&season1=2023&ind=1&team=16&rost=0&age=0"">ATL</a>",77.2,2.549356306652554,3.1391605273764998,3.0957396198520093,0.19935691,32.7,0.279
608334,86.82699247302679,97.87400622595783,NA,103.99041763620018,93.66372050619768,102.19169426028745,NA,NA,92.73318200693927,Carson Fulmer,"<a href=""leaders.aspx?pos=all&stats=pit&lg=all&qual=0&type=strType&season=2023&month=0&season1=2023&ind=1&team=1&rost=0&age=0"">LAA</a>",10,2.7,4.855040359497071,5.043056938052178,0.05128205,39.3,0.281
608337,102.9672784235344,94.66483841249536,NA,93.64807609868987,99.68253383879886,99.01263759761252,NA,NA,97.72672919274811,Lucas Giolito,- - -,184.1,4.8824593970393515,5.267698622054403,4.448119522002536,0.16498741,41.6,0.339
608344,100.474460763075,100.10003225444002,101.92927853587042,90.43861956652877,92.88591159155511,NA,NA,NA,96.25746787792991,Cole Irvin,"<a href=""leaders.aspx?pos=all&stats=pit&lg=all&qual=0&type=strType&season=2023&month=0&season1=2023&ind=1&team=2&rost=0&age=0"">BAL</a>",77.1,4.422413865819698,4.431764516776581,4.485406406902914,0.13988095,34.6,0.318
608371,NA,101.63343438181259,NA,100.55728339285288,95.65552105546533,107.03768347940142,115.43526901042468,NA,108.03372922909782,Lucas Sims,"<a href=""leaders.aspx?pos=all&stats=pit&lg=all&qual=0&type=strType&season=2023&month=0&season1=2023&ind=1&team=18&rost=0&age=0"">CIN</a>",61,3.098361430774484,4.369794736706938,5.526759678965852,0.12790698,32.1,0.287
608379,109.4150648640565,97.4421755090832,92.71845063570684,88.74204591439643,94.0199541608718,97.50757471085792,NA,NA,97.83399706801049,Michael Wacha,"<a href=""leaders.aspx?pos=all&stats=pit&lg=all&qual=0&type=strType&season=2023&month=0&season1=2023&ind=1&team=29&rost=0&age=0"">SDP</a>",134.1,3.2158810150631516,3.887794725886811,4.466973701179314,0.14647378,35.5,0.291
608566,94.22414758375223,NA,NA,88.15047433424895,88.93910068277025,103.06007888199079,NA,115.18016923604188,96.56781257940852,Germán Márquez,"<a href=""leaders.aspx?pos=all&stats=pit&lg=all&qual=0&type=strType&season=2023&month=0&season1=2023&ind=1&team=19&rost=0&age=0"">COL</a>",20,4.95,4.605040359497071,3.4930569380521774,0.175,60.3,0.336
608638,NA,NA,NA,92.19423970173924,98.90377547412902,107.0947357741959,NA,NA,101.90478912452038,JT Chargois,"<a href=""leaders.aspx?pos=all&stats=pit&lg=all&qual=0&type=strType&season=2023&month=0&season1=2023&ind=1&team=20&rost=0&age=0"">MIA</a>",42.1,3.61417398825872,3.79834756034642,4.283087736492656,0.09770115,34.5,0.297
608648,91.2893478459448,NA,NA,98.24869726145957,94.77281364012362,110.40181503158263,NA,113.13949852023967,103.15251817660541,Tyler Duffey,"<a href=""leaders.aspx?pos=all&stats=pit&lg=all&qual=0&type=strType&season=2023&month=0&season1=2023&ind=1&team=17&rost=0&age=0"">CHC</a>",2,4.5,6.7550403594970705,3.5617438673973085,0.42857143,NA,NA
608665,97.18406644103887,102.1054167876319,NA,98.09151950676025,99.64930821752094,109.02162759504775,NA,NA,101.64824136973847,Kendall Graveman,- - -,66.1,3.1206033440847425,4.883181234671719,4.814255387233038,0.10638298,35.6,0.312
608678,NA,NA,100.04050269767376,100.12166853624042,93.70737491983913,104.52810468352294,NA,NA,101.25084395416123,Dominic Leone,- - -,54,4.666667490829802,6.292077932894243,4.942470579002561,0.1106383,44.4,0.352
608716,91.53335827895516,97.09652239551988,NA,98.92563684814353,NA,NA,NA,NA,97.887282373706,NA,NA,NA,NA,NA,NA,NA,NA,NA
608717,102.05424668337956,112.06243515727478,NA,98.70764570374826,98.53767506804282,103.36259014301694,106.43855088374517,NA,102.18833292486634,Chris Stratton,- - -,82.2,3.919355682726515,3.533266225863459,4.355225061064164,0.16568047,39.1,0.283
608718,101.01146335742469,NA,NA,99.52636790505987,84.82022908467772,90.08880441202395,NA,NA,94.44162110492063,Brent Suter,"<a href=""leaders.aspx?pos=all&stats=pit&lg=all&qual=0&type=strType&season=2023&month=0&season1=2023&ind=1&team=19&rost=0&age=0"">COL</a>",69.1,3.3750002475885426,3.4425403732519895,4.477750557579046,0.10273973,26.3,0.294
608723,NA,102.30005603683924,98.32043174362215,100.03594586082484,NA,NA,109.60768919601682,NA,102.11549250695612,Austin Voth,"<a href=""leaders.aspx?pos=all&stats=pit&lg=all&qual=0&type=strType&season=2023&month=0&season1=2023&ind=1&team=2&rost=0&age=0"">BAL</a>",34.2,5.192308644571423,5.101194544233576,5.092757978330231,0.11875,35.2,0.352
611093,90.56803026612131,NA,NA,92.9078427006587,NA,96.1615316099469,NA,NA,92.65819749868695,Silvino Bracho,"<a href=""leaders.aspx?pos=all&stats=pit&lg=all&qual=0&type=strType&season=2023&month=0&season1=2023&ind=1&team=18&rost=0&age=0"">CIN</a>",7.1,3.681818820228372,4.07322231954782,6.327793284048241,0,10.5,0.289
612434,100.81163850923578,NA,NA,97.33607064200787,96.66078466144714,109.81316088540369,NA,NA,102.59287747668316,Miguel Castro,"<a href=""leaders.aspx?pos=all&stats=pit&lg=all&qual=0&type=strType&season=2023&month=0&season1=2023&ind=1&team=15&rost=0&age=0"">ARI</a>",64.2,4.314434177400225,4.306587040727233,4.257944609670973,0.13059702,28.3,0.286
613534,NA,NA,NA,99.4031318264626,92.69232928725351,110.05194537733915,NA,NA,108.80974335154508,Austin Adams,"<a href=""leaders.aspx?pos=all&stats=pit&lg=all&qual=0&type=strType&season=2023&month=0&season1=2023&ind=1&team=15&rost=0&age=0"">ARI</a>",17.1,5.711540137522811,3.7165789564686107,4.683521446231648,0.17283951,32.6,0.306
614179,103.57242541255184,105.83755954633517,NA,95.65503417235507,91.68164912772986,NA,NA,NA,99.30418120872797,José Ruiz,- - -,44.1,5.8872193537532835,6.255041026352192,5.224686048104468,0.08695652,36.2,0.385
615698,98.12992050230133,102.65503024890496,101.26323949699135,93.09754155271133,92.2187943631011,NA,NA,NA,97.3557072109783,Cal Quantrill,"<a href=""leaders.aspx?pos=all&stats=pit&lg=all&qual=0&type=strType&season=2023&month=0&season1=2023&ind=1&team=5&rost=0&age=0"">CLE</a>",99.2,5.237458327620856,4.7901574555238735,5.428976561226541,0.0518018,39.2,0.339
620454,NA,NA,NA,93.40228095473068,NA,102.36229758468501,NA,NA,95.03137488744966,José Castillo,"<a href=""leaders.aspx?pos=all&stats=pit&lg=all&qual=0&type=strType&season=2023&month=0&season1=2023&ind=1&team=29&rost=0&age=0"">SDP</a>",0.1,108.00011265289614,30.255068522721103,35.21512895831767,-0.33333333,NA,NA
621016,78.77441907860903,NA,NA,93.44769413659216,95.3501096281309,98.01217154573006,98.54615635377925,NA,94.98463154465631,Jose Cuas,- - -,65.1,3.9948989152864067,4.601979457371415,4.477914148022226,0.12328767,41.3,0.339
621051,104.08649395318068,NA,100.3147999617053,107.34468213103402,NA,NA,112.35054621809721,NA,110.06939745903493,Steven Wilson,"<a href=""leaders.aspx?pos=all&stats=pit&lg=all&qual=0&type=strType&season=2023&month=0&season1=2023&ind=1&team=29&rost=0&age=0"">SDP</a>",53,3.9056609395816646,4.519191484868914,5.29783575386125,0.1369863,33.3,0.289
621053,NA,NA,101.76331177881254,94.97363667094957,110.04928808540717,NA,107.06864057014361,NA,104.53759512903339,NA,NA,NA,NA,NA,NA,NA,NA,NA
621057,99.60721122321902,NA,101.41667636984178,95.53233992609731,NA,98.26786077713741,NA,NA,97.65449258788537,Justin Garza,"<a href=""leaders.aspx?pos=all&stats=pit&lg=all&qual=0&type=strType&season=2023&month=0&season1=2023&ind=1&team=3&rost=0&age=0"">BOS</a>",18.1,7.363638406549185,5.655041025335324,5.8725217549099025,0.05494506,42.6,0.378
621074,98.86571969837372,104.75404462151894,102.76545492098604,99.02278983797355,93.45377947613788,105.6632072474108,NA,NA,101.51776407790676,Michael Rucker,"<a href=""leaders.aspx?pos=all&stats=pit&lg=all&qual=0&type=strType&season=2023&month=0&season1=2023&ind=1&team=17&rost=0&age=0"">CHC</a>",40.1,4.909091992453708,4.841817569179078,4.219683286257043,0.11931818,49.1,0.339
621076,90.17071023814391,91.3046737736546,NA,88.98331242246783,93.32890279130325,97.82034392572112,NA,NA,92.43038010160883,James Kaprielian,"<a href=""leaders.aspx?pos=all&stats=pit&lg=all&qual=0&type=strType&season=2023&month=0&season1=2023&ind=1&team=10&rost=0&age=0"">OAK</a>",61,6.3442624934544325,5.07471254754214,5.6502594731352485,0.09285714,38.7,0.356
621107,94.79863560664226,94.69941627491608,98.10107972017458,92.74572598991477,97.73210924655875,97.28471901891439,103.83806467956117,NA,96.89009312697844,Zach Eflin,"<a href=""leaders.aspx?pos=all&stats=pit&lg=all&qual=0&type=strType&season=2023&month=0&season1=2023&ind=1&team=12&rost=0&age=0"">TBR</a>",177.2,3.495309468416154,3.0073855823468114,3.124700686717677,0.23044097,35.1,0.276
621112,89.49154543217253,96.72615698850333,102.77428248346718,94.74880304472813,88.31411332679451,100.06330491218247,NA,NA,95.44134187919977,Paul Blackburn,"<a href=""leaders.aspx?pos=all&stats=pit&lg=all&qual=0&type=strType&season=2023&month=0&season1=2023&ind=1&team=10&rost=0&age=0"">OAK</a>",103.2,4.427652841737332,3.9592204410805674,4.334159610418503,0.13146552,33.2,0.34
621139,NA,NA,NA,98.47816039424586,NA,104.86902281202757,NA,NA,97.59743281707362,Brooks Kriske,"<a href=""leaders.aspx?pos=all&stats=pit&lg=all&qual=0&type=strType&season=2023&month=0&season1=2023&ind=1&team=7&rost=0&age=0"">KCR</a>",6.2,4.050000386238135,7.1550407314300895,5.2390626534483244,0.08,33.3,0.307
621142,113.50120862536534,NA,NA,95.9878826056989,NA,101.81701125736748,NA,NA,100.29685977479673,NA,NA,NA,NA,NA,NA,NA,NA,NA
621199,NA,NA,95.79813742283582,NA,98.75052010359117,NA,113.55718887303925,NA,102.31475821661944,Matt Bowman,"<a href=""leaders.aspx?pos=all&stats=pit&lg=all&qual=0&type=strType&season=2023&month=0&season1=2023&ind=1&team=9&rost=0&age=0"">NYY</a>",4,9,6.5050403594970705,4.9083921134471895,0.05,26.7,0.393
621219,81.3848756458053,93.5282831621074,NA,88.21058020148223,92.80671071497683,94.0048877585378,NA,NA,91.01785975398309,Alec Mills,"<a href=""leaders.aspx?pos=all&stats=pit&lg=all&qual=0&type=strType&season=2023&month=0&season1=2023&ind=1&team=18&rost=0&age=0"">CIN</a>",1,18,22.25504035949707,12.561743867397308,-0.1,50,0.676
621237,NA,112.59820593164734,112.70897267870475,94.28705840742415,97.96066211481607,NA,NA,NA,103.72303238917775,José Alvarado,"<a href=""leaders.aspx?pos=all&stats=pit&lg=all&qual=0&type=strType&season=2023&month=0&season1=2023&ind=1&team=26&rost=0&age=0"">PHI</a>",41.1,1.7419355374593284,2.4082661398987857,2.344727555369168,0.26744186,45.6,0.262
621244,93.92303539832857,NA,85.512883335864,97.15153047547719,96.43370267567,NA,NA,NA,97.765953112598865,José Berríos,"<a href=""leaders.aspx?pos=all&stats=pit&lg=all&qual=0&type=strType&season=2023&month=0&season1=2023&ind=1&team=14&rost=0&age=0"">TOR</a>",189.2,3.6537787548409115,3.9931774816871535,4.005639594563576,0.16879795,35.8,0.302
621249,91.99595392371522,99.74444628864141,93.03573270770525,92.91596654857747,90.130098289704,NA,NA,NA,93.46537022476673,Duane Underwood Jr.,"<a href=""leaders.aspx?pos=all&stats=pit&lg=all&qual=0&type=strType&season=2023&month=0&season1=2023&ind=1&team=27&rost=0&age=0"">PIT</a>",24.1,5.178082868247211,5.063259773805621,4.887385237115034,0.03,38.7,0.347
621294,94.05098582851492,NA,96.01037200893091,98.54772616660287,101.13210469228147,106.7675468520936,101.55680943945524,NA,99.07166651356096,Ben Heller,"<a href=""leaders.aspx?pos=all&stats=pit&lg=all&qual=0&type=strType&season=2023&month=0&season1=2023&ind=1&team=16&rost=0&age=0"">ATL</a>",18.2,3.857143776757596,5.022897923844302,5.312916742546548,0.06097561,50.9,0.323
621295,98.7433344074674,NA,95.54946291378079,91.97588877885161,97.76836453775941,102.71313785950588,NA,NA,97.07498354138647,Nick Wittgren,"<a href=""leaders.aspx?pos=all&stats=pit&lg=all&qual=0&type=strType&season=2023&month=0&season1=2023&ind=1&team=7&rost=0&age=0"">KCR</a>",29,4.965518221135282,4.358488853082688,5.457361876394966,0.0546875,34.4,0.329
621345,102.6211722640344,NA,108.7903237500126,105.03885670519541,NA,NA,NA,NA,106.15093777959818,A.J. Minter,"<a href=""leaders.aspx?pos=all&stats=pit&lg=all&qual=0&type=strType&season=2023&month=0&season1=2023&ind=1&team=16&rost=0&age=0"">ATL</a>",64.2,3.7577325498809104,2.8993702004548445,3.3806261899852093,0.23461539,36.3,0.283
621348,95.16895373066492,NA,NA,NA,95.3079215747187,104.30135054341345,NA,NA,97.52153685587895,NA,NA,NA,NA,NA,NA,NA,NA,NA
621363,NA,NA,NA,106.35506993863362,NA,100.72937010834686,NA,NA,104.4679304188443,Colin Poche,"<a href=""leaders.aspx?pos=all&stats=pit&lg=all&qual=0&type=strType&season=2023&month=0&season1=2023&ind=1&team=12&rost=0&age=0"">TBR</a>",60.2,2.22527509840663,3.337457955734353,4.551547169754626,0.1504065,31.3,0.258
621366,94.64743745786741,NA,NA,NA,101.99724216061492,100.86062815609492,103.46300624830701,NA,100.79516789876976,Ryan Borucki,"<a href=""leaders.aspx?pos=all&stats=pit&lg=all&qual=0&type=strType&season=2023&month=0&season1=2023&ind=1&team=27&rost=0&age=0"">PIT</a>",40.1,2.4545461123014705,3.5029743102345927,3.935390302125269,0.19078947,29.7,0.238
621368,91.91616485239052,NA,NA,97.22835586870045,92.32066719836976,106.33669163775545,NA,NA,100.29896044002936,Taylor Hearn,- - -,15,11.40000219702763,6.321707617177018,5.059509712524269,0.09210526,41.5,0.418
621381,96.16535149458664,NA,99.98699040770964,101.16759447316598,94.66008376862955,108.41702579426719,NA,NA,101.69346510958815,Matt Strahm,"<a href=""leaders.aspx?pos=all&stats=pit&lg=all&qual=0&type=strType&season=2023&month=0&season1=2023&ind=1&team=26&rost=0&age=0"">PHI</a>",87.2,3.285171483861131,3.2436335140669965,3.517266935350325,0.24786325,42,0.274
621383,95.29281547643308,NA,NA,93.95970782111335,92.65649273755105,99.4793518215638,104.38417468766745,NA,97.38427507374287,Tanner Banks,"<a href=""leaders.aspx?pos=all&stats=pit&lg=all&qual=0&type=strType&season=2023&month=0&season1=2023&ind=1&team=4&rost=0&age=0"">CHW</a>",61,4.426229784995519,4.697663400532647,4.707741902180285,0.1372549,37,0.331
621389,76.74048051579385,87.36644208784791,89.38730404760682,81.8971058432187,87.03024749206807,NA,NA,NA,84.92731358555977,Ty Blach,"<a href=""leaders.aspx?pos=all&stats=pit&lg=all&qual=0&type=strType&season=2023&month=0&season1=2023&ind=1&team=19&rost=0&age=0"">COL</a>",78,5.53846180932763,5.626835347287837,5.013352062176397,0.07386364,43.4,0.389
621433,NA,NA,NA,78.94572013633764,NA,NA,NA,NA,73.66578177566832,Brett Phillips,"<a href=""leaders.aspx?pos=all&stats=pit&lg=all&qual=0&type=strType&season=2023&month=0&season1=2023&ind=1&team=1&rost=0&age=0"">LAA</a>",0.1,0,12.255049747238417,17.215110182834977,-0.33333333,NA,NA
622065,94.17138091148726,101.09258878463402,NA,88.95526491432015,96.94821193293497,NA,NA,NA,96.71791750019426,Alex Young,"<a href=""leaders.aspx?pos=all&stats=pit&lg=all&qual=0&type=strType&season=2023&month=0&season1=2023&ind=1&team=18&rost=0&age=0"">CIN</a>",53.2,3.8571441366069608,4.987960188987154,4.260028515235751,0.12711864,44.2,0.324
622072,90.93688045760815,NA,NA,92.93431370229608,95.12668109802986,93.68425653826705,NA,NA,93.53150431393655,Alex Wood,"<a href=""leaders.aspx?pos=all&stats=pit&lg=all&qual=0&type=strType&season=2023&month=0&season1=2023&ind=1&team=30&rost=0&age=0"">SFG</a>",97.2,4.331058471581622,4.473470520533034,5.137655159006911,0.07459208,37.4,0.335
622075,99.99048939152026,NA,98.4244490977419,96.81866972478993,103.33875512004742,NA,111.23284310727642,NA,106.03888346243264,Yency Almonte,"<a href=""leaders.aspx?pos=all&stats=pit&lg=all&qual=0&type=strType&season=2023&month=0&season1=2023&ind=1&team=22&rost=0&age=0"">LAD</a>",48,5.062500804662832,4.588373904758063,4.547835995850267,0.12019231,31.3,0.314
622088,NA,103.07079046261421,NA,94.10774409964726,101.23601844675181,102.99636165628031,NA,NA,100.8677714021929,Tejay Antone,"<a href=""leaders.aspx?pos=all&stats=pit&lg=all&qual=0&type=strType&season=2023&month=0&season1=2023&ind=1&team=18&rost=0&age=0"">CIN</a>",5.2,1.588235472312868,1.8432754952189656,2.4268114738488045,0.23809524,33.3,0.21
622098,94.89697829401979,98.37830919622591,109.4193775176978,105.43203400103616,111.29108744045838,106.08604066331444,NA,NA,104.01529037614858,Drew Smith,"<a href=""leaders.aspx?pos=all&stats=pit&lg=all&qual=0&type=strType&season=2023&month=0&season1=2023&ind=1&team=25&rost=0&age=0"">NYM</a>",56.1,4.1538468101756,4.5508985524150996,5.2247703182059,0.12704918,39.3,0.341
622103,NA,NA,NA,102.48917466431048,92.96887792762863,100.8863260124535,NA,NA,100.8353313563096,Gerardo Reyes,"<a href=""leaders.aspx?pos=all&stats=pit&lg=all&qual=0&type=strType&season=2023&month=0&season1=2023&ind=1&team=1&rost=0&age=0"">LAA</a>",9.2,7.448276351946887,6.358488839474941,5.892306684815724,0.08163265,38.7,0.388
622110,71.87033178014872,NA,NA,NA,NA,NA,NA,NA,76.02347740687772,Matt Duffy,"<a href=""leaders.aspx?pos=all&stats=pit&lg=all&qual=0&type=strType&season=2023&month=0&season1=2023&ind=1&team=7&rost=0&age=0"">KCR</a>",2,4.5,11.25504035949707,9.715095621347427,0,NA,NA
622250,NA,109.01329556666748,NA,103.8914501428346,NA,112.90978164500001,NA,NA,108.41414250188002,Josh Sborz,"<a href=""leaders.aspx?pos=all&stats=pit&lg=all&qual=0&type=strType&season=2023&month=0&season1=2023&ind=1&team=13&rost=0&age=0"">TEX</a>",52.1,5.5031856493688585,3.7518557306206484,3.1862663782665144,0.22790698,40.8,0.291
622251,NA,104.53667564032204,NA,99.83392609732965,94.49831153063306,106.7798288820655,NA,NA,101.57583006440274,Josh Staumont,"<a href=""leaders.aspx?pos=all&stats=pit&lg=all&qual=0&type=strType&season=2023&month=0&season1=2023&ind=1&team=7&rost=0&age=0"">KCR</a>",20,5.40000051498418,3.7550404071807915,4.5103894700740925,0.12359551,36.7,0.301
622259,NA,87.10086637622356,NA,96.11346318032786,NA,102.02922551830991,NA,NA,98.92216407366806,Trey Wingenter,"<a href=""leaders.aspx?pos=all&stats=pit&lg=all&qual=0&type=strType&season=2023&month=0&season1=2023&ind=1&team=6&rost=0&age=0"">DET</a>",17,5.823530065147183,3.960922791636123,4.18211879122436,0.19736842,43.2,0.327
622491,101.95416614835365,NA,NA,94.14649655518903,91.32208438038474,107.26092265937416,NA,NA,97.72621589323316,Luis Castillo,"<a href=""leaders.aspx?pos=all&stats=pit&lg=all&qual=0&type=strType&season=2023&month=0&season1=2023&ind=1&team=11&rost=0&age=0"">SEA</a>",197,3.33502538071066,3.8083398518828577,3.807006785228168,0.2032419,41.8,0.289
622503,98.46866262203136,100.88817050808261,NA,94.0481470111819,92.58651172884781,92.58609056099876,NA,NA,97.23331320798083,Nabil Crismatt,- - -,13,8.307693526589837,6.255040799654512,4.908392356025549,0.07692308,35.6,0.413
622554,103.08934141539827,NA,NA,105.84003046370508,101.73783466000035,108.98735031378499,NA,NA,105.24021980454971,Seranthony Domínguez,"<a href=""leaders.aspx?pos=all&stats=pit&lg=all&qual=0&type=strType&season=2023&month=0&season1=2023&ind=1&team=26&rost=0&age=0"">PHI</a>",50,3.780000865173538,4.835040721130454,4.899861735469943,0.11607143,31.1,0.318
622608,91.62748271047252,100.71656200151219,NA,88.80777797358738,NA,97.45041658203812,NA,NA,91.80894625384555,Antonio Senzatela,"<a href=""leaders.aspx?pos=all&stats=pit&lg=all&qual=0&type=strType&season=2023&month=0&season1=2023&ind=1&team=19&rost=0&age=0"">COL</a>",7.2,4.695652563315065,8.081127716237553,4.503752934048493,0.06666667,50,0.377
622663,100.11029499588264,NA,104.77261332023392,96.35329717743318,90.93074039558283,106.60139679963358,107.46527350444211,NA,100.00317222678946,Luis Severino,"<a href=""leaders.aspx?pos=all&stats=pit&lg=all&qual=0&type=strType&season=2023&month=0&season1=2023&ind=1&team=9&rost=0&age=0"">NYY</a>",89.1,6.649254109923754,6.143100225423549,4.831928803022993,0.10791367,45,0.39
622766,101.1011563607652,NA,NA,95.09380871416141,93.00514709904056,102.29830404063152,106.53796213309269,NA,98.16340283928193,Miguel Díaz,"<a href=""leaders.aspx?pos=all&stats=pit&lg=all&qual=0&type=strType&season=2023&month=0&season1=2023&ind=1&team=6&rost=0&age=0"">DET</a>",14,0.64285723043949,2.0407544797780335,3.694106458979484,0.2037037,36.4,0.209
622772,97.89321413689804,NA,NA,104.65283047768372,102.2961313423832,108.36546075155161,NA,NA,103.85169546206468,Jimmy Cordero,"<a href=""leaders.aspx?pos=all&stats=pit&lg=all&qual=0&type=strType&season=2023&month=0&season1=2023&ind=1&team=9&rost=0&age=0"">NYY</a>",32.2,3.857143833060553,3.071366843637044,3.2877047069147953,0.18181818,38.4,0.267
622780,100.63270892841985,NA,NA,101.25646658406409,NA,105.95720937204386,NA,NA,102.66872470029242,Angel Perdomo,"<a href=""leaders.aspx?pos=all&stats=pit&lg=all&qual=0&type=strType&season=2023&month=0&season1=2023&ind=1&team=27&rost=0&age=0"">PIT</a>",29,3.7241389107905185,3.013660985649537,3.15114880122374,0.28205128,37.3,0.287
623149,NA,NA,NA,109.3718518163346,108.56406739721251,NA,113.80761211470191,NA,111.22562493665033,Paul Sewald,- - -,60.2,3.1153849418750115,3.5682272055056696,3.7616550737412124,0.2248996,29.9,0.281
623167,108.62401635282679,104.46393109907842,105.25906773940402,93.20583526096092,83.86814859337099,106.53113928153546,110.78914025875403,NA,100.47943916603275,Chris Flexen,- - -,102.1,6.859935066519345,6.2159525035930265,5.124249306092711,0.07725322,41.4,0.392
623211,89.48886692874366,NA,89.87764801792358,64.86880244237122,78.94500388238292,NA,NA,NA,82.94823159036329,Huascar Brazobán,"<a href=""leaders.aspx?pos=all&stats=pit&lg=all&qual=0&type=strType&season=2023&month=0&season1=2023&ind=1&team=20&rost=0&age=0"">MIA</a>",58.2,4.142046442086282,3.9368587038734133,4.097100144255598,0.13229572,28,0.308
623352,96.0947726096399,NA,NA,NA,108.08075891631479,103.84435292432015,NA,NA,106.76503930528699,Josh Hader,"<a href=""leaders.aspx?pos=all&stats=pit&lg=all&qual=0&type=strType&season=2023&month=0&season1=2023&ind=1&team=29&rost=0&age=0"">SDP</a>",56.1,1.2781066242743158,2.686992970930708,3.5208562037115465,0.23809524,28.3,0.239
623354,NA,NA,NA,94.27525218591404,NA,115.45815278331425,NA,NA,107.8928311413856,NA,NA,NA,NA,NA,NA,NA,NA,NA
623381,87.46181613230183,97.26300520766914,102.15623152829964,91.35622325949906,NA,NA,NA,NA,97.88301041825653,Thomas Pannone,"<a href=""leaders.aspx?pos=all&stats=pit&lg=all&qual=0&type=strType&season=2023&month=0&season1=2023&ind=1&team=23&rost=0&age=0"">MIL</a>",2.2,6.750001609325793,1.380039912462128,3.8600681346721117,0.21428571,44.4,0.391
623433,NA,97.65732740555032,NA,89.93439252821406,91.56517269254695,NA,NA,NA,93.778473581442,Nick Anderson,"<a href=""leaders.aspx?pos=all&stats=pit&lg=all&qual=0&type=strType&season=2023&month=0&season1=2023&ind=1&team=16&rost=0&age=0"">ATL</a>",35.1,3.05660388358508,3.085229032631233,3.7595884903934094,0.19148936,41.7,0.279
623437,99.66296051800994,NA,92.36567051379356,NA,94.78570368295705,NA,108.01703780250469,NA,98.62477752495312,Justin Topa,"<a href=""leaders.aspx?pos=all&stats=pit&lg=all&qual=0&type=strType&season=2023&month=0&season1=2023&ind=1&team=11&rost=0&age=0"">SEA</a>",69,2.608695940619863,3.153591072917409,3.550125670235157,0.15412186,36.5,0.269
623451,89.71757479788421,110.11991343544959,98.21588077008363,86.11498941581739,88.26503163687666,103.61692242556543,NA,NA,96.34750239058724,Jackson Stephens,"<a href=""leaders.aspx?pos=all&stats=pit&lg=all&qual=0&type=strType&season=2023&month=0&season1=2023&ind=1&team=16&rost=0&age=0"">ATL</a>",12,3.000000238418598,3.7550403992335033,4.0495002175935,0.11538462,41.7,0.322
623465,NA,NA,99.99543008223289,101.216566448037,99.15882218559383,NA,111.43243050053056,NA,105.1941747094397,Evan Phillips,"<a href=""leaders.aspx?pos=all&stats=pit&lg=all&qual=0&type=strType&season=2023&month=0&season1=2023&ind=1&team=22&rost=0&age=0"">LAD</a>",61.1,2.054347996450341,3.157214264428007,3.3681003656216815,0.22649573,36.8,0.232
623474,97.56164666681055,102.83476405112955,NA,94.23352697556604,96.08927323951195,110.09039117754145,NA,NA,102.96835473046265,Jimmy Herget,"<a href=""leaders.aspx?pos=all&stats=pit&lg=all&qual=0&type=strType&season=2023&month=0&season1=2023&ind=1&team=1&rost=0&age=0"">LAA</a>",29,4.655173026140545,5.634351017302238,5.0619657326221965,0.14173228,38.5,0.367
624133,94.20730089312767,101.31660778531115,99.18226902337891,90.528966106731815,98.41798727942056,100.97561363401816,NA,NA,96.5585014856976,Ranger Suárez,"<a href=""leaders.aspx?pos=all&stats=pit&lg=all&qual=0&type=strType&season=2023&month=0&season1=2023&ind=1&team=26&rost=0&age=0"">PHI</a>",125,4.176000254882828,3.903040399047854,4.0456703933242055,0.13148148,36.1,0.325
624522,99.9219821554854,101.37682554390123,101.85970644859768,100.42627363429602,90.93943463910267,102.18724155165025,108.67217824046378,NA,101.5987182352207,Keegan Thompson,"<a href=""leaders.aspx?pos=all&stats=pit&lg=all&qual=0&type=strType&season=2023&month=0&season1=2023&ind=1&team=17&rost=0&age=0"">CHC</a>",28.2,4.7093027433619605,4.441086976343787,5.437387339625534,0.056,44.3,0.282
624647,91.49603550233422,NA,NA,NA,100.8752366931784,104.89149400273763,NA,NA,101.44651619227334,Victor González,"<a href=""leaders.aspx?pos=all&stats=pit&lg=all&qual=0&type=strType&season=2023&month=0&season1=2023&ind=1&team=22&rost=0&age=0"">LAD</a>",33.2,4.009901981630497,3.403555247705607,3.7607956431947507,0.14814815,29.3,0.276
625643,100.25051597762786,96.84937795308629,NA,101.98063126818766,103.41749573205779,111.342380647637,NA,NA,104.46666041968119,Reynaldo López,- - -,66,3.2727277929133463,3.906555614567783,4.059302169491016,0.17625899,38.4,0.286
628317,NA,93.47216947881266,NA,91.85166407682442,88.90718723380911,98.10755202908936,101.63176892149791,NA,96.69187768242298,Kenta Maeda,"<a href=""leaders.aspx?pos=all&stats=pit&lg=all&qual=0&type=strType&season=2023&month=0&season1=2023&ind=1&team=8&rost=0&age=0"">MIN</a>",104.1,4.226837073581552,4.021813524772636,3.9795363339166556,0.20794393,42.1,0.309
628452,98.697796826453,NA,NA,94.94170155114243,96.0453453022992,107.9593473832697,NA,NA,98.40619799841411,Raisel Iglesias,"<a href=""leaders.aspx?pos=all&stats=pit&lg=all&qual=0&type=strType&season=2023&month=0&season1=2023&ind=1&team=16&rost=0&age=0"">ATL</a>",55.2,2.7485031195773333,3.255040359497071,3.3132628168004987,0.22943723,37.8,0.285
628708,NA,NA,111.27891436229643,97.74572182556555,102.53151858942856,109.29403127386811,NA,NA,105.1198970030632,Yunior Marte,"<a href=""leaders.aspx?pos=all&stats=pit&lg=all&qual=0&type=strType&season=2023&month=0&season1=2023&ind=1&team=26&rost=0&age=0"">PHI</a>",39.1,5.033899444234043,4.678769495240032,4.293024492272327,0.11538462,34.1,0.354
628711,102.11796163976337,NA,105.71605845715688,97.29219392535832,93.03828355267957,NA,NA,NA,104.19908912769704,Julio Urías,"<a href=""leaders.aspx?pos=all&stats=pit&lg=all&qual=0&type=strType&season=2023&month=0&season1=2023&ind=1&team=22&rost=0&age=0"">LAD</a>",117.1,4.6022729267758855,4.686858603382902,4.127336516672884,0.19294606,34.5,0.328
629498,91.9704157139456,NA,NA,101.82624785994183,NA,105.6897086175927,NA,NA,102.07811205823405,Johan Quezada,"<a href=""leaders.aspx?pos=all&stats=pit&lg=all&qual=0&type=strType&season=2023&month=0&season1=2023&ind=1&team=20&rost=0&age=0"">MIA</a>",0.2,40.50004224483605,25.75506382885043,30.71512426444699,-0.625,NA,NA
630023,NA,NA,NA,85.56787095759415,101.49183524237492,97.1331419474793,NA,NA,100.80393015554698,Yonny Chirinos,- - -,85,5.4000003635182345,5.431511094248428,4.9658059437369575,0.07084469,45.6,0.35
640444,98.46117222874365,NA,NA,100.66258530261855,NA,102.21915994243969,109.21448275435048,NA,101.91904920302196,Wil Crowe,"<a href=""leaders.aspx?pos=all&stats=pit&lg=all&qual=0&type=strType&season=2023&month=0&season1=2023&ind=1&team=27&rost=0&age=0"">PIT</a>",9.2,4.655173179227431,5.8412476812900875,5.0095291233455335,0,46.4,0.357
640448,NA,NA,NA,97.18744784705537,92.42485952019116,104.72332983128264,NA,NA,101.85331924537424,Kyle Finnegan,"<a href=""leaders.aspx?pos=all&stats=pit&lg=all&qual=0&type=strType&season=2023&month=0&season1=2023&ind=1&team=24&rost=0&age=0"">WSN</a>",69.1,3.764423353079528,4.581963533762652,3.9979415016629067,0.13541667,47.5,0.32
640451,NA,101.14277100130103,NA,101.00461084412085,NA,107.85131484442977,NA,NA,104.17525758991039,Hunter Harvey,"<a href=""leaders.aspx?pos=all&stats=pit&lg=all&qual=0&type=strType&season=2023&month=0&season1=2023&ind=1&team=24&rost=0&age=0"">WSN</a>",60.2,2.818681791315065,3.2880073979919837,3.341431307639449,0.22978723,41.2,0.252
640454,86.89289764402764,NA,95.54634846424449,105.88927576334878,95.75174358496741,NA,119.4276155227894,NA,99.33025512795321,Matt Krook,"<a href=""leaders.aspx?pos=all&stats=pit&lg=all&qual=0&type=strType&season=2023&month=0&season1=2023&ind=1&team=9&rost=0&age=0"">NYY</a>",4,24.75000590086124,9.505041849613544,8.321731259927965,-0.11111111,27.8,0.471
640455,96.58494460819058,NA,83.64033168348942,94.80364359135054,95.72207373899379,99.86061141485308,99.27341744612045,NA,96.73135238560603,Sean Manaea,"<a href=""leaders.aspx?pos=all&stats=pit&lg=all&qual=0&type=strType&season=2023&month=0&season1=2023&ind=1&team=30&rost=0&age=0"">SFG</a>",117.2,4.4362610067533765,3.900932766610589,4.012226036567369,0.17234469,36.4,0.306
640462,109.43922000624565,NA,NA,100.61955555774163,101.47028458365683,115.84554841014504,114.24272851567255,NA,106.3560188416509,A.J. Puk,"<a href=""leaders.aspx?pos=all&stats=pit&lg=all&qual=0&type=strType&season=2023&month=0&season1=2023&ind=1&team=20&rost=0&age=0"">MIA</a>",56.2,3.9705889480750494,3.590334537334519,3.017647731288382,0.26859504,32.2,0.3
640470,101.60271238068339,NA,100.07742971010438,95.82420506070589,94.03518021656922,108.17954444901737,108.62220997781807,NA,102.10596073186082,Adbert Alzolay,"<a href=""leaders.aspx?pos=all&stats=pit&lg=all&qual=0&type=strType&season=2023&month=0&season1=2023&ind=1&team=17&rost=0&age=0"">CHC</a>",64,2.6718753185123587,3.0206653315573897,3.555057664590157,0.21343874,36.9,0.269
641149,107.1766468422208,109.03178527255143,NA,96.97893480185593,98.73232069431096,102.45978720106541,NA,NA,101.98197591289511,Wes Parsons,"<a href=""leaders.aspx?pos=all&stats=pit&lg=all&qual=0&type=strType&season=2023&month=0&season1=2023&ind=1&team=14&rost=0&age=0"">TOR</a>",4,20.25,11.25504035949707,7.648405928909779,0,36.8,0.548
641154,102.07844575846855,105.80606168395163,NA,99.80727797266944,96.40215734475571,NA,109.7422095262403,NA,102.69561549652963,Pablo López,"<a href=""leaders.aspx?pos=all&stats=pit&lg=all&qual=0&type=strType&season=2023&month=0&season1=2023&ind=1&team=8&rost=0&age=0"">MIN</a>",194,3.6649484536082473,3.3323599471259366,3.283717529460327,0.23220974,34.8,0.294
641302,92.82178458873737,NA,96.38609129177667,100.68054021981197,90.94924063569076,96.10650217438922,NA,NA,96.3091382520904,Tyler Alexander,"<a href=""leaders.aspx?pos=all&stats=pit&lg=all&qual=0&type=strType&season=2023&month=0&season1=2023&ind=1&team=6&rost=0&age=0"">DET</a>",44,4.500000390139527,4.095949523311022,4.137188441722877,0.21546961,40.3,0.313
641329,109.72967135202357,NA,NA,101.96712788332005,NA,111.95301211136372,NA,NA,106.00491872133476,Bryan Baker,"<a href=""leaders.aspx?pos=all&stats=pit&lg=all&qual=0&type=strType&season=2023&month=0&season1=2023&ind=1&team=2&rost=0&age=0"">BAL</a>",45,3.6000009155275765,3.8105960563377455,4.602321656780784,0.14516129,36.4,0.287
641360,99.51320661309258,NA,NA,107.20073366218008,102.17881477180909,101.62596972771685,NA,NA,105.5841199637744,Phil Bickford,- - -,67.1,4.9455453483116125,4.458010849626922,5.049717913820186,0.12171053,42.2,0.319
641386,113.4171763801662,NA,NA,96.94903008551321,NA,103.62406690045685,NA,NA,100.84684851201769,NA,NA,NA,NA,NA,NA,NA,NA,NA
641401,106.05722541532515,NA,103.56092577766425,98.9459405613394,NA,NA,NA,NA,103.01218865539127,Connor Brogdon,"<a href=""leaders.aspx?pos=all&stats=pit&lg=all&qual=0&type=strType&season=2023&month=0&season1=2023&ind=1&team=26&rost=0&age=0"">PHI</a>",29,4.034483562964623,5.151592461745398,5.133686196246325,0.10236221,32.2,0.345
641409,NA,94.30937476601935,NA,92.3400014413113,93.50746037475147,NA,NA,NA,93.84883618722864,NA,NA,NA,NA,NA,NA,NA,NA,NA
641420,97.09704702192677,NA,NA,103.40105532728751,NA,102.33144167854883,NA,NA,102.6233892915932,Zack Burdi,"<a href=""leaders.aspx?pos=all&stats=pit&lg=all&qual=0&type=strType&season=2023&month=0&season1=2023&ind=1&team=12&rost=0&age=0"">TBR</a>",4,11.25,2.2550403594970705,4.321730051934719,0.15,69.2,0.405
641427,NA,105.3875972442747,99.72078434918198,89.88302974451982,91.83727920210556,105.3531630928179,107.88397183459684,NA,97.39603913226816,Alan Busenitz,"<a href=""leaders.aspx?pos=all&stats=pit&lg=all&qual=0&type=strType&season=2023&month=0&season1=2023&ind=1&team=18&rost=0&age=0"">CIN</a>",7,2.57142892175796,2.2550402232578644,4.144585342345236,0.13793104,52.2,0.278
641447,87.03146505841038,NA,92.93168116262407,77.4122205665543,83.65806308630752,98.02834888669332,NA,NA,91.01278923605875,Daniel Castano,"<a href=""leaders.aspx?pos=all&stats=pit&lg=all&qual=0&type=strType&season=2023&month=0&season1=2023&ind=1&team=20&rost=0&age=0"">MIA</a>",3,21,12.255040359497071,6.343959949413936,0.05,46.2,0.56
641464,NA,NA,NA,NA,103.80359094279875,NA,108.00608418151943,NA,105.2044220223723,NA,NA,NA,NA,NA,NA,NA,NA,NA
641482,97.39241552380207,NA,101.39017568480237,101.53125545464772,92.77729694614072,98.67070748257972,104.15328998004868,NA,101.60753434723478,Nestor Cortes,"<a href=""leaders.aspx?pos=all&stats=pit&lg=all&qual=0&type=strType&season=2023&month=0&season1=2023&ind=1&team=9&rost=0&age=0"">NYY</a>",63.1,4.973684310384736,4.486619331592339,4.839280002804599,0.17669173,41.5,0.323
641501,89.63127225802602,NA,NA,81.41094679832165,89.51338212122374,99.85077583549092,104.17515494217281,NA,95.81466815330167,NA,NA,NA,NA,NA,NA,NA,NA,NA
641540,91.26974358516735,100.80654370973846,96.88509204754793,91.08817377120148,90.83738978747058,99.2584455542461,NA,101.19560334738121,94.56168137356195,Dane Dunning,"<a href=""leaders.aspx?pos=all&stats=pit&lg=all&qual=0&type=strType&season=2023&month=0&season1=2023&ind=1&team=13&rost=0&age=0"">TEX</a>",172.2,3.7007722552792504,4.26855388793818,4.390579747871662,0.11772853,40.2,0.31
641585,100.19231207304254,106.88828289832466,100.3811472941811,99.41821866816527,95.97415304914654,NA,104.5373192611584,NA,101.14227638157892,J.P. France,"<a href=""leaders.aspx?pos=all&stats=pit&lg=all&qual=0&type=strType&season=2023&month=0&season1=2023&ind=1&team=21&rost=0&age=0"">HOU</a>",136.1,3.8288508646735373,4.663353321216073,4.80410857131911,0.0929432,38.7,0.319
641627,93.18361139299063,92.0675463739551,98.74678285338535,95.24081493085181,89.5656764568178,NA,NA,NA,94.77456492910797,Trevor Gott,- - -,58,4.189655861304688,3.20331621306121,4.159658853184518,0.16475096,36.4,0.309
641656,NA,NA,NA,98.3490537509875,95.77400434094159,101.87132794421149,NA,NA,99.57181471291793,Ian Hamilton,"<a href=""leaders.aspx?pos=all&stats=pit&lg=all&qual=0&type=strType&season=2023&month=0&season1=2023&ind=1&team=9&rost=0&age=0"">NYY</a>",58,2.637931381479642,2.824005820039613,3.2594180216669435,0.17991632,36.9,0.275
641672,84.29508909860049,NA,103.41427799536936,103.02655815691892,79.55723110409936,NA,NA,NA,92.04021825220661,Thomas Hatch,- - -,28.2,4.081395846692399,3.708528786907337,4.474128910455305,0.10852713,46.1,0.341
641682,110.47590265895884,NA,NA,NA,92.82740062088386,104.15017559390404,NA,NA,99.28792907749828,NA,NA,NA,NA,NA,NA,NA,NA,NA
641703,102.9180549728398,NA,NA,90.95122493718829,92.69156375107067,99.71303873902421,109.25176357079592,NA,98.1005394510737,Brent Honeywell,- - -,52.1,4.815287267699028,5.624467427729925,4.783211733245669,0.09401709,47.8,0.347
641712,94.55146699256304,97.56585240462944,NA,89.64630550775536,89.79833247992654,99.44364152175639,NA,NA,93.302444572938,Dakota Hudson,"<a href=""leaders.aspx?pos=all&stats=pit&lg=all&qual=0&type=strType&season=2023&month=0&season1=2023&ind=1&team=28&rost=0&age=0"">STL</a>",81.1,4.97950827457097,5.062417436933941,5.107843806968219,0.03107345,45.4,0.35
641729,100.29604977062358,NA,NA,106.5281528651089,NA,101.87998218258997,NA,NA,104.72411699898514,Joe Jiménez,"<a href=""leaders.aspx?pos=all&stats=pit&lg=all&qual=0&type=strType&season=2023&month=0&season1=2023&ind=1&team=16&rost=0&age=0"">ATL</a>",56.1,3.0355034382052466,3.5923185192976534,3.5992056422283123,0.24789916,45,0.302
641743,98.27629333143119,NA,NA,97.47643262973115,NA,104.6343105931156,107.04325500522937,NA,100.91905691477879,Anthony Kay,- - -,14.2,6.1363647003806205,5.777768069653547,6.03415435759397,0.03030303,40.9,0.352
641745,93.83046313061011,104.38950400500474,NA,98.02900951432157,89.61415497971316,102.15138068048687,112.30788569589708,NA,99.08950557338981,Brad Keller,"<a href=""leaders.aspx?pos=all&stats=pit&lg=all&qual=0&type=strType&season=2023&month=0&season1=2023&ind=1&team=7&rost=0&age=0"">KCR</a>",45.1,4.566176982899496,5.924158306022862,6.413291042434896,-0.06635071,36.4,0.364
641755,97.17689746417415,NA,NA,92.40831657670792,104.59028659753568,102.92513631340914,NA,NA,98.8590783570253,Tyler Kinley,"<a href=""leaders.aspx?pos=all&stats=pit&lg=all&qual=0&type=strType&season=2023&month=0&season1=2023&ind=1&team=19&rost=0&age=0"">COL</a>",16.1,6.061225669476581,4.846877404006071,5.2934396813644335,0.14473684,32.7,0.377
641771,98.24455162023195,NA,105.23196142262769,95.70743722837095,93.33540880264533,103.40198561284453,98.10389877309753,99.57940802505921,99.32676318168772,Chad Kuhl,"<a href=""leaders.aspx?pos=all&stats=pit&lg=all&qual=0&type=strType&season=2023&month=0&season1=2023&ind=1&team=24&rost=0&age=0"">WSN</a>",38.1,8.452174613967117,6.77677978198337,6.349674780286659,0.01604278,50.4,0.412
641778,92.72925884068283,91.72963947446878,94.22759220056349,94.73522205645428,101.22364900090295,99.66739454599737,NA,NA,94.55848966594208,Eric Lauer,"<a href=""leaders.aspx?pos=all&stats=pit&lg=all&qual=0&type=strType&season=2023&month=0&season1=2023&ind=1&team=23&rost=0&age=0"">MIL</a>",46.2,6.557143080477819,7.412183358231374,5.576783934124659,0.09004739,45.1,0.411
641793,NA,NA,NA,90.22157403400455,91.63863374035988,99.75053426872726,100.6513133242767,NA,97.66490879742808,Zack Littell,- - -,90,4.100000304116166,4.021707083030988,4.1463219942805125,0.16358839,41.9,0.308
641816,NA,NA,98.85045693407994,106.01836775778273,NA,102.46019396770909,NA,NA,102.75184399905635,Tyler Mahle,"<a href=""leaders.aspx?pos=all&stats=pit&lg=all&qual=0&type=strType&season=2023&month=0&season1=2023&ind=1&team=8&rost=0&age=0"">MIN</a>",25.2,3.1558442340168207,4.190105317724276,3.6545431371509944,0.2254902,39.1,0.294
641835,NA,NA,NA,NA,102.8228926548213,107.2657153353994,NA,NA,103.86030302693598,Tim Mayza,"<a href=""leaders.aspx?pos=all&stats=pit&lg=all&qual=0&type=strType&season=2023&month=0&season1=2023&ind=1&team=14&rost=0&age=0"">TOR</a>",53.1,1.5187505793573681,2.5987901091574668,2.9792999251342547,0.17674419,39.5,0.279
641871,102.8102915499337,NA,NA,100.10764722055123,NA,103.20912989809162,NA,NA,102.22289373098641,Keynan Middleton,- - -,50.2,3.37500042350674,4.202408899428787,3.259263247546132,0.19339623,31.5,0.296
641927,105.26563615293081,98.30711620130485,NA,93.54851724824847,NA,98.28921077992186,97.55442382927357,NA,97.89750868731157,Bailey Ober,"<a href=""leaders.aspx?pos=all&stats=pit&lg=all&qual=0&type=strType&season=2023&month=0&season1=2023&ind=1&team=8&rost=0&age=0"">MIN</a>",144.1,3.4295613217804912,3.961737843985172,4.2025016418436785,0.20277296,35.7,0.294
641941,NA,106.03640425854316,105.62195492031637,105.88136320897159,NA,NA,NA,NA,105.27480023627719,Emilio Pagán,"<a href=""leaders.aspx?pos=all&stats=pit&lg=all&qual=0&type=strType&season=2023&month=0&season1=2023&ind=1&team=8&rost=0&age=0"">MIN</a>",69.1,2.985577470628568,3.269463439065324,4.573527113873088,0.16117216,45.2,0.241
641974,98.28991883740449,96.68746393730643,98.22734907999023,92.99552696806913,78.97790989382503,91.42127635639018,NA,NA,95.98535824764079,NA,NA,NA,NA,NA,NA,NA,NA,NA
641995,94.81184809336783,NA,NA,96.9971347228443,NA,98.86519915068844,NA,NA,97.37701323996163,NA,NA,NA,NA,NA,NA,NA,NA,NA
642028,92.8422863271918,NA,NA,91.39051598767128,93.92484383461648,NA,97.24190865516198,NA,94.17216003685819,NA,NA,NA,NA,NA,NA,NA,NA,NA
642048,96.99056903615372,96.71958717469737,NA,90.67804801705026,97.77363553395551,98.5148417248653,101.72393522490468,NA,97.9317652852724,Tayler Saucedo,"<a href=""leaders.aspx?pos=all&stats=pit&lg=all&qual=0&type=strType&season=2023&month=0&season1=2023&ind=1&team=11&rost=0&age=0"">SEA</a>",47.2,3.58741335300117,3.821474046813045,4.143162098305346,0.09661836,31.9,0.298
642100,94.84223099663186,NA,NA,96.46386097318437,97.79554311084755,99.12672474956821,NA,NA,97.83948693144706,Gabe Speier,"<a href=""leaders.aspx?pos=all&stats=pit&lg=all&qual=0&type=strType&season=2023&month=0&season1=2023&ind=1&team=11&rost=0&age=0"">SEA</a>",54.2,3.7865868631683135,3.3465038102982376,2.7101735519871895,0.24537037,42,0.278
642121,105.7290212783207,NA,NA,98.66388530223333,NA,107.02320923146095,NA,NA,103.23822871710557,Cole Sulser,"<a href=""leaders.aspx?pos=all&stats=pit&lg=all&qual=0&type=strType&season=2023&month=0&season1=2023&ind=1&team=15&rost=0&age=0"">ARI</a>",5.1,6.750000402331376,8.317540661245602,5.302561204732707,0.04347826,50,0.396
642130,NA,NA,NA,112.1351581876799,NA,99.88187275579024,NA,NA,104.98740835241094,NA,NA,NA,NA,NA,NA,NA,NA,NA
642207,123.31809936867617,NA,98.41233182188839,108.27982695425958,NA,NA,NA,NA,116.34507579844765,Devin Williams,"<a href=""leaders.aspx?pos=all&stats=pit&lg=all&qual=0&type=strType&season=2023&month=0&season1=2023&ind=1&team=23&rost=0&age=0"">MIL</a>",58.2,1.5340909755919618,2.658449424544641,2.786642551843782,0.25541126,29.6,0.214
642216,93.41046826149443,NA,NA,90.60774935130442,95.92716465558851,92.73842926839333,NA,NA,93.24777480381036,Allan Winans,"<a href=""leaders.aspx?pos=all&stats=pit&lg=all&qual=0&type=strType&season=2023&month=0&season1=2023&ind=1&team=16&rost=0&age=0"">ATL</a>",32.1,5.2886600018003795,4.090091938728709,3.971762497873784,0.18439716,39.2,0.344
642231,95.10558276995586,NA,NA,NA,98.92520517646383,NA,99.26458205130677,NA,98.75891494364247,Jimmy Yacabonis,"<a href=""leaders.aspx?pos=all&stats=pit&lg=all&qual=0&type=strType&season=2023&month=0&season1=2023&ind=1&team=25&rost=0&age=0"">NYM</a>",13.2,6.5853666195481715,5.084308864927118,5.238478137770837,0.08064516,40.9,0.338
642232,88.9891363221384,NA,88.31022384426312,86.13677174670869,82.43212455124315,NA,107.82012794220458,NA,92.75237772941382,Ryan Yarbrough,- - -,89.2,4.516728848716863,4.381434467448684,4.6540235725637356,0.14058355,29.2,0.317
642239,101.80496799282588,NA,98.76646675543276,98.85085960874099,100.77989021510888,NA,102.68145485806185,NA,100.3132994159834,Rob Zastryzny,"<a href=""leaders.aspx?pos=all&stats=pit&lg=all&qual=0&type=strType&season=2023&month=0&season1=2023&ind=1&team=27&rost=0&age=0"">PIT</a>",20.2,4.790324496429765,4.31955691425924,5.850549334125878,0.02061856,39.1,0.349
642397,97.19531665124194,NA,NA,105.42701226255437,106.60342348015102,110.5383429003928,NA,NA,107.85519927817683,Gregory Soto,"<a href=""leaders.aspx?pos=all&stats=pit&lg=all&qual=0&type=strType&season=2023&month=0&season1=2023&ind=1&team=26&rost=0&age=0"">PHI</a>",60.1,4.624310366869841,3.586532142068385,3.828317246416395,0.172,34.8,0.274
642528,100.45444233075408,113.56166591364352,NA,110.19688466970639,105.41825306195672,NA,NA,NA,106.29174032252446,Jonathan Loáisiga,"<a href=""leaders.aspx?pos=all&stats=pit&lg=all&qual=0&type=strType&season=2023&month=0&season1=2023&ind=1&team=9&rost=0&age=0"">NYY</a>",17.2,3.056604543586292,4.556927479913455,5.050534406125171,0.07246377,30,0.241
642545,101.10783410648921,NA,NA,96.33315928286149,90.28434178694269,102.08616022994677,NA,NA,99.61028776534067,Jaime Barria,"<a href=""leaders.aspx?pos=all&stats=pit&lg=all&qual=0&type=strType&season=2023&month=0&season1=2023&ind=1&team=1&rost=0&age=0"">LAA</a>",82.1,5.6842108774662945,6.0728542987538665,5.324702962746414,0.08839779,34,0.357
642546,104.87668369855996,NA,NA,NA,101.51297679355521,108.65549989679205,NA,NA,104.91302619083953,Jonathan Hernández,"<a href=""leaders.aspx?pos=all&stats=pit&lg=all&qual=0&type=strType&season=2023&month=0&season1=2023&ind=1&team=13&rost=0&age=0"">TEX</a>",31.2,5.400001409430621,4.549777539535992,4.63063886212611,0.1292517,40.4,0.348
642547,95.60257672972426,104.29252094688229,NA,108.10566637783275,NA,105.0065916978362,NA,NA,105.19188120396258,Freddy Peralta,"<a href=""leaders.aspx?pos=all&stats=pit&lg=all&qual=0&type=strType&season=2023&month=0&season1=2023&ind=1&team=23&rost=0&age=0"">MIL</a>",165.2,3.857143093985243,3.8465896915949642,3.4231066724723918,0.22941177,37.7,0.291
642563,109.86780290871651,NA,NA,91.51024368554576,NA,103.35527427416784,NA,NA,102.02214878564949,NA,NA,NA,NA,NA,NA,NA,NA,NA
642578,95.19880253841146,NA,NA,99.70166507772416,97.45404310278646,101.75295934977214,NA,NA,98.20334404463992,José Rodríguez,"<a href=""leaders.aspx?pos=all&stats=pit&lg=all&qual=0&type=strType&season=2023&month=0&season1=2023&ind=1&team=11&rost=0&age=0"">SEA</a>",3,9,3.5883736928304044,4.690608195463817,0,60,0.339
642585,NA,NA,NA,NA,117.60356917413753,114.18663981777462,NA,NA,119.10523081659197,Félix Bautista,"<a href=""leaders.aspx?pos=all&stats=pit&lg=all&qual=0&type=strType&season=2023&month=0&season1=2023&ind=1&team=2&rost=0&age=0"">BAL</a>",61,1.4754099283318396,1.8779910930540202,2.299426077370454,0.35443038,34.3,0.218
642701,96.96148492383678,NA,104.31452068044577,103.97646301023339,100.6668762600206,103.07261487344226,NA,NA,101.82620222208126,Dennis Santana,"<a href=""leaders.aspx?pos=all&stats=pit&lg=all&qual=0&type=strType&season=2023&month=0&season1=2023&ind=1&team=25&rost=0&age=0"">NYM</a>",10.2,5.9062508800999645,5.692540722712929,5.7350683599752195,0.1,36.7,0.355
642758,98.64451128590409,NA,NA,88.24807824426357,NA,91.96196206622741,NA,NA,91.72377121730803,Domingo Acevedo,"<a href=""leaders.aspx?pos=all&stats=pit&lg=all&qual=0&type=strType&season=2023&month=0&season1=2023&ind=1&team=10&rost=0&age=0"">OAK</a>",9.1,10.607144302251584,5.505040666035285,5.376498824514112,0.10638298,32.4,0.456
642770,NA,NA,NA,102.05364857095573,95.90340966367407,107.98064731205199,114.42378341330625,NA,102.96603181968469,Javy Guerra,- - -,19.1,6.051724834476238,6.87573043140593,7.4978213827070235,-0.08247423,39,0.347
643239,NA,NA,NA,129.85558535587762,NA,100.39078478829786,NA,NA,105.3015848828945,NA,NA,NA,NA,NA,NA,NA,NA,NA
643256,NA,NA,NA,105.9299151906835,105.0424461006769,95.42007838942538,NA,NA,102.58735178509694,Adam Cimber,"<a href=""leaders.aspx?pos=all&stats=pit&lg=all&qual=0&type=strType&season=2023&month=0&season1=2023&ind=1&team=14&rost=0&age=0"">TOR</a>",20.2,7.40322740070564,7.464718685388513,5.370543403753045,0.05263158,47.2,0.393
643316,86.62351380273286,NA,NA,92.5952488892448,NA,101.29618701410213,NA,NA,95.33970284152852,NA,NA,NA,NA,NA,NA,NA,NA,NA
643338,93.56469427118778,NA,NA,105.03435814084791,NA,103.48749137647752,NA,NA,104.31491443459232,Chad Green,"<a href=""leaders.aspx?pos=all&stats=pit&lg=all&qual=0&type=strType&season=2023&month=0&season1=2023&ind=1&team=14&rost=0&age=0"">TOR</a>",12,5.250001251697839,2.6717068870861995,3.2417254436059997,0.23076923,43.8,0.305
643361,97.17725326253169,86.77942913435412,94.11653323127578,87.13491917458137,NA,97.02220090270649,95.1483647927823,NA,92.01552769636426,Kevin Herget,"<a href=""leaders.aspx?pos=all&stats=pit&lg=all&qual=0&type=strType&season=2023&month=0&season1=2023&ind=1&team=18&rost=0&age=0"">CIN</a>",24.1,5.178082462367357,5.309834987420625,5.618903351881105,0.06666667,44,0.346
643377,106.0977824917883,119.99748279244837,103.01769135957092,101.26903184878881,97.23306231330498,NA,120.57217985290927,NA,111.34700115672455,Griffin Jax,"<a href=""leaders.aspx?pos=all&stats=pit&lg=all&qual=0&type=strType&season=2023&month=0&season1=2023&ind=1&team=8&rost=0&age=0"">MIN</a>",65.1,3.8571431574251727,3.2244281122159184,3.570769613046637,0.17883212,33.3,0.283
643400,93.64260820196893,97.31121645924748,98.26816946252596,91.77851889798666,NA,NA,NA,NA,95.43150918929344,NA,NA,NA,NA,NA,NA,NA,NA,NA
643410,NA,97.31809608429349,96.58023406386333,92.28689821534364,90.65176739710316,NA,NA,NA,97.94858726900858,Mark Leiter Jr.,"<a href=""leaders.aspx?pos=all&stats=pit&lg=all&qual=0&type=strType&season=2023&month=0&season1=2023&ind=1&team=17&rost=0&age=0"">CHC</a>",64.1,3.497410017697432,3.7679938287593604,3.664174214220315,0.19702602,39.4,0.293
643493,93.05064437261034,105.11733978610764,NA,92.71103572935121,88.39789446898452,106.60185055339764,115.83916200758279,NA,99.10284684246506,Austin Pruitt,"<a href=""leaders.aspx?pos=all&stats=pit&lg=all&qual=0&type=strType&season=2023&month=0&season1=2023&ind=1&team=10&rost=0&age=0"">OAK</a>",48.1,2.979311011061664,4.1653853906548015,5.044031049346486,0.09183674,30.7,0.288
643511,NA,NA,NA,111.84460737010681,105.42837491253928,111.3926265250331,NA,NA,108.40682394901475,Tyler Rogers,"<a href=""leaders.aspx?pos=all&stats=pit&lg=all&qual=0&type=strType&season=2023&month=0&season1=2023&ind=1&team=30&rost=0&age=0"">SFG</a>",74,3.040540854020078,3.755040411047039,4.1339772917966,0.13268608,27.6,0.284
645261,102.27583678424519,107.41326007807538,NA,98.65732590930565,102.27299984239781,107.5831350391065,NA,NA,102.65480945501977,Sandy Alcantara,"<a href=""leaders.aspx?pos=all&stats=pit&lg=all&qual=0&type=strType&season=2023&month=0&season1=2023&ind=1&team=20&rost=0&age=0"">MIA</a>",184.2,4.142599506177083,4.02940863320076,4.0027107878935535,0.1351706,40.6,0.301
645801,NA,NA,NA,NA,NA,23.740426075156847,NA,NA,55.60740720413441,Mike Ford,"<a href=""leaders.aspx?pos=all&stats=pit&lg=all&qual=0&type=strType&season=2023&month=0&season1=2023&ind=1&team=11&rost=0&age=0"">SEA</a>",2,18,17.75504035949707,10.541771498322486,-0.08333333,NA,NA
646241,101.73292128937351,NA,NA,95.86679685747585,95.3752454808274,96.181193745351,NA,NA,97.46126449075248,Enmanuel De Jesus,"<a href=""leaders.aspx?pos=all&stats=pit&lg=all&qual=0&type=strType&season=2023&month=0&season1=2023&ind=1&team=20&rost=0&age=0"">MIA</a>",6.1,11.368421623251143,4.991882551938218,6.297160317941463,0.02941177,50,0.411
646242,90.24762060142572,96.5794439783348,NA,89.87872821680034,93.44188297628287,107.31775512673809,NA,NA,96.29602254588643,Jhonathan Díaz,"<a href=""leaders.aspx?pos=all&stats=pit&lg=all&qual=0&type=strType&season=2023&month=0&season1=2023&ind=1&team=1&rost=0&age=0"">LAA</a>",7,10.28571568703184,5.969326443574916,8.567450982320052,-0.07142857,34.5,0.467
647315,NA,NA,NA,NA,99.79804327941804,104.81926181817279,NA,NA,101.75652685884936,Zach Pop,"<a href=""leaders.aspx?pos=all&stats=pit&lg=all&qual=0&type=strType&season=2023&month=0&season1=2023&ind=1&team=14&rost=0&age=0"">TOR</a>",13.2,6.585368457684023,6.328212306416281,3.975056818410357,0.14285714,44.4,0.334
647336,105.4559653721626,NA,NA,93.96937236126153,91.53535599419362,100.77161296301402,NA,NA,97.2859196913394,Michael Soroka,"<a href=""leaders.aspx?pos=all&stats=pit&lg=all&qual=0&type=strType&season=2023&month=0&season1=2023&ind=1&team=16&rost=0&age=0"">ATL</a>",32.1,6.402062107442565,6.564318840155789,4.684338136355323,0.11724138,34,0.389
650496,NA,NA,NA,89.65082862344792,97.19694318777304,105.98700333298798,NA,NA,100.78437474143297,J.C. Mejía,"<a href=""leaders.aspx?pos=all&stats=pit&lg=all&qual=0&type=strType&season=2023&month=0&season1=2023&ind=1&team=23&rost=0&age=0"">MIL</a>",11.1,5.55882368533257,4.313863918608036,3.040934083872507,0.2,45.5,0.373
650556,NA,100.74746738191558,NA,106.59857090303989,103.28748112210071,116.25918978817653,NA,NA,112.06363876934604,Bryan Abreu,"<a href=""leaders.aspx?pos=all&stats=pit&lg=all&qual=0&type=strType&season=2023&month=0&season1=2023&ind=1&team=21&rost=0&age=0"">HOU</a>",72,1.7500001854366922,2.977262552284897,3.294685599683549,0.24041812,34,0.255
650633,97.50382761960864,NA,NA,99.77941530551554,97.42204023458525,NA,114.57179574104632,NA,102.97262383365539,Michael King,"<a href=""leaders.aspx?pos=all&stats=pit&lg=all&qual=0&type=strType&season=2023&month=0&season1=2023&ind=1&team=9&rost=0&age=0"">NYY</a>",104.2,2.751592724399445,3.1308365212429288,3.373655644819456,0.22041763,33.3,0.281
650644,NA,107.43262669589484,102.30075601266726,90.20570775181646,90.95702161273545,106.58157272113601,106.93298945320537,NA,99.7984648541292,Aaron Civale,- - -,122.1,3.457765703515884,3.565667065723084,4.1014910633578365,0.16468254,36.4,0.288
650671,98.9023074267056,NA,NA,99.15428134950724,87.16493092140728,99.46160653459378,NA,NA,99.08443356593084,José Quijada,"<a href=""leaders.aspx?pos=all&stats=pit&lg=all&qual=0&type=strType&season=2023&month=0&season1=2023&ind=1&team=1&rost=0&age=0"">LAA</a>",9,6.000000635782945,3.143929236612201,5.164692705567926,0.12195122,50,0.267
650893,101.28949571982126,99.36516609521638,105.84132314414086,100.61333388675955,97.5892795294175,NA,NA,NA,101.62052316906262,Génesis Cabrera,- - -,55.2,4.041917460249586,4.440669481170282,4.562368337717552,0.14225941,47.7,0.311
650895,82.41633635385718,NA,NA,78.57686872431914,87.89812157404286,99.32647329999232,NA,NA,92.93008919174757,Diego Castillo,"<a href=""leaders.aspx?pos=all&stats=pit&lg=all&qual=0&type=strType&season=2023&month=0&season1=2023&ind=1&team=11&rost=0&age=0"">SEA</a>",8.2,6.230769687855771,7.408886818067584,6.507371670407979,0,34.6,0.351
650911,103.21652840603997,NA,NA,86.3234825304325,103.87869028873149,98.15261194367906,NA,NA,102.45113161104172,Cristopher Sánchez,"<a href=""leaders.aspx?pos=all&stats=pit&lg=all&qual=0&type=strType&season=2023&month=0&season1=2023&ind=1&team=26&rost=0&age=0"">PHI</a>",99.1,3.44295319642717,3.989939725985911,3.094382562187615,0.2020202,40.2,0.296
650960,91.99307907859985,NA,107.31635625975167,97.5397717049991,97.40734768687985,116.96570507897957,NA,NA,102.76439268814761,Daniel Duarte,"<a href=""leaders.aspx?pos=all&stats=pit&lg=all&qual=0&type=strType&season=2023&month=0&season1=2023&ind=1&team=18&rost=0&age=0"">CIN</a>",31.2,3.69473780645253,5.844514719574912,5.619271862519606,0.02205882,32.6,0.31
656061,104.04428400789268,NA,NA,95.8901881954607,100.08274340868121,107.22375228244069,NA,NA,102.21167481887201,Albert Abreu,"<a href=""leaders.aspx?pos=all&stats=pit&lg=all&qual=0&type=strType&season=2023&month=0&season1=2023&ind=1&team=9&rost=0&age=0"">NYY</a>",59,4.728814170813372,5.255040618120647,4.981387311394346,0.09701493,41.8,0.332
656222,105.44520727488712,NA,102.76211047667027,92.09216644084393,NA,98.82506511944638,NA,NA,99.0842109656729,Jalen Beeks,"<a href=""leaders.aspx?pos=all&stats=pit&lg=all&qual=0&type=strType&season=2023&month=0&season1=2023&ind=1&team=12&rost=0&age=0"">TBR</a>",42.1,5.952756620723289,3.821969561470717,4.429234180156461,0.13541667,35,0.317
656232,93.85729902359998,86.79966389183411,NA,90.55536023822566,88.79764830464708,NA,99.14671598888457,NA,91.6197670326556,Brandon Bielak,"<a href=""leaders.aspx?pos=all&stats=pit&lg=all&qual=0&type=strType&season=2023&month=0&season1=2023&ind=1&team=21&rost=0&age=0"">HOU</a>",80,3.8250001367926645,5.192540428787473,4.895892172128624,0.07365439,48.4,0.357
656234,94.41030245985317,104.19269255498122,99.2667020440023,NA,88.90241677901098,105.66462635488948,NA,NA,94.44108759548268,Jake Bird,"<a href=""leaders.aspx?pos=all&stats=pit&lg=all&qual=0&type=strType&season=2023&month=0&season1=2023&ind=1&team=19&rost=0&age=0"">COL</a>",89.1,4.332090168866139,3.5460851770436324,4.00550307397881,0.1312336,43.7,0.32
656257,NA,NA,94.15146382770932,102.59300438852728,NA,NA,110.64759717585149,NA,104.35129962848089,Jeff Brigham,"<a href=""leaders.aspx?pos=all&stats=pit&lg=all&qual=0&type=strType&season=2023&month=0&season1=2023&ind=1&team=25&rost=0&age=0"">NYM</a>",37.2,5.256638055419594,5.963005418349589,4.875948084819883,0.15,34.7,0.317
656259,106.49102472833128,NA,NA,99.90251429693951,NA,100.2146147596087,NA,NA,101.12692574658519,NA,NA,NA,NA,NA,NA,NA,NA,NA
656266,92.50588626866458,NA,NA,NA,90.59375926900464,104.44489108658783,NA,NA,96.71571936255955,J.B. Bukauskas,- - -,7,1.2857142857142858,2.969326073782785,2.969326073782785,0.13333333,36.8,0.268
656271,104.42760898817036,NA,NA,96.38949613988517,102.06771632969354,102.33204017564209,NA,NA,98.69344406981497,Brock Burke,"<a href=""leaders.aspx?pos=all&stats=pit&lg=all&qual=0&type=strType&season=2023&month=0&season1=2023&ind=1&team=13&rost=0&age=0"">TEX</a>",59.2,4.374302421749251,4.897498740077249,4.115622011116033,0.172,40.1,0.322
656288,102.05517005313519,NA,NA,91.51276146015742,92.74886093423265,109.7417477286539,NA,100.89972995568202,100.30989373054527,Griffin Canning,"<a href=""leaders.aspx?pos=all&stats=pit&lg=all&qual=0&type=strType&season=2023&month=0&season1=2023&ind=1&team=1&rost=0&age=0"">LAA</a>",127,4.322834678130523,4.286536430234954,3.8181048542068847,0.19216418,44.2,0.315
656290,94.33510662063335,NA,NA,91.32282982627497,94.80803594451339,100.02039588586982,NA,NA,93.97916817422292,Drew Carlton,"<a href=""leaders.aspx?pos=all&stats=pit&lg=all&qual=0&type=strType&season=2023&month=0&season1=2023&ind=1&team=29&rost=0&age=0"">SDP</a>",20.2,4.3548392455610765,3.7872984895100914,4.129251841863384,0.14117647,37.3,0.298
656302,92.62553394456954,NA,NA,104.85423976649679,NA,109.76036701130529,NA,99.02014704471847,105.44325565752268,Dylan Cease,"<a href=""leaders.aspx?pos=all&stats=pit&lg=all&qual=0&type=strType&season=2023&month=0&season1=2023&ind=1&team=4&rost=0&age=0"">CHW</a>",177,4.576271186440678,3.723966913169386,4.075248144743806,0.17219388,41.6,0.321
656322,107.16758545336512,NA,96.9727589780713,95.99588372888444,93.71236784486209,NA,111.28512465761997,NA,99.36801725277503,Sam Coonrod,"<a href=""leaders.aspx?pos=all&stats=pit&lg=all&qual=0&type=strType&season=2023&month=0&season1=2023&ind=1&team=25&rost=0&age=0"">NYM</a>",6.2,9.450003604890291,5.955041389465725,6.699049962560025,-0.05882353,33.3,0.336
656349,99.99005699761224,NA,NA,102.99026725199532,NA,NA,NA,NA,101.49016212480379,NA,NA,NA,NA,NA,NA,NA,NA,NA
656353,NA,NA,NA,93.93869653047688,88.86483573551838,102.78793645946253,104.26862244470587,NA,99.00889215570935,Tucker Davidson,- - -,51.1,5.96103999465546,4.2680275481313315,4.423370910237396,0.11440678,34.3,0.364
656354,NA,97.37031231822705,105.52075551669893,91.50732933009579,91.34186268259688,NA,108.3530462407199,NA,99.50048128933348,NA,NA,NA,NA,NA,NA,NA,NA,NA
656382,NA,NA,86.26509330263997,85.28412470728472,NA,88.8251436914949,NA,NA,86.0108302152335,Tommy Doyle,"<a href=""leaders.aspx?pos=all&stats=pit&lg=all&qual=0&type=strType&season=2023&month=0&season1=2023&ind=1&team=19&rost=0&age=0"">COL</a>",23.2,6.845071158080964,6.128280104864389,4.918719633491062,0.04854369,43.1,0.364
656412,98.87354441466509,NA,NA,93.4964508107059,NA,98.3750351966597,NA,NA,96.04002051545491,Alex Faedo,"<a href=""leaders.aspx?pos=all&stats=pit&lg=all&qual=0&type=strType&season=2023&month=0&season1=2023&ind=1&team=6&rost=0&age=0"">DET</a>",64.2,4.453608422568741,4.847823927290753,4.583105576650491,0.14503817,33.9,0.287
656427,91.13808835264219,NA,100.12721468122851,101.17264196366466,87.38645891940094,101.60607165060183,NA,102.24858708280858,100.71317707317083,Jack Flaherty,- - -,144.1,4.988452831680715,4.356657026493229,4.360461657315404,0.12615385,38.3,0.356
656457,NA,NA,99.97877499248625,87.89872650200479,90.47047418184326,NA,NA,102.2051851030541,95.92491560459904,Tyler Gilbert,"<a href=""leaders.aspx?pos=all&stats=pit&lg=all&qual=0&type=strType&season=2023&month=0&season1=2023&ind=1&team=15&rost=0&age=0"">ARI</a>",17.1,5.192308644571423,3.428117314316118,3.072745386491377,0.19444444,45.8,0.382
656464,NA,NA,NA,95.08515186167277,96.19020119595758,108.97220921310503,NA,NA,100.79319435875341,Kevin Ginkel,"<a href=""leaders.aspx?pos=all&stats=pit&lg=all&qual=0&type=strType&season=2023&month=0&season1=2023&ind=1&team=15&rost=0&age=0"">ARI</a>",65.1,2.4795923193313287,2.8570810983698203,3.601381900772327,0.18503937,37.1,0.246
656529,NA,99.4245420072843,NA,91.56011688302928,92.96693172478474,106.57269964682988,NA,NA,96.75846757357992,Sam Hentges,"<a href=""leaders.aspx?pos=all&stats=pit&lg=all&qual=0&type=strType&season=2023&month=0&season1=2023&ind=1&team=5&rost=0&age=0"">CLE</a>",52.1,3.611465582398313,2.6435752873449756,2.9997631955055035,0.17040359,49,0.292
656546,NA,NA,NA,104.42137790901478,98.94116448545581,113.0704744971313,NA,NA,109.56918914220374,Jeff Hoffman,"<a href=""leaders.aspx?pos=all&stats=pit&lg=all&qual=0&type=strType&season=2023&month=0&season1=2023&ind=1&team=26&rost=0&age=0"">PHI</a>",52.1,2.4076437215988755,2.5671421533259635,3.2435912287807733,0.24038462,30.5,0.226
656557,NA,NA,92.39969477522939,91.29684444059718,99.27648705963438,103.19855170817841,103.73853843741404,NA,98.07331856729928,Tanner Houck,"<a href=""leaders.aspx?pos=all&stats=pit&lg=all&qual=0&type=strType&season=2023&month=0&season1=2023&ind=1&team=3&rost=0&age=0"">BOS</a>",106,5.009433962264151,4.434285642515939,4.074300761324055,0.12526998,43.8,0.323
656578,99.5593965359023,105.09869243733338,NA,97.11663242315726,NA,103.39782948973891,NA,NA,99.44299264249561,Andre Jackson,- - -,61.1,4.989130693369881,4.9017795752825535,4.457235358380494,0.13618677,44.3,0.31
656605,108.75562818444682,95.37680812585401,102.37533509048312,96.36880730290848,94.64657804594408,NA,115.37064083931878,NA,100.71401000270313,Mitch Keller,"<a href=""leaders.aspx?pos=all&stats=pit&lg=all&qual=0&type=strType&season=2023&month=0&season1=2023&ind=1&team=27&rost=0&age=0"">PIT</a>",194.1,4.214408343579362,3.8004949192277326,3.702056191852536,0.18787879,35.6,0.31
656629,95.33616313756849,100.0177286389968,104.54599215241748,105.38145658186633,NA,102.94427660195012,NA,NA,103.8609549569388,Michael Kopech,"<a href=""leaders.aspx?pos=all&stats=pit&lg=all&qual=0&type=strType&season=2023&month=0&season1=2023&ind=1&team=4&rost=0&age=0"">CHW</a>",129.1,5.427835184958428,6.463803324963947,5.683723998390734,0.07275804,42.4,0.363
656638,99.75974868189772,NA,NA,96.21174565609762,96.63049808605072,NA,NA,107.24868218488956,102.94644390063337,Alex Lange,"<a href=""leaders.aspx?pos=all&stats=pit&lg=all&qual=0&type=strType&season=2023&month=0&season1=2023&ind=1&team=6&rost=0&age=0"">DET</a>",66,3.6818186074249506,4.361101093414854,4.381720553216668,0.11805556,36.3,0.294
656641,95.59487423121291,96.4241631682915,NA,102.37043524074642,NA,104.75234197983704,NA,NA,100.72471633567808,Jacob Latz,"<a href=""leaders.aspx?pos=all&stats=pit&lg=all&qual=0&type=strType&season=2023&month=0&season1=2023&ind=1&team=13&rost=0&age=0"">TEX</a>",6.1,0,3.097145614729694,5.185590040334887,0.09090909,28.6,0.135
656647,NA,95.49985205157905,NA,95.67906844036298,89.67203324379406,NA,NA,NA,95.28460460376364,NA,NA,NA,NA,NA,NA,NA,NA,NA
656657,87.14513904041046,94.00573786715073,94.81254834948169,87.64501903648673,89.35795836624276,NA,NA,NA,89.52672325550824,Zach Logue,"<a href=""leaders.aspx?pos=all&stats=pit&lg=all&qual=0&type=strType&season=2023&month=0&season1=2023&ind=1&team=6&rost=0&age=0"">DET</a>",11,7.363637002046499,5.5277678292645085,3.7859695916547977,0.16326531,32.4,0.346
656730,NA,NA,NA,106.82129541910899,NA,115.64307246336315,NA,111.72314448922222,108.27397003952417,Trevor Megill,"<a href=""leaders.aspx?pos=all&stats=pit&lg=all&qual=0&type=strType&season=2023&month=0&season1=2023&ind=1&team=23&rost=0&age=0"">MIL</a>",34.2,3.6346156512491996,2.1300402769675566,3.144675396482122,0.27027027,38.6,0.309
656731,101.90872592597457,96.43222316123,NA,93.78441675528234,99.79559072691428,101.01078878646526,NA,NA,96.66937715731343,Tylor Megill,"<a href=""leaders.aspx?pos=all&stats=pit&lg=all&qual=0&type=strType&season=2023&month=0&season1=2023&ind=1&team=25&rost=0&age=0"">NYM</a>",126.1,4.7018471549986645,4.964802961314767,4.918596168254845,0.08289242,42.6,0.35
656756,100.8018437002543,104.48401897632786,103.33619099373988,93.05784094218637,95.78645974273532,105.76775492926548,NA,NA,98.57614808853646,Jordan Montgomery,- - -,188.2,3.1961131172869397,3.5624608583405903,4.013504443107919,0.15186615,37.9,0.298
656786,NA,114.14501489308613,111.07147286266905,95.15094463190964,88.53551373248156,NA,106.5757132534493,NA,107.75539828033668,Parker Mushinski,"<a href=""leaders.aspx?pos=all&stats=pit&lg=all&qual=0&type=strType&season=2023&month=0&season1=2023&ind=1&team=21&rost=0&age=0"">HOU</a>",14.2,5.522727871236787,7.2777680681757175,4.424148978602737,0.15942029,43.5,0.428
656793,99.1720207101709,NA,NA,90.62003875432406,94.82598890693421,102.223118020299,NA,NA,95.58226706344274,Nick Nelson,"<a href=""leaders.aspx?pos=all&stats=pit&lg=all&qual=0&type=strType&season=2023&month=0&season1=2023&ind=1&team=26&rost=0&age=0"">PHI</a>",5.1,1.687500100582844,5.692540504783401,4.805057721213541,0.05,26.7,0.214
656794,98.26381739330931,102.81782212325774,104.74971517449998,92.71533137197056,100.88526646918939,NA,NA,NA,99.21149829754538,Sean Newcomb,"<a href=""leaders.aspx?pos=all&stats=pit&lg=all&qual=0&type=strType&season=2023&month=0&season1=2023&ind=1&team=10&rost=0&age=0"">OAK</a>",15,3.0000001907348754,4.0550404103597035,4.621278633116931,0.13114754,45.5,0.272
656803,NA,NA,NA,98.19122342709838,103.5029722268405,97.43983310993781,NA,NA,101.32924698302287,NA,NA,NA,NA,NA,NA,NA,NA,NA
656814,97.32327292469976,103.65588442316674,NA,87.39646618028247,93.29053763457742,105.98814776567578,110.13975553935283,NA,100.1362018368881,Luis F. Ortiz,"<a href=""leaders.aspx?pos=all&stats=pit&lg=all&qual=0&type=strType&season=2023&month=0&season1=2023&ind=1&team=26&rost=0&age=0"">PHI</a>",19,3.3157898065456397,3.0445140225735376,3.7525997811929224,0.1375,37.3,0.347
656818,98.99387168350468,NA,87.61372773046685,87.36292618056078,95.49615350915076,96.10250008043377,100.1908938208923,NA,93.4659528317534,Connor Overton,"<a href=""leaders.aspx?pos=all&stats=pit&lg=all&qual=0&type=strType&season=2023&month=0&season1=2023&ind=1&team=18&rost=0&age=0"">CIN</a>",11,11.454545454545455,7.073222177678889,5.932642910697243,0.03636364,35.9,0.506
656820,NA,100.63370821753544,101.26084941227671,NA,86.96108894954567,NA,109.17088330786994,NA,100.41350376020979,Nicholas Padilla,"<a href=""leaders.aspx?pos=all&stats=pit&lg=all&qual=0&type=strType&season=2023&month=0&season1=2023&ind=1&team=4&rost=0&age=0"">CHW</a>",4.2,5.7857150739554095,4.11218333341639,2.7436275074941294,0.21739131,68.8,0.471
656849,104.00582397958917,95.63740299781882,NA,91.69164808654408,99.70855000479996,100.91580862281602,NA,NA,98.06551653837957,David Peterson,"<a href=""leaders.aspx?pos=all&stats=pit&lg=all&qual=0&type=strType&season=2023&month=0&season1=2023&ind=1&team=25&rost=0&age=0"">NYM</a>",111,5.027027070217537,4.336121449866433,3.59427219394505,0.15853659,44.5,0.357
656876,NA,99.44775206569919,102.85916813365482,83.24514641553736,95.57093422810348,NA,106.90959604492284,NA,96.3692678638968,Drew Rasmussen,"<a href=""leaders.aspx?pos=all&stats=pit&lg=all&qual=0&type=strType&season=2023&month=0&season1=2023&ind=1&team=12&rost=0&age=0"">TBR</a>",44.2,2.6194031342123876,2.5386224082594944,3.1040083592364613,0.20338983,32.2,0.253
656887,116.81525872913058,NA,NA,104.25714213457935,NA,104.66783037744003,NA,NA,106.2782545767734,Sean Reid-Foley,"<a href=""leaders.aspx?pos=all&stats=pit&lg=all&qual=0&type=strType&season=2023&month=0&season1=2023&ind=1&team=25&rost=0&age=0"">NYM</a>",7.2,3.521739860563664,1.4289530243899855,2.291571509637242,0.29411765,58.3,0.237
656919,NA,107.05973836883416,NA,NA,96.86250869869193,NA,105.71661675119834,NA,101.37350782604737,NA,NA,NA,NA,NA,NA,NA,NA,NA
656924,NA,NA,NA,88.14224785441924,100.63659180916606,98.44607831897066,NA,NA,98.31759694365651,Ryder Ryan,"<a href=""leaders.aspx?pos=all&stats=pit&lg=all&qual=0&type=strType&season=2023&month=0&season1=2023&ind=1&team=11&rost=0&age=0"">SEA</a>",1,0,2.2550403594970705,2.2550403594970705,0.25,NA,NA
656945,NA,NA,NA,103.44660227606938,114.72690553825969,109.51708877752073,NA,NA,106.5788841866114,Tanner Scott,"<a href=""leaders.aspx?pos=all&stats=pit&lg=all&qual=0&type=strType&season=2023&month=0&season1=2023&ind=1&team=20&rost=0&age=0"">MIA</a>",78,2.3076925334140617,2.1652966631626525,2.6615471275440137,0.26058632,26.3,0.236
656970,97.09843739875542,93.63828344216971,93.19889989624706,90.73806549326214,NA,NA,94.53065798877502,NA,93.42806391706932,Devin Smeltzer,"<a href=""leaders.aspx?pos=all&stats=pit&lg=all&qual=0&type=strType&season=2023&month=0&season1=2023&ind=1&team=20&rost=0&age=0"">MIA</a>",22.1,6.447761561138185,6.971458481541997,5.487905175653276,0.12,47.4,0.413
656981,94.99282216921824,94.475819033613,101.47545385465705,92.83455844946778,NA,101.54188041541236,NA,NA,95.39320152583437,Peter Solomon,"<a href=""leaders.aspx?pos=all&stats=pit&lg=all&qual=0&type=strType&season=2023&month=0&season1=2023&ind=1&team=15&rost=0&age=0"">ARI</a>",13.1,12.150001158714405,7.005040717124974,7.287065611853624,-0.07462687,59.2,0.435
656986,NA,NA,NA,94.04015809440972,93.61421745588564,109.25184590800326,NA,NA,100.66088386886838,Bennett Sousa,- - -,9,4.000000847710683,3.14392922483844,3.536542367988588,0.23529412,50,0.23
657006,90.34044246813484,105.22510783258652,NA,100.41307569774408,91.17836888800552,112.45305381854095,NA,NA,104.19994560289138,Justin Steele,"<a href=""leaders.aspx?pos=all&stats=pit&lg=all&qual=0&type=strType&season=2023&month=0&season1=2023&ind=1&team=17&rost=0&age=0"">CHC</a>",173.1,3.063461628355221,3.0185018910176655,3.3229785291497724,0.19553073,36.6,0.291
657024,NA,NA,NA,95.40076687005067,NA,100.40600686476185,NA,NA,99.6912298444739,Erik Swanson,"<a href=""leaders.aspx?pos=all&stats=pit&lg=all&qual=0&type=strType&season=2023&month=0&season1=2023&ind=1&team=14&rost=0&age=0"">TOR</a>",66.2,2.9700004531861044,3.5100403984069883,3.810061167380409,0.20610687,40.4,0.28
657031,NA,93.1365514355746,NA,99.55814490931408,92.15002381133331,100.45330968455981,NA,NA,98.31336141066416,Josh Taylor,"<a href=""leaders.aspx?pos=all&stats=pit&lg=all&qual=0&type=strType&season=2023&month=0&season1=2023&ind=1&team=7&rost=0&age=0"">KCR</a>",17.2,8.150944569561734,4.783342466289897,3.3373212051076133,0.20481928,54.2,0.381
657041,NA,5.348434890368897,NA,NA,NA,NA,NA,NA,46.90696922801391,Lane Thomas,"<a href=""leaders.aspx?pos=all&stats=pit&lg=all&qual=0&type=strType&season=2023&month=0&season1=2023&ind=1&team=24&rost=0&age=0"">WSN</a>",1,27,14.25504035949707,4.5617438673973085,0.16666667,NA,NA
657044,NA,NA,NA,102.76225802540894,104.01575500693366,100.08089502448051,NA,NA,102.63892799957662,Ryan Thompson,- - -,30.2,3.8152179449853816,4.331127472185255,4.407229456558408,0.10743802,34.1,0.264
657053,NA,97.21750069162665,NA,91.14195774462696,95.91600619930895,100.03477736451761,NA,NA,94.60412997614385,Touki Toussaint,- - -,87,4.965517459102826,5.002166872885102,4.876205100516166,0.07291667,39.6,0.317
657093,89.08407638080212,93.48225356429636,103.32359284602708,96.46537607233147,87.58565863795474,94.18793127732057,102.41502814310657,NA,95.7409230678875,Spenser Watkins,"<a href=""leaders.aspx?pos=all&stats=pit&lg=all&qual=0&type=strType&season=2023&month=0&season1=2023&ind=1&team=10&rost=0&age=0"">OAK</a>",4.1,10.384616146426286,8.793502304257757,5.845843787619035,0.0952381,46.7,0.519
657097,104.12238431272627,NA,NA,105.95229584691033,NA,NA,105.14388829171473,NA,105.27370778344321,Jacob Webb,- - -,53.2,3.6894416931231375,4.484854257204783,4.849098179968842,0.11637931,39.7,0.294
657140,97.26269243641377,NA,NA,92.27932791216888,95.09243980246647,94.22910914991111,NA,103.14371509735635,98.36877031244198,Kyle Wright,"<a href=""leaders.aspx?pos=all&stats=pit&lg=all&qual=0&type=strType&season=2023&month=0&season1=2023&ind=1&team=16&rost=0&age=0"">ATL</a>",31,6.9677421498373135,5.190524290007436,4.053760757330014,0.10967742,46,0.382
657228,96.29396248916537,NA,NA,94.06191230774976,92.2911264145067,93.70618983280116,NA,NA,93.94400740610885,NA,NA,NA,NA,NA,NA,NA,NA,NA
657240,95.97997320836326,NA,NA,103.10285380947403,115.62393038765393,112.01946640963479,104.7049097560645,NA,106.87774096945624,Julian Merryweather,"<a href=""leaders.aspx?pos=all&stats=pit&lg=all&qual=0&type=strType&season=2023&month=0&season1=2023&ind=1&team=17&rost=0&age=0"">CHC</a>",72,3.3750003576279064,3.518929276348635,3.613020501800261,0.20462046,40.5,0.291
657248,NA,NA,NA,99.02630818254292,95.36601358524281,NA,105.8522119557177,97.85382406853644,102.47699954218646,Glenn Otto,"<a href=""leaders.aspx?pos=all&stats=pit&lg=all&qual=0&type=strType&season=2023&month=0&season1=2023&ind=1&team=13&rost=0&age=0"">TEX</a>",10.2,10.125000603497064,10.192540773004318,5.050064643548387,0.09803922,44.1,0.456
657252,NA,NA,100.65712864603819,NA,90.30600574996956,NA,107.02212527374394,NA,94.81721281994339,NA,NA,NA,NA,NA,NA,NA,NA,NA
657265,104.97942530043957,NA,95.27444324604531,98.70355560631072,100.19618409601561,114.79206064088936,112.99212281463423,NA,103.94810040456608,Peter Strzelecki,- - -,37,4.378379168346874,3.9307161570814646,4.75343991811332,0.15337423,36.8,0.303
657272,98.18828317603132,NA,NA,97.33866939103038,97.188812757294,103.48806674086258,NA,NA,99.02600219129071,Erich Uelmen,"<a href=""leaders.aspx?pos=all&stats=pit&lg=all&qual=0&type=strType&season=2023&month=0&season1=2023&ind=1&team=26&rost=0&age=0"">PHI</a>",1,36,7.2550403594970705,8.908392113447189,-0.125,NA,NA
657277,108.68969153846302,NA,NA,85.22935985928437,95.03881268805813,NA,106.76045877040514,NA,102.71621446460804,Logan Webb,"<a href=""leaders.aspx?pos=all&stats=pit&lg=all&qual=0&type=strType&season=2023&month=0&season1=2023&ind=1&team=30&rost=0&age=0"">SFG</a>",216,3.25,3.162447766904478,2.9538168780781606,0.19176471,46,0.283
657376,88.74822796748863,NA,103.90224846213154,94.06777026653728,88.91083086279666,NA,102.67777386425641,110.9185111507756,100.99952010316184,Clarke Schmidt,"<a href=""leaders.aspx?pos=all&stats=pit&lg=all&qual=0&type=strType&season=2023&month=0&season1=2023&ind=1&team=9&rost=0&age=0"">NYY</a>",159,4.6415096027395375,4.418562414384352,4.359212544131092,0.14841499,41,0.334
657424,NA,NA,NA,97.560057605199475,96.55487747003076,109.51010929306064,101.07436439594484,NA,101.37223278003516,Matt Gage,"<a href=""leaders.aspx?pos=all&stats=pit&lg=all&qual=0&type=strType&season=2023&month=0&season1=2023&ind=1&team=21&rost=0&age=0"">HOU</a>",6.2,2.7000006437303172,4.155040574073843,2.7010457535994994,0.18518519,25,0.341
657508,103.17976998338871,NA,NA,100.49636461236578,NA,102.05654753395797,NA,112.96386790778544,103.89288315958642,Mike Baumann,"<a href=""leaders.aspx?pos=all&stats=pit&lg=all&qual=0&type=strType&season=2023&month=0&season1=2023&ind=1&team=2&rost=0&age=0"">BAL</a>",64.2,3.757732993219551,4.3993705714240114,4.8074321455694475,0.1025641,45.8,0.303
657514,88.34527350602168,97.87883008911648,NA,84.65741573452377,91.17726359839928,NA,NA,NA,93.98953657243976,Brennan Bernardino,"<a href=""leaders.aspx?pos=all&stats=pit&lg=all&qual=0&type=strType&season=2023&month=0&season1=2023&ind=1&team=3&rost=0&age=0"">BOS</a>",50.2,3.1973691231822925,3.4129351310122455,3.5613693045723633,0.18518519,32.8,0.313
657571,NA,NA,105.98038510103702,100.4342514288488,NA,NA,106.23711707650455,NA,102.22392017086167,Caleb Ferguson,"<a href=""leaders.aspx?pos=all&stats=pit&lg=all&qual=0&type=strType&season=2023&month=0&season1=2023&ind=1&team=22&rost=0&age=0"">LAD</a>",60.1,3.4309398411490224,3.337913302519994,3.681794201258826,0.17407407,39.1,0.321
657585,NA,103.48072982213883,104.21350432911126,99.98322537333291,100.16430782366156,NA,110.9240199450719,NA,102.57721094199638,Reed Garrett,- - -,19.2,6.406781110843328,4.831311902641064,4.4455668996733575,0.10344828,38.1,0.347
657612,NA,NA,81.27935052803407,101.10273934919027,103.79121901969867,90.36034369571004,NA,NA,100.74254659068852,Tim Hill,"<a href=""leaders.aspx?pos=all&stats=pit&lg=all&qual=0&type=strType&season=2023&month=0&season1=2023&ind=1&team=29&rost=0&age=0"">SDP</a>",44.1,5.481204107999551,5.488123514607999,4.740769486098652,0.05940594,44.2,0.39
657697,NA,NA,105.18590874575354,NA,96.26576030787463,99.97281998315964,104.74955025648791,NA,102.42520459765166,Vinny Nittoli,"<a href=""leaders.aspx?pos=all&stats=pit&lg=all&qual=0&type=strType&season=2023&month=0&season1=2023&ind=1&team=25&rost=0&age=0"">NYM</a>",3.2,2.454545880152248,2.4368583994463213,5.593257749746911,0.2,45.5,0.308
657746,NA,NA,NA,101.71196610066971,87.8672805844644,97.31403289984834,101.80433062631766,NA,99.73118051161904,Joe Ryan,"<a href=""leaders.aspx?pos=all&stats=pit&lg=all&qual=0&type=strType&season=2023&month=0&season1=2023&ind=1&team=8&rost=0&age=0"">MIN</a>",161.2,4.509278634252088,4.133390930229302,3.7589824145010247,0.24255952,41.6,0.316
657756,89.25547102345249,91.85644505550461,NA,88.77590063883409,87.26901976941278,97.94578797550528,NA,NA,91.5973599836819,Connor Seabold,"<a href=""leaders.aspx?pos=all&stats=pit&lg=all&qual=0&type=strType&season=2023&month=0&season1=2023&ind=1&team=19&rost=0&age=0"">COL</a>",87.1,7.52290136578913,5.751223765497117,5.592322195218539,0.09558824,40.5,0.393
658551,100.86929907653965,NA,NA,99.17970901336348,94.96624833246392,98.39116678677155,NA,NA,97.64125739707858,NA,NA,NA,NA,NA,NA,NA,NA,NA
658648,95.84003058934069,97.41660951024362,NA,92.23043563335864,93.26221431894146,NA,102.00329425907238,NA,94.47389567179829,Pedro Avila,"<a href=""leaders.aspx?pos=all&stats=pit&lg=all&qual=0&type=strType&season=2023&month=0&season1=2023&ind=1&team=29&rost=0&age=0"">SDP</a>",50.1,3.2185433715965193,3.672258944704027,3.882865971651834,0.13181818,41.9,0.304
659275,87.83740174286255,NA,NA,90.85809449312138,90.34023633303231,103.39744732825274,NA,NA,96.46372308189821,Dinelson Lamet,- - -,27.2,11.710844046285011,6.8333538180841575,5.635786691027741,0.06206897,52.8,0.46
659418,90.3776426696363,91.25591693902396,99.09581476623565,96.4422192309972,NA,NA,NA,NA,96.35087152874735,NA,NA,NA,NA,NA,NA,NA,NA,NA
660261,NA,83.06677246978215,106.95919958737682,96.32452193876927,95.25789133139483,102.52754608837023,106.62738738374401,NA,102.79221068098563,Shintaro Fujinami,- - -,79,7.177216576147263,4.60947100085114,5.053880724200066,0.10644258,44.6,0.332
660271,NA,93.25946302196724,104.56020166426245,100.98569293949731,98.87948398990842,105.7303407024939,117.37008863508811,NA,107.37711589252208,Shohei Ohtani,"<a href=""leaders.aspx?pos=all&stats=pit&lg=all&qual=0&type=strType&season=2023&month=0&season1=2023&ind=1&team=1&rost=0&age=0"">LAA</a>",132,3.1363636363636362,3.9974646019213127,3.5774796733350467,0.21092279,35,0.277
660431,NA,NA,NA,95.62087786949473,NA,103.39278992340186,NA,NA,100.46231286636974,Hector Perez,"<a href=""leaders.aspx?pos=all&stats=pit&lg=all&qual=0&type=strType&season=2023&month=0&season1=2023&ind=1&team=12&rost=0&age=0"">TBR</a>",0.1,27.000028163224034,12.255049747238417,12.255049747238417,-0.2,NA,NA
660593,93.64723184840916,NA,96.019355556888,93.2379971263367,94.54690625118432,99.4155934381099,NA,NA,95.35499698817856,Denyi Reyes,"<a href=""leaders.aspx?pos=all&stats=pit&lg=all&qual=0&type=strType&season=2023&month=0&season1=2023&ind=1&team=25&rost=0&age=0"">NYM</a>",19.2,7.779662022951032,4.882159213970489,4.748620480782153,0.1,34.4,0.372
660730,104.79624909608087,96.93295761884453,NA,112.58494741393663,NA,103.37478208865095,NA,NA,107.63601629852822,Elvin Rodriguez,"<a href=""leaders.aspx?pos=all&stats=pit&lg=all&qual=0&type=strType&season=2023&month=0&season1=2023&ind=1&team=12&rost=0&age=0"">TBR</a>",3.1,0,0.25504007339474866,1.7430567938581887,0.5,20,0
660761,94.3155815341005,NA,91.56619141593981,96.61193846335243,91.63904147939179,100.92607893422992,102.95417359162742,NA,97.12120818802723,José Suarez,"<a href=""leaders.aspx?pos=all&stats=pit&lg=all&qual=0&type=strType&season=2023&month=0&season1=2023&ind=1&team=1&rost=0&age=0"">LAA</a>",33.2,8.287129338869102,7.324347597579749,6.163981563410237,0.04848485,39.7,0.421
660787,96.23774928440724,NA,NA,NA,98.4906777697521,99.49721148649512,NA,NA,98.22793043460727,Yerry De los Santos,"<a href=""leaders.aspx?pos=all&stats=pit&lg=all&qual=0&type=strType&season=2023&month=0&season1=2023&ind=1&team=27&rost=0&age=0"">PIT</a>",24.1,3.328767819081726,4.035862440516241,4.860535287372627,0.04807692,30.6,0.257
660813,NA,NA,93.53465235876821,94.53534802503964,104.64137834250144,115.06504768539308,118.35968332311778,NA,103.75740184066052,Brusdar Graterol,"<a href=""leaders.aspx?pos=all&stats=pit&lg=all&qual=0&type=strType&season=2023&month=0&season1=2023&ind=1&team=22&rost=0&age=0"">LAD</a>",67.1,1.2029703879003535,3.0322680654414493,3.5334682593480027,0.14007782,32.5,0.245
660825,NA,NA,NA,90.9979113698841,93.50080598757475,109.79219191834613,NA,NA,100.52639670352198,Eduard Bazardo,- - -,16,4.5000002682209175,3.7550403892993947,3.886726635720508,0.16417911,41.7,0.305
660853,98.26340648311145,NA,NA,93.89166927189495,NA,99.43282350562382,NA,NA,95.88253803892697,Enyel De Los Santos,"<a href=""leaders.aspx?pos=all&stats=pit&lg=all&qual=0&type=strType&season=2023&month=0&season1=2023&ind=1&team=5&rost=0&age=0"">CLE</a>",65.2,3.2893406110797416,3.4834667908220527,4.40368905421687,0.14122137,33.3,0.282
660896,105.89205859800542,NA,NA,96.27200090638158,86.402315469919,113.22053556552729,NA,NA,103.80789719763418,Jorge Alcala,"<a href=""leaders.aspx?pos=all&stats=pit&lg=all&qual=0&type=strType&season=2023&month=0&season1=2023&ind=1&team=8&rost=0&age=0"">MIN</a>",17.1,6.230769687855771,7.0627329465200415,5.506603428950719,0.08,33.3,0.356
660906,91.12121062820809,98.89412449874585,NA,88.09547408237754,92.68860148481134,105.21250350491347,NA,NA,94.86736197677084,Francisco Pérez,"<a href=""leaders.aspx?pos=all&stats=pit&lg=all&qual=0&type=strType&season=2023&month=0&season1=2023&ind=1&team=10&rost=0&age=0"">OAK</a>",16.2,5.9400019260412735,3.195040340042108,5.07986195069727,0.08108108,27.5,0.321
661309,101.79348252895137,NA,NA,96.93110985501582,93.45352342562322,94.01999480195927,NA,NA,97.49353791954987,Adrián Martínez,"<a href=""leaders.aspx?pos=all&stats=pit&lg=all&qual=0&type=strType&season=2023&month=0&season1=2023&ind=1&team=10&rost=0&age=0"">OAK</a>",55,4.745455121442376,4.745949631367855,4.658696988722999,0.11618257,37.6,0.341
661383,NA,99.98743563373827,NA,90.21253276942062,91.8412590730651,104.87306873657018,107.78625963599109,NA,97.89353525604855,Oliver Ortega,"<a href=""leaders.aspx?pos=all&stats=pit&lg=all&qual=0&type=strType&season=2023&month=0&season1=2023&ind=1&team=8&rost=0&age=0"">MIN</a>",14.2,4.295455010961946,4.755040522055211,5.462340956904736,0.11111111,34.1,0.278
661395,NA,NA,NA,107.34734289510665,NA,NA,NA,117.33357403319506,110.84317523079723,Jhoan Duran,"<a href=""leaders.aspx?pos=all&stats=pit&lg=all&qual=0&type=strType&season=2023&month=0&season1=2023&ind=1&team=8&rost=0&age=0"">MIN</a>",62.1,2.454545654830986,3.206912013323914,2.751305868422912,0.23137255,38,0.271
661403,NA,NA,113.85323933832322,104.65960334641252,100.23262177859714,126.61963434979337,NA,NA,117.73624968174413,Emmanuel Clase,"<a href=""leaders.aspx?pos=all&stats=pit&lg=all&qual=0&type=strType&season=2023&month=0&season1=2023&ind=1&team=5&rost=0&age=0"">CLE</a>",72.2,3.2201835989360146,2.9110036502090346,3.446797427684043,0.1589404,37.6,0.265
661440,NA,NA,98.06435139827745,94.72230199429141,94.93169685296857,109.0512934222771,NA,NA,99.85486393906177,Mauricio Llovera,- - -,35,4.885715084465313,4.340754822711584,4.785343691977637,0.0875,41.1,0.312
661527,105.4417913554015,NA,NA,101.73800303578437,101.9366843486081,NA,109.26601121941279,NA,104.43621414658739,Seth Martinez,"<a href=""leaders.aspx?pos=all&stats=pit&lg=all&qual=0&type=strType&season=2023&month=0&season1=2023&ind=1&team=21&rost=0&age=0"">HOU</a>",43,5.232558603735511,4.417831160327184,4.7133551966757965,0.13333333,45.6,0.345
662165,99.82330748015855,NA,94.15672983781623,NA,82.18826385364362,108.95516072637169,NA,NA,94.43106161342808,NA,NA,NA,NA,NA,NA,NA,NA,NA
662253,NA,NA,NA,92.00156527858918,85.79689998728209,113.45416671694828,NA,NA,101.01289683243954,Andrés Muñoz,"<a href=""leaders.aspx?pos=all&stats=pit&lg=all&qual=0&type=strType&season=2023&month=0&season1=2023&ind=1&team=11&rost=0&age=0"">SEA</a>",49,2.9387757389906075,2.7040199084363317,3.118180126609784,0.21327014,35.9,0.279
663158,111.70879997463217,NA,107.2302186774416,104.6001288634353,97.92088402673551,104.37421141761881,NA,NA,105.47271636906694,Robert Suarez,"<a href=""leaders.aspx?pos=all&stats=pit&lg=all&qual=0&type=strType&season=2023&month=0&season1=2023&ind=1&team=29&rost=0&age=0"">SDP</a>",27.2,4.228916051374325,4.483956135110122,3.919151453803979,0.12962963,36.5,0.222
663321,NA,94.44653671358981,NA,101.66969250542871,NA,97.47068027309138,NA,NA,98.33591221981547,Nick Hernandez,"<a href=""leaders.aspx?pos=all&stats=pit&lg=all&qual=0&type=strType&season=2023&month=0&season1=2023&ind=1&team=29&rost=0&age=0"">SDP</a>",3,12,10.255040359497071,8.126176031430562,0.05555556,28.6,0.445
663362,NA,NA,97.9594056758148,92.90760234839995,93.62711089569346,NA,103.37347172078505,NA,95.28401586856594,Matt Waldron,"<a href=""leaders.aspx?pos=all&stats=pit&lg=all&qual=0&type=strType&season=2023&month=0&season1=2023&ind=1&team=29&rost=0&age=0"">SDP</a>",41.1,4.35483904460469,5.4566534320472195,4.786032284824459,0.10982659,38.5,0.328
663372,95.897950390159,99.3385114637585,NA,94.9816354677093,92.5071201736111,100.93560726639726,101.78284783949842,NA,96.86063397036283,Ryan Feltner,"<a href=""leaders.aspx?pos=all&stats=pit&lg=all&qual=0&type=strType&season=2023&month=0&season1=2023&ind=1&team=19&rost=0&age=0"">COL</a>",43.1,5.815385297967212,4.178117390920437,5.295059728047003,0.04975124,29.3,0.331
663385,94.66781163859969,NA,NA,96.0887056129835,100.66083558494364,99.73905644318671,NA,NA,100.07308326315088,Chad Smith,"<a href=""leaders.aspx?pos=all&stats=pit&lg=all&qual=0&type=strType&season=2023&month=0&season1=2023&ind=1&team=10&rost=0&age=0"">OAK</a>",13.2,6.5853670790820384,5.816016445806753,5.486277808937203,0.03333333,52.4,0.375
663423,86.30720650526958,103.27434450735332,99.13260184444246,103.15756696111754,90.4002545342333,105.50259592101183,111.05476541051794,NA,104.53486683500715,Trent Thornton,- - -,31.1,2.0106385630577304,4.244402192112779,4.175062820736825,0.16,29,0.31
663432,NA,NA,NA,103.74902286826799,NA,105.29526146711244,NA,NA,104.38570935014512,Tanner Rainey,"<a href=""leaders.aspx?pos=all&stats=pit&lg=all&qual=0&type=strType&season=2023&month=0&season1=2023&ind=1&team=24&rost=0&age=0"">WSN</a>",1,0,4.2550403594970705,7.5617438673973085,0,NA,NA
663455,101.36784615887325,NA,NA,100.11031062511043,NA,104.86393738007031,NA,NA,100.95661730017466,Konnor Pilkington,"<a href=""leaders.aspx?pos=all&stats=pit&lg=all&qual=0&type=strType&season=2023&month=0&season1=2023&ind=1&team=5&rost=0&age=0"">CLE</a>",2,0,2.7550403594970705,5.235067990422249,0.125,NA,NA
663460,95.84594904258698,99.27427019051504,NA,94.95196983318257,NA,96.91429868922243,NA,NA,96.13958414494604,Kris Bubic,"<a href=""leaders.aspx?pos=all&stats=pit&lg=all&qual=0&type=strType&season=2023&month=0&season1=2023&ind=1&team=7&rost=0&age=0"">KCR</a>",16,3.9375,2.6300403594970705,3.574226598069072,0.20588235,44.9,0.31
663462,NA,NA,96.00420948753502,96.75263952731174,87.72848635320436,110.73922195388054,110.21370811636878,NA,103.87160289697029,Isaiah Campbell,"<a href=""leaders.aspx?pos=all&stats=pit&lg=all&qual=0&type=strType&season=2023&month=0&season1=2023&ind=1&team=11&rost=0&age=0"">SEA</a>",28.2,2.825582022019768,3.324807816830892,4.14808309076392,0.16666667,41.1,0.273
663465,91.12581662680418,94.22937522805132,92.66617800464542,91.75147222682926,NA,NA,NA,NA,92.44180428713909,Kolby Allard,"<a href=""leaders.aspx?pos=all&stats=pit&lg=all&qual=0&type=strType&season=2023&month=0&season1=2023&ind=1&team=16&rost=0&age=0"">ATL</a>",12.1,6.567568244683368,4.228013432783495,4.398849651787401,0.16071429,43.6,0.361
663472,NA,96.26258459885439,NA,76.57506276622141,NA,95.04586880561939,NA,NA,90.73234624407864,NA,NA,NA,NA,NA,NA,NA,NA,NA
663474,NA,97.21010094092442,NA,102.20371499830243,NA,99.26390770224336,NA,NA,100.85798638687244,Triston McKenzie,"<a href=""leaders.aspx?pos=all&stats=pit&lg=all&qual=0&type=strType&season=2023&month=0&season1=2023&ind=1&team=5&rost=0&age=0"">CLE</a>",16,5.062500301748532,4.505040434002881,6.06923367353936,0.04109589,45.5,0.314
663485,NA,100.7877126125792,98.67258794817218,92.25945661508277,95.52561363588046,NA,NA,NA,96.34478839351507,Cole Sands,"<a href=""leaders.aspx?pos=all&stats=pit&lg=all&qual=0&type=strType&season=2023&month=0&season1=2023&ind=1&team=8&rost=0&age=0"">MIN</a>",21.2,3.7384619772646364,5.516579086484319,5.3295267967391595,0.08163265,54.7,0.34
663489,NA,NA,NA,NA,96.32970783235838,100.61896348913363,NA,NA,97.55520944857987,NA,NA,NA,NA,NA,NA,NA,NA,NA
663506,97.1327254965332,NA,NA,101.31207477370214,100.20161419220973,99.59686974381127,114.26497998730856,NA,102.79075562819928,NA,NA,NA,NA,NA,NA,NA,NA,NA
663531,94.24983672145312,NA,NA,85.55814559124349,NA,NA,104.23065584968244,NA,96.53330492586561,NA,NA,NA,NA,NA,NA,NA,NA,NA
663542,NA,NA,101.86400920304102,98.23867921900509,NA,NA,104.04247754611819,NA,98.78600168051541,Bryan Hudson,"<a href=""leaders.aspx?pos=all&stats=pit&lg=all&qual=0&type=strType&season=2023&month=0&season1=2023&ind=1&team=22&rost=0&age=0"">LAD</a>",8.2,7.269231302498399,4.870425093385604,4.896595945105596,0.06818182,34.4,0.362
663546,102.96566538046599,NA,NA,110.05267900795067,103.48321559924132,NA,NA,103.08715289039039,103.33858703508955,Sean Hjelle,"<a href=""leaders.aspx?pos=all&stats=pit&lg=all&qual=0&type=strType&season=2023&month=0&season1=2023&ind=1&team=30&rost=0&age=0"">SFG</a>",29,6.517242236596763,4.2205577278817765,4.01597270369462,0.1294964,41.8,0.372
663556,111.91174006531453,107.21924675312913,NA,101.0750544485663,94.86223841126231,108.52069171028616,NA,NA,106.02374988980479,Shane McClanahan,"<a href=""leaders.aspx?pos=all&stats=pit&lg=all&qual=0&type=strType&season=2023&month=0&season1=2023&ind=1&team=12&rost=0&age=0"">TBR</a>",115,3.2869565217391306,3.9159099247144615,3.8448555612045787,0.17057569,42.3,0.295
663558,101.52133079626564,NA,NA,98.64285457592015,NA,104.16333711089196,NA,NA,100.37104801447049,Jovani Moran,"<a href=""leaders.aspx?pos=all&stats=pit&lg=all&qual=0&type=strType&season=2023&month=0&season1=2023&ind=1&team=8&rost=0&age=0"">MIN</a>",42.1,5.314962226375738,3.8219696636438156,4.462932143366591,0.11413044,27.5,0.307
663559,90.10714806177846,99.51616822252538,NA,98.18881202305411,90.43399851326056,92.66311567089197,NA,NA,96.53252101456349,Bailey Falter,- - -,80.2,5.355372006348776,5.250908167418721,4.560848344669027,0.11527378,39.3,0.354
663562,95.25876362487986,98.3285408641199,97.08944016537126,86.51792484823429,91.58568580702102,100.41062881291145,NA,NA,94.48438374152714,Noah Davis,"<a href=""leaders.aspx?pos=all&stats=pit&lg=all&qual=0&type=strType&season=2023&month=0&season1=2023&ind=1&team=19&rost=0&age=0"">COL</a>",30,8.7,6.021707026163737,5.350617405772209,0.07534247,38.6,0.412
663567,96.22058115149856,91.04292099543865,NA,91.61908003128669,NA,98.06010974510069,105.24235219502748,NA,95.31163001431254,Peter Lambert,"<a href=""leaders.aspx?pos=all&stats=pit&lg=all&qual=0&type=strType&season=2023&month=0&season1=2023&ind=1&team=19&rost=0&age=0"">COL</a>",87.1,5.358778938047624,5.442063387631891,4.920866028464335,0.11466667,45.8,0.367
663574,NA,NA,NA,91.61226466124506,NA,99.23909769619948,NA,NA,95.20136256004714,Tony Santillan,"<a href=""leaders.aspx?pos=all&stats=pit&lg=all&qual=0&type=strType&season=2023&month=0&season1=2023&ind=1&team=18&rost=0&age=0"">CIN</a>",3.1,2.70000025749209,7.1550407314300895,8.64305745189353,-0.22222222,33.3,0.414
663578,NA,90.67285072457761,NA,NA,92.83479056982158,NA,NA,NA,91.7538206471996,NA,NA,NA,NA,NA,NA,NA,NA,NA
663623,99.21349994978064,100.14707351780942,NA,94.31495592633075,98.2013972493764,NA,NA,NA,97.41820771702555,Jake Irvin,"<a href=""leaders.aspx?pos=all&stats=pit&lg=all&qual=0&type=strType&season=2023&month=0&season1=2023&ind=1&team=24&rost=0&age=0"">WSN</a>",121,4.6115705387065375,5.304627265588865,5.137156216374523,0.08490566,39.6,0.335
663629,99.18691210746533,NA,NA,94.97163948691089,NA,101.36615250733077,NA,NA,96.54304443199243,Ethan Small,"<a href=""leaders.aspx?pos=all&stats=pit&lg=all&qual=0&type=strType&season=2023&month=0&season1=2023&ind=1&team=23&rost=0&age=0"">MIL</a>",4,11.25,5.0050403594970705,4.235067990422249,0.17391304,40,0.502
663658,95.25979732046521,NA,100.96243344578234,92.38779587524373,98.35558350312293,NA,105.02087133935214,NA,100.91985395849771,Thaddeus Ward,"<a href=""leaders.aspx?pos=all&stats=pit&lg=all&qual=0&type=strType&season=2023&month=0&season1=2023&ind=1&team=24&rost=0&age=0"">WSN</a>",35.1,6.367925444970105,6.679569154347661,5.975816321664626,0.0125,37,0.347
663687,102.06072229818764,90.86393723697793,89.1878582656185,96.51068013130556,NA,NA,89.58740494525424,NA,95.36275690611868,Hogan Harris,"<a href=""leaders.aspx?pos=all&stats=pit&lg=all&qual=0&type=strType&season=2023&month=0&season1=2023&ind=1&team=10&rost=0&age=0"">OAK</a>",63,7.142857575362528,5.016945228086494,5.210409538843923,0.09859155,44.9,0.352
663704,NA,112.14205586706139,98.3426575115254,89.30436759089348,97.63450115520644,102.73538350308978,NA,NA,104.1797801860426,James McArthur,"<a href=""leaders.aspx?pos=all&stats=pit&lg=all&qual=0&type=strType&season=2023&month=0&season1=2023&ind=1&team=7&rost=0&age=0"">KCR</a>",23.1,4.628571680808568,2.7836117623776793,2.8030529661457937,0.23333333,43.8,0.28
663738,96.204214651815,NA,NA,96.50946072112106,91.89881314675414,99.631941813487515,NA,98.12619857861013,97.01139973682021,Daniel Lynch IV,"<a href=""leaders.aspx?pos=all&stats=pit&lg=all&qual=0&type=strType&season=2023&month=0&season1=2023&ind=1&team=7&rost=0&age=0"">KCR</a>",52.1,4.643312214731404,5.165868431402998,5.331245504851983,0.08071749,32,0.312
663752,96.40861012252313,95.92584921161983,103.56655148581274,99.10682809032863,NA,NA,NA,NA,99.8543453840998,Cody Morris,"<a href=""leaders.aspx?pos=all&stats=pit&lg=all&qual=0&type=strType&season=2023&month=0&season1=2023&ind=1&team=5&rost=0&age=0"">CLE</a>",8,6.75,8.13004035949707,5.115061082690954,0.07894737,52.2,0.469
663753,94.74808111409165,NA,99.22786164441922,99.9630897145187,97.62354733313518,101.7905663558108,NA,NA,99.23354196846414,Reiss Knehr,"<a href=""leaders.aspx?pos=all&stats=pit&lg=all&qual=0&type=strType&season=2023&month=0&season1=2023&ind=1&team=29&rost=0&age=0"">SDP</a>",5.2,15.88235472312868,11.372688329096174,6.8244785302597695,-0.03125,43.5,0.522
663765,90.75311608779147,96.01254696852651,96.23682194641887,91.1078577592405,89.53537494900716,105.04624481099846,100.34181141277813,NA,93.24907244711586,Jake Woodford,"<a href=""leaders.aspx?pos=all&stats=pit&lg=all&qual=0&type=strType&season=2023&month=0&season1=2023&ind=1&team=28&rost=0&age=0"">STL</a>",47.2,6.23076993717573,6.611684096696117,5.276597599659587,0.03153153,49.4,0.404
663767,NA,101.64221616324043,NA,88.56059924792693,NA,100.84915288108017,NA,NA,94.4152539898808,NA,NA,NA,NA,NA,NA,NA,NA,NA
663770,NA,93.4056073741413,99.77977791318901,112.38052794613546,NA,NA,NA,NA,103.1301385189648,NA,NA,NA,NA,NA,NA,NA,NA,NA
663773,97.85848533037202,NA,NA,93.55247681009241,100.34206497320785,98.92567581699167,NA,NA,98.80332143252876,Bryan Hoeing,"<a href=""leaders.aspx?pos=all&stats=pit&lg=all&qual=0&type=strType&season=2023&month=0&season1=2023&ind=1&team=20&rost=0&age=0"">MIA</a>",70.2,5.476415587048764,5.292776391887308,4.913364813030841,0.09210526,44.2,0.347
663776,102.72745036847236,99.3176720802682,NA,89.43261782126062,90.85721610935016,106.35562352688109,116.00339793415787,NA,98.82106852541959,Patrick Sandoval,"<a href=""leaders.aspx?pos=all&stats=pit&lg=all&qual=0&type=strType&season=2023&month=0&season1=2023&ind=1&team=1&rost=0&age=0"">LAA</a>",144.2,4.105991072131114,4.181307705735403,4.611554958487364,0.08282209,35.1,0.318
663804,108.41229793965879,NA,NA,93.32718078625052,106.19895637957094,104.11059233846163,NA,NA,101.3859883302681,Jackson Kowar,"<a href=""leaders.aspx?pos=all&stats=pit&lg=all&qual=0&type=strType&season=2023&month=0&season1=2023&ind=1&team=7&rost=0&age=0"">KCR</a>",28,6.4285723043948995,5.290754922555456,5.26410864651282,0.06569343,34.5,0.377
663855,NA,NA,NA,109.45255442928458,103.28662622910441,112.28652578214465,114.9132453656279,NA,106.7925483225651,Jordan Hicks,- - -,65.2,3.289340515537811,3.2245835028717202,3.3642893310572206,0.17192983,35.9,0.296
663878,NA,110.0870250872825,NA,106.16804236520863,NA,112.7650593901054,NA,NA,108.17895963951531,Nate Pearson,"<a href=""leaders.aspx?pos=all&stats=pit&lg=all&qual=0&type=strType&season=2023&month=0&season1=2023&ind=1&team=14&rost=0&age=0"">TOR</a>",42.2,4.851563222939256,4.8487905969843625,5.041004029618751,0.13736264,47.5,0.31
663903,90.66501635057124,NA,NA,93.21403999791127,94.3657185144873,101.40537259903758,102.94216186055851,NA,97.0354425922376,Brady Singer,"<a href=""leaders.aspx?pos=all&stats=pit&lg=all&qual=0&type=strType&season=2023&month=0&season1=2023&ind=1&team=7&rost=0&age=0"">KCR</a>",159.2,5.524008702670913,4.2884433480919695,4.275434204984763,0.11965812,48.6,0.346
663941,101.3002640025206,98.53223900444902,NA,95.18294791463285,102.97873196119457,104.07654118555494,108.83469516740821,NA,101.38788369618514,Tristan Beck,"<a href=""leaders.aspx?pos=all&stats=pit&lg=all&qual=0&type=strType&season=2023&month=0&season1=2023&ind=1&team=30&rost=0&age=0"">SFG</a>",85,3.9176474544169158,3.996216904927297,4.489729689005728,0.13276836,35.7,0.298
663947,101.8898591275447,97.25527702616955,100.18261322716354,93.73275503134433,94.60608638658641,NA,105.29174206100058,NA,98.67500157396238,Tyler Holton,"<a href=""leaders.aspx?pos=all&stats=pit&lg=all&qual=0&type=strType&season=2023&month=0&season1=2023&ind=1&team=6&rost=0&age=0"">DET</a>",85.1,2.1093753143214156,3.559727904899052,3.7580266696427103,0.17283951,32.5,0.234
663971,NA,NA,NA,NA,97.24222540380988,108.9496787258877,NA,NA,103.62810903403414,Blair Calvo,"<a href=""leaders.aspx?pos=all&stats=pit&lg=all&qual=0&type=strType&season=2023&month=0&season1=2023&ind=1&team=19&rost=0&age=0"">COL</a>",1,0,3.2550403594970705,3.2550403594970705,0,NA,NA
663978,104.5746886577226,100.0801774005272,NA,101.20536024237835,NA,102.09919237072893,NA,NA,102.10521224033363,Chris Paddack,"<a href=""leaders.aspx?pos=all&stats=pit&lg=all&qual=0&type=strType&season=2023&month=0&season1=2023&ind=1&team=8&rost=0&age=0"">MIN</a>",5,5.4,3.2550403594970705,1.9777217626571657,0.31818182,38.5,0.34
663986,NA,NA,NA,97.44239961547031,NA,106.76421664081501,NA,NA,99.73306254675285,Trevor Stephan,"<a href=""leaders.aspx?pos=all&stats=pit&lg=all&qual=0&type=strType&season=2023&month=0&season1=2023&ind=1&team=5&rost=0&age=0"">CLE</a>",68.2,4.063107398039794,3.560865647521571,4.25486672072477,0.16666667,38.3,0.311
663989,NA,98.1398387973871,95.60803578820921,NA,85.15636041813588,98.65208514664448,NA,NA,96.90364290186179,Nick Vespi,"<a href=""leaders.aspx?pos=all&stats=pit&lg=all&qual=0&type=strType&season=2023&month=0&season1=2023&ind=1&team=2&rost=0&age=0"">BAL</a>",14.2,4.295455010961946,4.414131394201087,4.332332042785307,0.11864407,36.2,0.344
663992,96.09662573832689,NA,NA,96.26980524604693,97.85822651242198,97.98726285182151,NA,NA,97.38826755055659,Richard Lovelady,"<a href=""leaders.aspx?pos=all&stats=pit&lg=all&qual=0&type=strType&season=2023&month=0&season1=2023&ind=1&team=10&rost=0&age=0"">OAK</a>",23.1,4.6285728158760335,4.540755030573747,4.569916843377285,0.14583333,44.1,0.291
664028,92.64179546307201,NA,NA,91.70634087267844,90.03292303910536,99.23929301961684,NA,NA,92.00768472365789,Brett Kennedy,"<a href=""leaders.aspx?pos=all&stats=pit&lg=all&qual=0&type=strType&season=2023&month=0&season1=2023&ind=1&team=18&rost=0&age=0"">CIN</a>",18,6.5,4.643929248385959,6.309881781869464,0.02409639,35.9,0.352
664062,NA,99.65445902766615,NA,88.77585915376774,90.37152703851798,100.98783573122783,NA,NA,97.24718830705307,Tony Gonsolin,"<a href=""leaders.aspx?pos=all&stats=pit&lg=all&qual=0&type=strType&season=2023&month=0&season1=2023&ind=1&team=22&rost=0&age=0"">LAD</a>",103,4.980582524271845,5.4297976410504685,5.246909699740919,0.09655173,41.8,0.312
664076,NA,NA,NA,97.20889333377018,98.38197650875347,107.20123460407909,NA,NA,101.72436707815277,Garrett Cleavinger,"<a href=""leaders.aspx?pos=all&stats=pit&lg=all&qual=0&type=strType&season=2023&month=0&season1=2023&ind=1&team=12&rost=0&age=0"">TBR</a>",12,3.000000715255908,4.838374070326577,4.325059035226189,0.16666667,25.9,0.267
664082,NA,NA,NA,92.60792901056361,88.03946956539889,108.08811847243479,NA,NA,96.81896793905348,NA,NA,NA,NA,NA,NA,NA,NA,NA
664126,115.59123245288245,NA,NA,113.02591042125452,NA,112.84443078278628,NA,NA,112.98003689918336,Pete Fairbanks,"<a href=""leaders.aspx?pos=all&stats=pit&lg=all&qual=0&type=strType&season=2023&month=0&season1=2023&ind=1&team=12&rost=0&age=0"">TBR</a>",45.1,2.5808826425084104,2.703569709388436,2.8279924591568193,0.26086957,35.9,0.24
664129,NA,NA,NA,101.42060815965641,99.01569260243097,103.73653606278742,NA,NA,101.12275203323027,Geoff Hartlieb,"<a href=""leaders.aspx?pos=all&stats=pit&lg=all&qual=0&type=strType&season=2023&month=0&season1=2023&ind=1&team=20&rost=0&age=0"">MIA</a>",4,2.25,7.2550403594970705,6.485067990422249,0,30,0.311
664139,103.26352408267526,NA,98.8981358049238,100.0956403078295,NA,102.79112812359637,112.41053348954897,NA,102.4776028498495,Ian Gibaut,"<a href=""leaders.aspx?pos=all&stats=pit&lg=all&qual=0&type=strType&season=2023&month=0&season1=2023&ind=1&team=18&rost=0&age=0"">CIN</a>",75.2,3.330397259305738,4.074423812183403,4.448011657556847,0.12893082,31.9,0.298
664141,85.91099210881619,102.28830596595324,NA,83.9414775202274,88.99605094868544,103.27269975275769,NA,NA,94.6754703515081,NA,NA,NA,NA,NA,NA,NA,NA,NA
664161,NA,NA,NA,87.29174194853582,NA,102.41209940248332,NA,NA,97.37198025116749,NA,NA,NA,NA,NA,NA,NA,NA,NA
664192,NA,96.69286117048779,91.41192196330121,94.2349454679723,94.38585389659457,NA,NA,NA,94.87142742411935,Joey Lucchesi,"<a href=""leaders.aspx?pos=all&stats=pit&lg=all&qual=0&type=strType&season=2023&month=0&season1=2023&ind=1&team=25&rost=0&age=0"">NYM</a>",46.2,2.8928573005053546,4.219326126332189,5.018204628009893,0.07692308,38.2,0.316
664199,104.52687063650623,NA,NA,94.57586096750778,104.21772705786866,105.35645347615058,105.6208622775337,NA,102.00468266224978,Taylor Clarke,"<a href=""leaders.aspx?pos=all&stats=pit&lg=all&qual=0&type=strType&season=2023&month=0&season1=2023&ind=1&team=7&rost=0&age=0"">KCR</a>",59,5.949153311668436,5.068599916045568,4.806479527671675,0.15413534,41.6,0.376
664202,101.78868088389977,NA,93.87327642056631,92.32787532915815,NA,97.81935479234079,NA,NA,95.67694608503287,Tyler Cyr,"<a href=""leaders.aspx?pos=all&stats=pit&lg=all&qual=0&type=strType&season=2023&month=0&season1=2023&ind=1&team=22&rost=0&age=0"">LAD</a>",1.2,0,0.8550394439693774,1.8470508747617782,0.33333333,NA,NA
664208,NA,113.81513001697627,104.97606731055673,NA,90.54311477299417,NA,110.09964156165178,NA,109.06439576223245,Phil Maton,"<a href=""leaders.aspx?pos=all&stats=pit&lg=all&qual=0&type=strType&season=2023&month=0&season1=2023&ind=1&team=21&rost=0&age=0"">HOU</a>",66,3.0000003467907006,3.739888900392537,4.236473314078846,0.17883212,23.5,0.284
664285,102.35684198957722,109.13685313058059,105.28731912037176,96.20803282663937,97.72730623741217,109.56701502080422,NA,NA,102.57869237293778,Framber Valdez,"<a href=""leaders.aspx?pos=all&stats=pit&lg=all&qual=0&type=strType&season=2023&month=0&season1=2023&ind=1&team=21&rost=0&age=0"">HOU</a>",198,3.4545454545454546,3.4974646019213127,3.3856254026143238,0.1769802,45.6,0.287
664294,96.39866942204462,NA,NA,96.89303071624408,114.98268806418386,105.02044613036439,NA,NA,101.90840721129706,Dauri Moreta,"<a href=""leaders.aspx?pos=all&stats=pit&lg=all&qual=0&type=strType&season=2023&month=0&season1=2023&ind=1&team=27&rost=0&age=0"">PIT</a>",58,3.7241386658514615,2.92745408796384,3.769772478145327,0.21757322,33.1,0.267
664299,101.94764775369242,NA,NA,100.89451523203425,NA,104.75264258500427,NA,97.36743925393314,101.82726786307596,Cristian Javier,"<a href=""leaders.aspx?pos=all&stats=pit&lg=all&qual=0&type=strType&season=2023&month=0&season1=2023&ind=1&team=21&rost=0&age=0"">HOU</a>",162,4.555555555555555,4.576028013818058,5.162147430505281,0.1411936,38.3,0.317
664353,102.66642541603251,97.64885140091548,NA,98.35410744689027,93.86935427194211,NA,107.30948177807628,NA,100.38462659357363,José Urquidy,"<a href=""leaders.aspx?pos=all&stats=pit&lg=all&qual=0&type=strType&season=2023&month=0&season1=2023&ind=1&team=21&rost=0&age=0"">HOU</a>",63,5.285714605768271,5.38202461527169,5.447870747854923,0.07272727,34,0.34
664687,NA,NA,NA,98.21503563274806,NA,96.87879926023128,NA,NA,97.35041209759014,NA,NA,NA,NA,NA,NA,NA,NA,NA
664744,NA,NA,NA,93.45201698209868,NA,107.2176563677341,NA,NA,95.73051929614878,Jose Espada,"<a href=""leaders.aspx?pos=all&stats=pit&lg=all&qual=0&type=strType&season=2023&month=0&season1=2023&ind=1&team=29&rost=0&age=0"">SDP</a>",1,0,5.2550403594970705,5.2550403594970705,0,NA,NA
664747,NA,NA,NA,106.4345339641908,104.75378356460521,107.59274261417114,NA,NA,107.01120884720343,Alexis Díaz,"<a href=""leaders.aspx?pos=all&stats=pit&lg=all&qual=0&type=strType&season=2023&month=0&season1=2023&ind=1&team=18&rost=0&age=0"">CIN</a>",67.1,3.07425765796757,3.5223671123638156,4.19881894786385,0.17482518,41.6,0.279
664776,NA,NA,NA,99.2298713704589,102.72411875021173,105.06226016169393,NA,NA,103.40970301715296,Jake Cousins,"<a href=""leaders.aspx?pos=all&stats=pit&lg=all&qual=0&type=strType&season=2023&month=0&season1=2023&ind=1&team=23&rost=0&age=0"">MIL</a>",9.1,4.821429720946995,6.362183957440689,5.85505084757544,-0.06666667,32.1,0.391
664849,NA,NA,NA,NA,91.77884695207374,NA,97.01483800942047,NA,94.1770107951333,Danny Young,"<a href=""leaders.aspx?pos=all&stats=pit&lg=all&qual=0&type=strType&season=2023&month=0&season1=2023&ind=1&team=16&rost=0&age=0"">ATL</a>",8.1,1.080000164794947,2.4150402313232227,3.605453675809985,0.25714286,31.6,0.289
664854,NA,109.48228025905985,NA,115.92521060005252,NA,120.62570253890179,NA,NA,117.0749260713408,Ryan Helsley,"<a href=""leaders.aspx?pos=all&stats=pit&lg=all&qual=0&type=strType&season=2023&month=0&season1=2023&ind=1&team=28&rost=0&age=0"">STL</a>",36.2,2.454545880152248,2.2459492754344796,3.2441463381127407,0.23972603,39.5,0.243
664875,NA,NA,NA,NA,98.03054503580682,NA,106.45015620179069,NA,102.18355728884272,Justin Lawrence,"<a href=""leaders.aspx?pos=all&stats=pit&lg=all&qual=0&type=strType&season=2023&month=0&season1=2023&ind=1&team=19&rost=0&age=0"">COL</a>",75,3.7200007568360913,3.761707129245355,4.261811347590584,0.12883436,39,0.303
664942,88.27934363964415,107.40418526176904,94.74199927537121,77.23877885016702,93.0376796438145,NA,NA,NA,98.12214656823059,James Naile,"<a href=""leaders.aspx?pos=all&stats=pit&lg=all&qual=0&type=strType&season=2023&month=0&season1=2023&ind=1&team=28&rost=0&age=0"">STL</a>",15.1,8.804348556215746,4.95069267402751,5.288966786435495,-0.025,48.4,0.408
664948,NA,105.55682193604775,97.94834173389157,92.07861670665604,NA,98.76350270286692,NA,NA,97.83727673306224,Anthony Misiewicz,- - -,11,7.363638298817426,5.800495573903094,5.992039243982304,0.03636364,48.8,0.434
665001,80.93034614734749,NA,NA,101.02069525107893,99.23484445542184,111.41104940068766,112.07597416245636,NA,104.73036228083728,Trevor Kelley,"<a href=""leaders.aspx?pos=all&stats=pit&lg=all&qual=0&type=strType&season=2023&month=0&season1=2023&ind=1&team=12&rost=0&age=0"">TBR</a>",15.1,5.869565704143831,6.77677978198337,6.081157583997952,0.07246377,46,0.373
665048,NA,NA,101.35205017273144,89.2622157985695,NA,NA,NA,NA,101.49274025460959,Hobie Harris,"<a href=""leaders.aspx?pos=all&stats=pit&lg=all&qual=0&type=strType&season=2023&month=0&season1=2023&ind=1&team=24&rost=0&age=0"">WSN</a>",19.1,5.120689991963484,5.841247426145295,7.061965745320839,-0.04395604,42.6,0.355
665152,102.69895746749121,97.24346371177911,102.32034627249043,99.12177734894212,93.21137191363476,NA,104.66969594583884,NA,99.44495927846798,Dean Kremer,"<a href=""leaders.aspx?pos=all&stats=pit&lg=all&qual=0&type=strType&season=2023&month=0&season1=2023&ind=1&team=2&rost=0&age=0"">BAL</a>",172.2,4.117760860355384,4.511797190294705,4.336605521284172,0.13877551,40.3,0.317
665167,NA,NA,NA,NA,NA,100.7080508532475,NA,NA,100.7080508532475,NA,NA,NA,NA,NA,NA,NA,NA,NA
665178,98.88061631425981,87.67979307082197,NA,93.11808010192776,99.67968804493042,99.05910420614791,NA,NA,98.40095501486749,NA,NA,NA,NA,NA,NA,NA,NA,NA
665620,98.39012855837522,95.5777920624528,103.20818250071316,102.39962318315213,NA,99.95756190846014,103.47127756689018,NA,101.16660096988089,Deivi García,- - -,15,2.4000004577637593,6.255040931701769,6.726176693497276,-0.02985075,47.7,0.314
665622,104.11127216826746,98.94876130082297,NA,100.20411189809667,97.50456836496576,101.86274477753622,NA,NA,100.38600781180484,Luis Medina,"<a href=""leaders.aspx?pos=all&stats=pit&lg=all&qual=0&type=strType&season=2023&month=0&season1=2023&ind=1&team=10&rost=0&age=0"">OAK</a>",109.2,5.416413687872013,4.759599717239297,4.7734785449903825,0.0989899,41,0.343
665625,NA,NA,NA,NA,95.16927486258106,105.61961146612707,NA,NA,100.44794318109577,Elvis Peguero,"<a href=""leaders.aspx?pos=all&stats=pit&lg=all&qual=0&type=strType&season=2023&month=0&season1=2023&ind=1&team=23&rost=0&age=0"">MIL</a>",61.1,3.3750006997068445,3.8093883005117215,4.093748799670456,0.11111111,38.1,0.28
665645,NA,103.20148306971701,112.5884191817232,103.27247453337499,88.74241755469085,NA,NA,NA,105.81860464993743,NA,NA,NA,NA,NA,NA,NA,NA,NA
665665,95.85984057610801,NA,NA,88.56102928905798,99.14629007057218,100.68497025793289,NA,NA,96.71333058443757,Reiver Sanmartin,"<a href=""leaders.aspx?pos=all&stats=pit&lg=all&qual=0&type=strType&season=2023&month=0&season1=2023&ind=1&team=18&rost=0&age=0"">CIN</a>",14,7.0714304982404705,5.397898086236607,4.839817169418147,0.04285714,25.5,0.356
665734,99.8659725957397,NA,NA,93.10518709781743,95.29909556492787,98.89325491008715,NA,NA,96.28149410175143,Angel Felipe,"<a href=""leaders.aspx?pos=all&stats=pit&lg=all&qual=0&type=strType&season=2023&month=0&season1=2023&ind=1&team=10&rost=0&age=0"">OAK</a>",15,4.200000801086579,3.521707077026377,4.623941789894377,0.09375,25.8,0.241
665795,104.51040120249597,107.09267585144391,NA,97.7461622601338,98.13257698249056,107.91542885566474,NA,NA,102.80818250464984,Edward Cabrera,"<a href=""leaders.aspx?pos=all&stats=pit&lg=all&qual=0&type=strType&season=2023&month=0&season1=2023&ind=1&team=20&rost=0&age=0"">MIA</a>",99.2,4.244147184264443,4.428953410463832,4.304687074173393,0.11981567,35.4,0.315
665854,82.2744450141388,NA,NA,93.1371717817431,NA,100.76981903664549,NA,NA,94.50219725708848,NA,NA,NA,NA,NA,NA,NA,NA,NA
665871,91.8799469911629,94.6115246823968,97.0161772859379,95.03156311742407,89.25842694493419,99.02104946543311,101.04602637732017,NA,94.29113216785284,Javier Assad,"<a href=""leaders.aspx?pos=all&stats=pit&lg=all&qual=0&type=strType&season=2023&month=0&season1=2023&ind=1&team=17&rost=0&age=0"">CHC</a>",109.1,3.045731955273834,4.288577029004408,4.345790014626021,0.11804009,41.2,0.303
665896,93.38595260451089,NA,97.42772278126824,94.86491312615388,93.75602935595971,102.65387968082108,NA,NA,94.84624127640046,José Marte,"<a href=""leaders.aspx?pos=all&stats=pit&lg=all&qual=0&type=strType&season=2023&month=0&season1=2023&ind=1&team=1&rost=0&age=0"">LAA</a>",9.1,8.678572610933115,8.18361245953316,6.662213285393092,0,38.2,0.452
666122,NA,NA,NA,94.8613394673082,NA,105.49362647972092,NA,NA,97.22406991451102,NA,NA,NA,NA,NA,NA,NA,NA,NA
666123,100.21388765810335,NA,NA,87.70656404845903,NA,NA,NA,NA,90.2080287703879,NA,NA,NA,NA,NA,NA,NA,NA,NA
666129,92.7166224404871,92.64318732802619,100.55324615563211,89.83941659138479,97.10738319699848,96.87996294386564,NA,NA,96.29684514613793,Braxton Garrett,"<a href=""leaders.aspx?pos=all&stats=pit&lg=all&qual=0&type=strType&season=2023&month=0&season1=2023&ind=1&team=20&rost=0&age=0"">MIA</a>",159.2,3.663883323200095,3.6809276517664835,3.4193979786620887,0.19271624,45.1,0.307
666142,106.99516436138725,NA,104.26920200097051,101.49074877574176,NA,113.96211384221066,NA,106.66061718805157,105.05084316536039,Cole Ragans,- - -,96,3.468750275671504,3.192540354530016,3.7085289276804385,0.18367347,36.9,0.266
666154,88.80097957776135,NA,93.43845549748804,91.17935908371759,90.72015322208472,97.61158929807975,NA,NA,91.96575419013841,Karl Kauffmann,"<a href=""leaders.aspx?pos=all&stats=pit&lg=all&qual=0&type=strType&season=2023&month=0&season1=2023&ind=1&team=19&rost=0&age=0"">COL</a>",35,8.228571876993009,5.91218336144273,6.275255736533049,0,49.2,0.384
666157,95.28103593243266,102.15504361537924,NA,95.82140013958131,91.92770898121316,NA,NA,NA,97.46951411100449,Nick Lodolo,"<a href=""leaders.aspx?pos=all&stats=pit&lg=all&qual=0&type=strType&season=2023&month=0&season1=2023&ind=1&team=18&rost=0&age=0"">CIN</a>",34.1,6.291262368924867,5.789021035869586,3.7843806187954785,0.22289157,40.2,0.426
666159,97.08118265405598,102.55215819777143,NA,100.84410988273302,NA,NA,105.66382767549167,NA,102.40292672628729,Matt Manning,"<a href=""leaders.aspx?pos=all&stats=pit&lg=all&qual=0&type=strType&season=2023&month=0&season1=2023&ind=1&team=6&rost=0&age=0"">DET</a>",78,3.576923076923077,4.806322410779122,5.325835804220958,0.09177215,43.9,0.281
666168,102.49454780457675,101.58458878997936,NA,94.90606063339692,100.69370404623325,100.9158712403321,NA,NA,100.41168688995555,Mason Thompson,"<a href=""leaders.aspx?pos=all&stats=pit&lg=all&qual=0&type=strType&season=2023&month=0&season1=2023&ind=1&team=24&rost=0&age=0"">WSN</a>",54,5.500001554136362,4.032818357051708,4.600736808223075,0.09166667,35.9,0.345
666200,98.79169563613856,NA,100.14648106595162,99.05787194759084,98.56881326956864,103.55453035879079,NA,NA,100.2280363125626,Jesús Luzardo,"<a href=""leaders.aspx?pos=all&stats=pit&lg=all&qual=0&type=strType&season=2023&month=0&season1=2023&ind=1&team=20&rost=0&age=0"">MIA</a>",178.2,3.576492740943837,3.5516821674313794,3.7184182870242912,0.20647773,40,0.307
666201,98.35380160801098,NA,NA,97.72679766043719,94.7311495574377,99.31288670797252,NA,NA,97.40973886814604,Alek Manoah,"<a href=""leaders.aspx?pos=all&stats=pit&lg=all&qual=0&type=strType&season=2023&month=0&season1=2023&ind=1&team=14&rost=0&age=0"">TOR</a>",87.1,5.874046143629126,6.014582504944672,5.845292508603178,0.04819277,44.8,0.37
666202,77.20507022973408,123.08685933319802,NA,NA,NA,100.87538034268886,NA,NA,100.38910330187365,NA,NA,NA,NA,NA,NA,NA,NA,NA
666204,89.09285538793986,NA,NA,91.1474588531827,NA,105.39259877837372,NA,NA,99.83970608523339,Dany Jiménez,"<a href=""leaders.aspx?pos=all&stats=pit&lg=all&qual=0&type=strType&season=2023&month=0&season1=2023&ind=1&team=10&rost=0&age=0"">OAK</a>",23.1,3.4714290443732456,4.926469158639744,5.5224945024019165,0.07446809,33.9,0.248
666205,98.89319378920192,100.99130731681207,NA,95.61248061238997,NA,100.3558072473431,NA,NA,97.80029632657212,Kyle Muller,"<a href=""leaders.aspx?pos=all&stats=pit&lg=all&qual=0&type=strType&season=2023&month=0&season1=2023&ind=1&team=10&rost=0&age=0"">OAK</a>",77,7.597402785596049,6.1381573140309555,5.498180264142022,0.04569893,49.6,0.417
666207,NA,NA,NA,NA,93.18888463577721,109.79836312476505,NA,NA,96.51078033357479,Riley Pint,"<a href=""leaders.aspx?pos=all&stats=pit&lg=all&qual=0&type=strType&season=2023&month=0&season1=2023&ind=1&team=19&rost=0&age=0"">COL</a>",0.1,27.000028163224034,30.255068522721103,35.21512895831767,-0.6,NA,NA
666208,NA,NA,97.5811051837592,101.5419326982481,NA,101.7092405320877,110.46363183458182,NA,101.15787163248648,Alex Speas,"<a href=""leaders.aspx?pos=all&stats=pit&lg=all&qual=0&type=strType&season=2023&month=0&season1=2023&ind=1&team=13&rost=0&age=0"">TEX</a>",2,13.500006437304705,6.75504202842792,8.408394570757967,-0.08333333,33.3,0.414
666214,102.318921760154,99.37705640772946,102.55326725877882,94.86365337950065,NA,NA,NA,NA,98.77172396527976,Joey Wentz,"<a href=""leaders.aspx?pos=all&stats=pit&lg=all&qual=0&type=strType&season=2023&month=0&season1=2023&ind=1&team=6&rost=0&age=0"">DET</a>",105.2,6.899054042867549,5.8102455605591254,5.128505630148865,0.10365854,41.5,0.38
666277,105.66846111706543,NA,NA,91.49727944885167,NA,106.19167333835011,NA,NA,100.01921194643327,George Soriano,"<a href=""leaders.aspx?pos=all&stats=pit&lg=all&qual=0&type=strType&season=2023&month=0&season1=2023&ind=1&team=20&rost=0&age=0"">MIA</a>",52,3.8076928663536758,4.370425138529965,4.682753068492077,0.12719298,38.5,0.308
666301,101.36541110484002,NA,100.14431526294828,101.26914147430175,NA,97.77990211075546,NA,NA,100.88593231858661,NA,NA,NA,NA,NA,NA,NA,NA,NA
666364,93.71045551766713,98.49736784127857,NA,93.59947953234487,NA,102.51027487771407,NA,NA,96.34899988483237,Jordan Balazovic,"<a href=""leaders.aspx?pos=all&stats=pit&lg=all&qual=0&type=strType&season=2023&month=0&season1=2023&ind=1&team=8&rost=0&age=0"">MIN</a>",24.1,4.438356744211895,6.008465376739635,5.307665320716487,0.0462963,49.4,0.358
666374,111.39143945356372,NA,110.80208675382916,98.10593861669032,98.74195769312348,122.10624264529505,NA,117.11606734481052,112.30337684021966,Matt Brash,"<a href=""leaders.aspx?pos=all&stats=pit&lg=all&qual=0&type=strType&season=2023&month=0&season1=2023&ind=1&team=11&rost=0&age=0"">SEA</a>",70.2,3.056604543586292,2.2644740722237353,3.046187240494761,0.25324675,34.3,0.292
666619,103.07499739739767,NA,NA,93.36105958586451,101.0006592780335,118.82243517339573,NA,NA,110.39599593181521,Gregory Santos,"<a href=""leaders.aspx?pos=all&stats=pit&lg=all&qual=0&type=strType&season=2023&month=0&season1=2023&ind=1&team=4&rost=0&age=0"">CHW</a>",66.1,3.3919604492111683,2.652025168526196,3.3069113292279018,0.16955017,34.8,0.283
666661,114.68092028817406,NA,NA,106.88341507742341,NA,105.03521374303551,NA,NA,107.57489837395626,NA,NA,NA,NA,NA,NA,NA,NA,NA
666720,102.82539318555895,NA,NA,99.36886907093617,102.55165360513608,111.2865707282697,NA,NA,104.04790965413693,Yerry Rodríguez,"<a href=""leaders.aspx?pos=all&stats=pit&lg=all&qual=0&type=strType&season=2023&month=0&season1=2023&ind=1&team=13&rost=0&age=0"">TEX</a>",13.2,7.902439943457806,3.328211099714272,4.6755539387334935,0.13636364,44.4,0.381
666721,101.7847140429525,NA,NA,95.70482325174966,95.04942176538142,102.6494621858636,NA,NA,99.33016159687406,Max Castillo,"<a href=""leaders.aspx?pos=all&stats=pit&lg=all&qual=0&type=strType&season=2023&month=0&season1=2023&ind=1&team=7&rost=0&age=0"">KCR</a>",20.1,4.42623020019378,5.320614452920834,5.830798397612655,0.01123596,40.3,0.342
666745,101.07180383419418,NA,NA,90.78707973585406,98.13149944110091,101.37030915464669,102.92420099674756,96.44509227844327,98.07514860057775,Jhony Brito,"<a href=""leaders.aspx?pos=all&stats=pit&lg=all&qual=0&type=strType&season=2023&month=0&season1=2023&ind=1&team=9&rost=0&age=0"">NYY</a>",90.1,4.284133082548646,4.738435276968694,4.6637705412374935,0.11827957,36.9,0.318
666785,NA,107.09070740827208,NA,91.1353850264103,94.19209621951086,NA,NA,NA,97.75600845682916,NA,NA,NA,NA,NA,NA,NA,NA,NA
666803,NA,NA,NA,NA,81.54773852767741,NA,NA,NA,81.54773852767741,NA,NA,NA,NA,NA,NA,NA,NA,NA
666808,NA,NA,99.62148420680485,108.93414981050758,100.47825262630164,113.39129150911275,NA,NA,104.73287534721726,Camilo Doval,"<a href=""leaders.aspx?pos=all&stats=pit&lg=all&qual=0&type=strType&season=2023&month=0&season1=2023&ind=1&team=30&rost=0&age=0"">SFG</a>",67.2,2.926108814274652,2.7673555571179618,3.363821915598385,0.21708185,41.3,0.262
666818,93.45790722737163,NA,95.88059778557016,99.116981545107,NA,100.33792213635186,NA,NA,97.62299378752942,Luis Frías,"<a href=""leaders.aspx?pos=all&stats=pit&lg=all&qual=0&type=strType&season=2023&month=0&season1=2023&ind=1&team=15&rost=0&age=0"">ARI</a>",31,4.064516879269424,4.674395460194329,5.389686395326006,0.0647482,38.3,0.339
666974,98.24332575907323,NA,NA,92.74212552323361,101.16651336920238,110.18054972429802,NA,NA,101.27062362477177,Yennier Cano,"<a href=""leaders.aspx?pos=all&stats=pit&lg=all&qual=0&type=strType&season=2023&month=0&season1=2023&ind=1&team=2&rost=0&age=0"">BAL</a>",72.2,2.1055051029637792,2.8421962216610352,3.013949269297578,0.18374558,38.1,0.261
667176,92.27110422385641,NA,NA,NA,91.51601817789278,96.5352870537015,NA,NA,92.16896227466637,NA,NA,NA,NA,NA,NA,NA,NA,NA
667421,NA,105.51771795344034,NA,87.94729077836188,97.50344193441725,99.2823655768838,NA,NA,95.87776779089162,NA,NA,NA,NA,NA,NA,NA,NA,NA
667427,79.2340681918983,NA,NA,98.53612043327504,NA,106.20638666997144,NA,NA,101.4969933043904,Zach Jackson,"<a href=""leaders.aspx?pos=all&stats=pit&lg=all&qual=0&type=strType&season=2023&month=0&season1=2023&ind=1&team=10&rost=0&age=0"">OAK</a>",18,2.500000529819177,3.088373657509125,4.47876785999722,0.1625,29.8,0.313
667445,NA,NA,NA,84.16345306230788,NA,NA,NA,NA,84.16345306230788,NA,NA,NA,NA,NA,NA,NA,NA,NA
667463,93.50732635085019,NA,NA,87.58130925138181,96.72890655315759,104.41341259404072,NA,NA,96.15946506284162,John King,- - -,37.1,3.6160721059661793,3.6836118683523216,3.917193702277316,0.06369427,37,0.327
667755,NA,NA,NA,96.85211533809598,103.9058694439176,118.41761716617026,NA,112.30805969347793,106.65150720157828,José Soriano,"<a href=""leaders.aspx?pos=all&stats=pit&lg=all&qual=0&type=strType&season=2023&month=0&season1=2023&ind=1&team=1&rost=0&age=0"">LAA</a>",42,3.6428574737237724,3.969326138658594,3.794099869330452,0.17837838,44.8,0.303
668338,98.60528684843996,96.17850535970364,NA,103.27297512101795,99.40626755014539,102.47618735766584,NA,NA,101.68950772384129,Tyson Miller,- - -,15.1,4.695652563315065,5.01591007074022,5.692458295556188,0.0625,44.7,0.308
668470,NA,NA,NA,97.09882478784252,NA,109.79439933467606,NA,NA,101.33068297012036,Hagen Danner,"<a href=""leaders.aspx?pos=all&stats=pit&lg=all&qual=0&type=strType&season=2023&month=0&season1=2023&ind=1&team=14&rost=0&age=0"">TOR</a>",0.1,0,3.255040359497071,3.255040359497071,0,NA,NA
668665,95.56541237010224,95.9002238304779,98.99182186983322,103.74183682963039,NA,99.41530080819044,106.00176260777923,NA,103.01829029949447,Stephen Nogosek,"<a href=""leaders.aspx?pos=all&stats=pit&lg=all&qual=0&type=strType&season=2023&month=0&season1=2023&ind=1&team=25&rost=0&age=0"">NYM</a>",25.2,5.610390583205138,6.2160798339664485,5.238440292749765,0.09322034,42.9,0.382
668674,105.73926749058704,NA,108.15853651740912,97.73728356127943,100.21518261374968,104.74373085668735,NA,NA,101.70931692045166,Lucas Erceg,"<a href=""leaders.aspx?pos=all&stats=pit&lg=all&qual=0&type=strType&season=2023&month=0&season1=2023&ind=1&team=10&rost=0&age=0"">OAK</a>",55,4.745455532862341,3.3095858253920403,4.546208554402583,0.12749004,33.3,0.328
668676,93.25964521475396,98.2653701927081,NA,91.07237816772196,NA,99.92455075217731,NA,NA,95.1669099131889,Zach Plesac,"<a href=""leaders.aspx?pos=all&stats=pit&lg=all&qual=0&type=strType&season=2023&month=0&season1=2023&ind=1&team=5&rost=0&age=0"">CLE</a>",21.1,7.593750452622798,4.473790432140236,4.505686157235253,0.08571429,43,0.418
668678,100.77025906319831,NA,98.15290615209601,102.82682664051927,128.9041671242495,103.13624314948753,NA,107.39721448814808,103.07694054465122,Zac Gallen,"<a href=""leaders.aspx?pos=all&stats=pit&lg=all&qual=0&type=strType&season=2023&month=0&season1=2023&ind=1&team=15&rost=0&age=0"">ARI</a>",210,3.4714285714285715,3.26456416902088,3.485153228754089,0.20449173,46.2,0.289
668683,NA,97.48559399802444,NA,86.91252654669799,84.10027591810864,NA,NA,NA,88.45523283313598,NA,NA,NA,NA,NA,NA,NA,NA,NA
668754,93.61285974522168,NA,101.25636978940467,NA,85.73377952179874,NA,102.03951689475382,NA,97.14848308962212,Braden Bristo,- - -,7,2.5714285714285716,3.540754645211356,6.138878829990114,0.03333333,14.3,0.224
668834,91.6770945200601,95.70675009149339,90.86998030913252,91.2307614606921,97.96107087723725,94.36462018986802,96.62657883664137,NA,94.82652395822832,Easton McGee,"<a href=""leaders.aspx?pos=all&stats=pit&lg=all&qual=0&type=strType&season=2023&month=0&season1=2023&ind=1&team=11&rost=0&age=0"">SEA</a>",6.2,0,3.105040345191955,4.841059852399301,0.04545455,31.6,0.088
668868,90.77946185789709,111.4026415640771,NA,87.98689122602177,NA,97.86533970962532,NA,NA,95.88674386539478,Zack Thompson,"<a href=""leaders.aspx?pos=all&stats=pit&lg=all&qual=0&type=strType&season=2023&month=0&season1=2023&ind=1&team=28&rost=0&age=0"">STL</a>",66.1,4.477387406730283,3.873130876924483,3.8257106255574245,0.16376307,43.6,0.329
668873,109.6206667787265,NA,95.23328375159898,90.99086984369956,90.8682745120685,NA,106.22863110618601,94.88182490612105,93.5509948245676,Caleb Kilian,"<a href=""leaders.aspx?pos=all&stats=pit&lg=all&qual=0&type=strType&season=2023&month=0&season1=2023&ind=1&team=17&rost=0&age=0"">CHC</a>",5.1,16.87500100582844,4.755040448904043,5.685050865933926,0.09090909,63.6,0.511
668881,99.97930646509623,100.58008804205605,NA,103.74601873734662,NA,110.12254418724936,NA,NA,106.03531448123213,Hunter Greene,"<a href=""leaders.aspx?pos=all&stats=pit&lg=all&qual=0&type=strType&season=2023&month=0&season1=2023&ind=1&team=18&rost=0&age=0"">CIN</a>",112,4.821428571428571,4.246111788068499,4.004109853027122,0.20883534,44.1,0.349
668909,99.81780094791506,99.68109736897128,NA,105.09157958527625,NA,103.81799565160519,NA,NA,103.62722845662572,Gavin Williams,"<a href=""leaders.aspx?pos=all&stats=pit&lg=all&qual=0&type=strType&season=2023&month=0&season1=2023&ind=1&team=5&rost=0&age=0"">CLE</a>",82,3.292682926829268,4.047723286326339,4.533596488688051,0.12753623,38.6,0.299
668933,84.41508173016571,NA,102.34092684032264,99.1153734793152,91.07840581519632,116.69004249849165,NA,NA,106.57205239456341,Graham Ashcraft,"<a href=""leaders.aspx?pos=all&stats=pit&lg=all&qual=0&type=strType&season=2023&month=0&season1=2023&ind=1&team=18&rost=0&age=0"">CIN</a>",145.2,4.757437403170407,5.060532476428985,4.574234104105646,0.09455128,38.9,0.339
668941,89.50857730929684,NA,108.31503982013025,87.90601043636377,92.54900823160114,108.03554254660685,NA,NA,94.347032793552,JoJo Romero,"<a href=""leaders.aspx?pos=all&stats=pit&lg=all&qual=0&type=strType&season=2023&month=0&season1=2023&ind=1&team=28&rost=0&age=0"">STL</a>",36.2,3.681818820228372,2.218676543432788,2.675776574630948,0.21768708,38.3,0.255
668968,85.31958614236271,NA,NA,84.53828844781346,93.30032086663405,100.1009229134216,NA,NA,95.14193876376741,NA,NA,NA,NA,NA,NA,NA,NA,NA
668970,102.35338872402639,NA,100.68076154237691,96.70919889681257,97.19017385960514,NA,107.1164088919226,NA,100.37258011587016,Gavin Hollowell,"<a href=""leaders.aspx?pos=all&stats=pit&lg=all&qual=0&type=strType&season=2023&month=0&season1=2023&ind=1&team=19&rost=0&age=0"">COL</a>",33.2,5.881189229453291,6.581773661006002,5.604371261175251,0.09090909,35.7,0.36
668984,103.35878562483514,NA,NA,104.53085135449655,NA,108.84228197467758,104.29169182092278,NA,105.21681333480858,Casey Legumina,"<a href=""leaders.aspx?pos=all&stats=pit&lg=all&qual=0&type=strType&season=2023&month=0&season1=2023&ind=1&team=18&rost=0&age=0"">CIN</a>",12.2,5.68421166755509,6.728725267447404,5.34663863217294,0.03278689,34.1,0.425
669022,100.91202083679146,107.31083631893033,NA,103.02098120784426,NA,103.59568193091914,103.10587907155923,NA,103.82277799985322,MacKenzie Gore,"<a href=""leaders.aspx?pos=all&stats=pit&lg=all&qual=0&type=strType&season=2023&month=0&season1=2023&ind=1&team=24&rost=0&age=0"">WSN</a>",136.1,4.4229830500962475,4.890737242036811,4.1110017086774775,0.16151203,43.7,0.339
669060,95.22459140357965,97.69180270864402,98.9684425810548,102.39165968791694,90.16508310510787,NA,NA,NA,96.33591926747418,Bryse Wilson,"<a href=""leaders.aspx?pos=all&stats=pit&lg=all&qual=0&type=strType&season=2023&month=0&season1=2023&ind=1&team=23&rost=0&age=0"">MIL</a>",76.2,2.58260903832597,4.128953518930606,4.716281491040007,0.12420382,35.8,0.281
669084,104.35427923700757,104.72956585862563,NA,102.9322350643943,NA,108.60005352661861,102.87399315826195,NA,104.37576462552805,DL Hall,"<a href=""leaders.aspx?pos=all&stats=pit&lg=all&qual=0&type=strType&season=2023&month=0&season1=2023&ind=1&team=2&rost=0&age=0"">BAL</a>",19.1,3.2586215469417037,2.9964196018032845,3.1054013451547586,0.22222222,26.4,0.289
669085,103.18630093546267,NA,NA,NA,109.89879271663665,103.07365953665439,NA,NA,105.82624108840895,NA,NA,NA,NA,NA,NA,NA,NA,NA
669093,99.05559742772235,100.56422706329266,NA,112.06754438801013,NA,104.49196001367582,NA,NA,110.68909591396542,Jeremiah Estrada,"<a href=""leaders.aspx?pos=all&stats=pit&lg=all&qual=0&type=strType&season=2023&month=0&season1=2023&ind=1&team=17&rost=0&age=0"">CHC</a>",10.2,6.750001609325793,9.067541745305391,6.672568805224525,0.01785714,71,0.426
669105,90.62444801544784,NA,NA,97.7646237748146,NA,93.2615588623399,NA,NA,95.72253431669469,Zach Muckenhirn,"<a href=""leaders.aspx?pos=all&stats=pit&lg=all&qual=0&type=strType&season=2023&month=0&season1=2023&ind=1&team=25&rost=0&age=0"">NYM</a>",6,6.000000953674468,3.7550404389699428,6.510627133542184,0.03225806,48,0.428
669111,NA,NA,NA,105.35415900495956,NA,106.91116539137998,NA,NA,106.26005362978599,John McMillon,"<a href=""leaders.aspx?pos=all&stats=pit&lg=all&qual=0&type=strType&season=2023&month=0&season1=2023&ind=1&team=7&rost=0&age=0"">KCR</a>",4,2.25,2.5050403594970705,0.9083921134471895,0.61538462,80,0.154
669145,96.36198816937973,102.14276505436673,NA,86.20469489325826,92.14383201520579,99.9860374759155,NA,NA,96.88192576808723,Bruce Zimmermann,"<a href=""leaders.aspx?pos=all&stats=pit&lg=all&qual=0&type=strType&season=2023&month=0&season1=2023&ind=1&team=2&rost=0&age=0"">BAL</a>",13.1,4.725000112652781,4.53004038989544,3.3410597031955565,0.2295082,42.2,0.343
669160,96.7451161671384,NA,101.51023205081546,106.17314878921154,100.54257725833465,116.39376063535377,122.50928572508917,NA,105.61273914796587,Dustin May,"<a href=""leaders.aspx?pos=all&stats=pit&lg=all&qual=0&type=strType&season=2023&month=0&season1=2023&ind=1&team=22&rost=0&age=0"">LAD</a>",48,2.625,3.2342070261637375,4.582280618573229,0.09625668,40,0.229
669165,103.76924194833344,100.17755582482475,NA,88.70985859500612,NA,NA,NA,NA,95.61784795577525,Kyle Hurt,"<a href=""leaders.aspx?pos=all&stats=pit&lg=all&qual=0&type=strType&season=2023&month=0&season1=2023&ind=1&team=22&rost=0&age=0"">LAD</a>",2,0,0.2550403594970705,1.08171623647213,0.5,NA,NA
669169,97.70776167083947,96.07536312511115,NA,98.01644717848336,NA,NA,103.68501484987544,NA,98.96498031687412,Jonathan Heasley,"<a href=""leaders.aspx?pos=all&stats=pit&lg=all&qual=0&type=strType&season=2023&month=0&season1=2023&ind=1&team=7&rost=0&age=0"">KCR</a>",15,7.200000457763701,6.9883739301893595,5.079956381315615,0.11111111,37.3,0.383
669180,NA,NA,NA,97.46523354351275,NA,101.6238720636446,NA,NA,100.11163987450576,NA,NA,NA,NA,NA,NA,NA,NA,NA
669194,102.78371802510705,96.0507654690538,102.7102340826319,99.36208576782606,81.96913765843132,102.72432502409788,104.51178029740055,NA,100.53331737710305,Ryne Nelson,"<a href=""leaders.aspx?pos=all&stats=pit&lg=all&qual=0&type=strType&season=2023&month=0&season1=2023&ind=1&team=15&rost=0&age=0"">ARI</a>",144,5.312500211099792,5.067540431519353,5.300530139219024,0.08077544,42.7,0.357
669203,96.23972906896392,108.87312142742135,106.5073348603711,NA,94.77255431358307,110.27139342356634,124.09338541426868,NA,105.86914552476331,Corbin Burnes,"<a href=""leaders.aspx?pos=all&stats=pit&lg=all&qual=0&type=strType&season=2023&month=0&season1=2023&ind=1&team=23&rost=0&age=0"">MIL</a>",193.2,3.392427028448635,3.812699597050271,3.8043166448685737,0.17091836999999999,32.4,0.266
669211,101.49813615884493,95.79467893719226,NA,100.92643896755672,94.07002102049361,103.63161121934644,NA,NA,101.63558410713081,Keegan Akin,"<a href=""leaders.aspx?pos=all&stats=pit&lg=all&qual=0&type=strType&season=2023&month=0&season1=2023&ind=1&team=2&rost=0&age=0"">BAL</a>",23.2,6.8450728130594864,2.9592656083154876,3.886612447579133,0.17857143,48.7,0.365
669212,105.26453967354418,105.05637436041248,NA,98.0022028395428,NA,101.41670069599255,NA,NA,101.3113480283171,Eli Morgan,"<a href=""leaders.aspx?pos=all&stats=pit&lg=all&qual=0&type=strType&season=2023&month=0&season1=2023&ind=1&team=5&rost=0&age=0"">CLE</a>",67.1,4.009901293001178,3.8788027828528095,3.8845647812651682,0.17056856,32.3,0.322
669270,100.29212623731631,98.34544509438206,NA,90.98774616775198,101.92664839656568,102.59201404215422,NA,NA,97.49396981382017,Joel Kuhnel,- - -,13,5.538462351059891,6.1781177114453465,5.704288491725648,-0.03448276,44.9,0.368
669276,95.78018057616248,NA,NA,99.9183503529893,NA,101.52295696758,NA,NA,100.20111441975028,Dylan Lee,"<a href=""leaders.aspx?pos=all&stats=pit&lg=all&qual=0&type=strType&season=2023&month=0&season1=2023&ind=1&team=16&rost=0&age=0"">ATL</a>",23.2,4.1830997152999325,4.43813926887483,4.057314332881168,0.15841584,39.1,0.326
669302,NA,NA,NA,92.29319603930686,92.21268435213223,107.91119444690138,NA,98.1521692882608,100.67510447208615,Logan Gilbert,"<a href=""leaders.aspx?pos=all&stats=pit&lg=all&qual=0&type=strType&season=2023&month=0&season1=2023&ind=1&team=11&rost=0&age=0"">SEA</a>",190.2,3.729021177973243,3.847697733774112,3.7607957135491796,0.1987013,44.6,0.29
669330,113.33565224657896,92.10237571646039,98.15430740958398,96.88881207816507,NA,105.57835643689526,NA,NA,101.22061254446226,Tyler Wells,"<a href=""leaders.aspx?pos=all&stats=pit&lg=all&qual=0&type=strType&season=2023&month=0&season1=2023&ind=1&team=2&rost=0&age=0"">BAL</a>",118.2,3.6404495162202966,4.982568486407165,4.6263028882563795,0.17659575,38.7,0.286
669373,106.05699342696325,NA,NA,96.75816855680559,99.73363191845704,104.39009339857752,NA,96.73658165325715,100.85502081427245,Tarik Skubal,"<a href=""leaders.aspx?pos=all&stats=pit&lg=all&qual=0&type=strType&season=2023&month=0&season1=2023&ind=1&team=6&rost=0&age=0"">DET</a>",80.1,2.8008300528517633,1.9977788691058345,2.564763388195744,0.28387097,40.3,0.238
669387,103.85528590696619,NA,99.0533697149873,95.5097509445429,94.19041550786416,108.55050479293917,109.37257949832878,NA,100.12657600528601,Carmen Mlodzinski,"<a href=""leaders.aspx?pos=all&stats=pit&lg=all&qual=0&type=strType&season=2023&month=0&season1=2023&ind=1&team=27&rost=0&age=0"">PIT</a>",36,2.2500004172325907,4.032818281503398,4.327278131065485,0.10526316,41.4,0.279
669391,91.03454733790365,101.91723159667933,101.46392345239579,95.61629411327444,85.48976544535704,94.06836277436464,102.92696566569393,NA,98.19722515942715,Owen White,"<a href=""leaders.aspx?pos=all&stats=pit&lg=all&qual=0&type=strType&season=2023&month=0&season1=2023&ind=1&team=13&rost=0&age=0"">TEX</a>",4,11.25,9.25504035949707,4.4083921134471895,0.10526316,23.1,0.447
669395,NA,NA,100.26571091246716,98.72825130115342,NA,NA,113.09370545291598,NA,103.8977312337905,Dylan Coleman,"<a href=""leaders.aspx?pos=all&stats=pit&lg=all&qual=0&type=strType&season=2023&month=0&season1=2023&ind=1&team=7&rost=0&age=0"">KCR</a>",18.1,8.836366087859021,7.018677767288876,6.60487856112673,0.02083333,33.3,0.384
669424,101.78696565630683,NA,NA,94.79595565422984,NA,104.84224509524388,NA,95.39966635835204,98.66364537624372,Jimmy Lambert,"<a href=""leaders.aspx?pos=all&stats=pit&lg=all&qual=0&type=strType&season=2023&month=0&season1=2023&ind=1&team=4&rost=0&age=0"">CHW</a>",37.2,5.256638055419594,6.201943511777752,4.901436281914572,0.12209302,46.4,0.385
669432,104.74306376322687,NA,NA,96.0704441625437,100.13580260508851,95.92398028646144,NA,NA,98.76390914920783,Trevor Rogers,"<a href=""leaders.aspx?pos=all&stats=pit&lg=all&qual=0&type=strType&season=2023&month=0&season1=2023&ind=1&team=20&rost=0&age=0"">MIA</a>",18,4,4.0883736928304035,4.38913387755553,0.16455696,33.3,0.292
669437,103.32602953629316,95.89090206289666,100.59212317547423,110.26235461442413,NA,99.26554166683623,NA,NA,102.77978933494505,NA,NA,NA,NA,NA,NA,NA,NA,NA
669438,103.03969710555334,94.60556621447093,NA,91.64337316980408,NA,94.29484276798168,NA,NA,95.78670789721542,Mason Englert,"<a href=""leaders.aspx?pos=all&stats=pit&lg=all&qual=0&type=strType&season=2023&month=0&season1=2023&ind=1&team=6&rost=0&age=0"">DET</a>",56,5.464286644848184,5.5943264721608355,5.0229224738916525,0.09486166,44.6,0.368
669443,NA,105.74678514630973,103.62017432489021,66.70953268241173,106.33523436172963,NA,NA,NA,95.68362093778737,NA,NA,NA,NA,NA,NA,NA,NA,NA
669456,93.81649936425053,NA,96.6043394661409,93.9022010298357,NA,99.9790647058094,NA,103.92662824501906,97.11473139717042,Shane Bieber,"<a href=""leaders.aspx?pos=all&stats=pit&lg=all&qual=0&type=strType&season=2023&month=0&season1=2023&ind=1&team=5&rost=0&age=0"">CLE</a>",128,3.796875,3.8722278594970705,3.961619697092101,0.1369606,47.8,0.307
669459,NA,NA,98.47996301295449,93.3078344362045,NA,101.30822280417922,NA,NA,98.3254206322736,Kyle Nelson,"<a href=""leaders.aspx?pos=all&stats=pit&lg=all&qual=0&type=strType&season=2023&month=0&season1=2023&ind=1&team=15&rost=0&age=0"">ARI</a>",56,4.178572994106257,4.451469379177067,3.555299619363099,0.22175732,39.5,0.339
669461,97.35449240879205,110.5549151140862,94.74301633299699,91.44810919810227,93.609762344556,110.27890022985694,NA,NA,98.64925868385468,Matthew Liberatore,"<a href=""leaders.aspx?pos=all&stats=pit&lg=all&qual=0&type=strType&season=2023&month=0&season1=2023&ind=1&team=28&rost=0&age=0"">STL</a>",61.2,5.2540546770006005,4.276662102247187,5.0189524742782625,0.07636364,42.7,0.341
669467,NA,95.73496414734277,NA,95.23644594448423,91.77302587785078,106.45463225021618,NA,NA,97.12401677666796,Andre Pallante,"<a href=""leaders.aspx?pos=all&stats=pit&lg=all&qual=0&type=strType&season=2023&month=0&season1=2023&ind=1&team=28&rost=0&age=0"">STL</a>",68,4.764706951524387,4.593275953906698,4.005438915247453,0.04304636,41.6,0.341
669618,NA,97.75122471827395,NA,104.56294011214781,NA,103.70394268205338,NA,NA,103.89274347412079,Joe Barlow,"<a href=""leaders.aspx?pos=all&stats=pit&lg=all&qual=0&type=strType&season=2023&month=0&season1=2023&ind=1&team=13&rost=0&age=0"">TEX</a>",9.2,4.655173638488148,5.3240064210473586,5.884042774423051,0.09090909,36.1,0.36
669639,NA,NA,NA,95.77245885801973,98.30205133065911,100.54919922416367,NA,NA,99.09748535059565,NA,NA,NA,NA,NA,NA,NA,NA,NA
669648,85.11034964786859,NA,NA,NA,NA,92.08835882005039,NA,NA,87.72710308743676,NA,NA,NA,NA,NA,NA,NA,NA,NA
669674,98.95915671782193,99.0786761686514,NA,97.29745651365442,NA,104.1221981287932,NA,NA,98.77673782444971,Sam Long,"<a href=""leaders.aspx?pos=all&stats=pit&lg=all&qual=0&type=strType&season=2023&month=0&season1=2023&ind=1&team=10&rost=0&age=0"">OAK</a>",45,5.600000949435925,4.743929500815352,5.393730721543056,0.05527638,37.9,0.341
669684,92.42636892275794,104.9539680025164,NA,97.81010188809549,101.4973211903284,98.72783682464201,104.53890360922796,NA,99.43739606212539,Chris Murphy,"<a href=""leaders.aspx?pos=all&stats=pit&lg=all&qual=0&type=strType&season=2023&month=0&season1=2023&ind=1&team=3&rost=0&age=0"">BOS</a>",47.2,4.9090915638705654,3.6955998588187877,4.066248601210967,0.1509434,33.1,0.321
669697,NA,NA,NA,101.62013490970443,NA,107.53765780413597,NA,NA,104.32161275281449,NA,NA,NA,NA,NA,NA,NA,NA,NA
669711,93.4537597113021,NA,104.96115724387965,99.88668970135942,95.74783346713916,NA,115.19973977289612,NA,102.84679429790417,Greg Weissert,"<a href=""leaders.aspx?pos=all&stats=pit&lg=all&qual=0&type=strType&season=2023&month=0&season1=2023&ind=1&team=9&rost=0&age=0"">NYY</a>",20,4.050000772476344,4.35504056930546,3.893057059744206,0.16091954,39.3,0.336
669713,100.70715713051558,NA,102.40242479560023,90.80117946189928,94.91437344174605,102.50853743803758,111.88143587620758,NA,100.80485079307246,Hayden Wesneski,"<a href=""leaders.aspx?pos=all&stats=pit&lg=all&qual=0&type=strType&season=2023&month=0&season1=2023&ind=1&team=17&rost=0&age=0"">CHC</a>",89.1,4.634328622068071,5.482652426626409,4.348940814083752,0.13456464,38.1,0.33
669721,95.28782654769073,92.54648363447039,NA,95.70346724789232,100.22977330449007,105.53419292539387,NA,NA,96.95976401958538,Davis Daniel,"<a href=""leaders.aspx?pos=all&stats=pit&lg=all&qual=0&type=strType&season=2023&month=0&season1=2023&ind=1&team=1&rost=0&age=0"">LAA</a>",12.1,2.1891892456155015,5.03882418925785,5.99560337412842,0,23.5,0.288
669724,92.18283153839658,NA,91.99437210623576,NA,90.58617772134544,102.42640598573624,101.41360054399068,NA,93.16735381474935,Brenan Hanifee,"<a href=""leaders.aspx?pos=all&stats=pit&lg=all&qual=0&type=strType&season=2023&month=0&season1=2023&ind=1&team=6&rost=0&age=0"">DET</a>",5,5.4,4.65504035949707,4.369732815027238,0.13043478,50,0.371
669796,95.13632287122206,NA,NA,91.8564091109582,NA,104.35393929872926,NA,NA,98.93047164479277,Jose E. Hernandez,"<a href=""leaders.aspx?pos=all&stats=pit&lg=all&qual=0&type=strType&season=2023&month=0&season1=2023&ind=1&team=27&rost=0&age=0"">PIT</a>",50.2,4.973685583579952,4.47872490783817,3.9969030291906,0.1793722,34.8,0.329
669854,101.62727080262582,99.66168805933474,NA,99.788648777114,NA,99.2403873958298,NA,NA,99.68088663041435,Ronel Blanco,"<a href=""leaders.aspx?pos=all&stats=pit&lg=all&qual=0&type=strType&season=2023&month=0&season1=2023&ind=1&team=21&rost=0&age=0"">HOU</a>",52,4.5,5.985809590266301,5.116089734778955,0.10619469,34.7,0.352
669912,97.32335289331151,NA,NA,94.50929707728513,99.44151783856454,99.81969924840895,NA,NA,98.69655736570319,Kirby Snead,"<a href=""leaders.aspx?pos=all&stats=pit&lg=all&qual=0&type=strType&season=2023&month=0&season1=2023&ind=1&team=10&rost=0&age=0"">OAK</a>",11.2,4.6285728158760335,4.369326407763523,4.8139153376000205,0.05357143,29.3,0.321
669923,103.91765162832084,NA,NA,94.02728326943966,98.28522616859013,107.9188644837282,NA,102.12162702632492,99.28593348144433,George Kirby,"<a href=""leaders.aspx?pos=all&stats=pit&lg=all&qual=0&type=strType&season=2023&month=0&season1=2023&ind=1&team=11&rost=0&age=0"">SEA</a>",190.2,3.3513987802038008,3.3442012034148556,3.630514826979142,0.20211361,40.9,0.284
669947,97.39151767272865,101.19206705836449,NA,90.75461577213049,NA,99.31598634587077,NA,NA,95.7040616421236,Jesse Scholtens,"<a href=""leaders.aspx?pos=all&stats=pit&lg=all&qual=0&type=strType&season=2023&month=0&season1=2023&ind=1&team=4&rost=0&age=0"">CHW</a>",85,5.294117884652436,5.313863981306351,5.276085196766342,0.07427056,37.6,0.349
669952,98.01153615468867,93.22440242922092,NA,92.56425996785845,96.07352660006232,102.19659607606859,104.66252705415359,NA,97.8435455550145,Mitch White,"<a href=""leaders.aspx?pos=all&stats=pit&lg=all&qual=0&type=strType&season=2023&month=0&season1=2023&ind=1&team=14&rost=0&age=0"">TOR</a>",12.2,7.105265654356082,4.912935678846823,5.992970960542489,0.1,42.5,0.375
670036,NA,NA,100.00615724683838,103.19679773863606,NA,NA,112.2261796462155,NA,106.70810129159558,Matt Festa,"<a href=""leaders.aspx?pos=all&stats=pit&lg=all&qual=0&type=strType&season=2023&month=0&season1=2023&ind=1&team=11&rost=0&age=0"">SEA</a>",9,4.000000423855297,5.810596185849066,6.38691505730149,0.02325581,33.3,0.319
670046,90.84879610283224,99.2651992995639,100.6475838285406,93.17186775051213,NA,NA,97.20762669094455,NA,93.68889817873149,Kenny Rosenberg,"<a href=""leaders.aspx?pos=all&stats=pit&lg=all&qual=0&type=strType&season=2023&month=0&season1=2023&ind=1&team=1&rost=0&age=0"">LAA</a>",33,3.8181818181818183,4.042919147375859,4.865163697618427,0.10273973,30.4,0.321
670056,93.25074948959099,92.73241278118208,NA,94.44637592867454,NA,99.9990383358292,NA,NA,95.71640890333838,NA,NA,NA,NA,NA,NA,NA,NA,NA
670059,NA,NA,105.15698638893778,104.73480662661356,99.94184348538609,NA,112.75127588590412,NA,104.643557403293,Colin Holderman,"<a href=""leaders.aspx?pos=all&stats=pit&lg=all&qual=0&type=strType&season=2023&month=0&season1=2023&ind=1&team=27&rost=0&age=0"">PIT</a>",56,3.8571433826369397,3.2907546500770426,3.7202936493418277,0.15833333,43.1,0.299
670102,NA,101.29069829918618,NA,102.36040519711202,NA,102.8976950816464,99.77130964133465,NA,102.02037819900373,Bowden Francis,"<a href=""leaders.aspx?pos=all&stats=pit&lg=all&qual=0&type=strType&season=2023&month=0&season1=2023&ind=1&team=14&rost=0&age=0"">TOR</a>",36.1,1.7339451968615047,3.860545031416961,4.1647885790087456,0.19852941,41.3,0.238
670124,96.67153431796233,111.00984695751625,92.78824939942379,97.92783836148654,NA,NA,NA,NA,97.74370252718943,Adam Oller,"<a href=""leaders.aspx?pos=all&stats=pit&lg=all&qual=0&type=strType&season=2023&month=0&season1=2023&ind=1&team=10&rost=0&age=0"">OAK</a>",19.2,10.067798400261157,7.221142759599951,6.942532361360518,0.00990099,46.7,0.417
670138,NA,NA,NA,NA,91.69656840661754,100.50113104051907,NA,NA,92.95436306860347,NA,NA,NA,NA,NA,NA,NA,NA,NA
670154,88.78705403327594,NA,NA,NA,91.70494611260875,NA,89.99229794726035,NA,90.49697909225713,NA,NA,NA,NA,NA,NA,NA,NA,NA
670167,106.13247906606678,NA,94.077047232381,100.01927633637419,104.63122390199761,NA,111.73263582530875,NA,106.08874427338739,John Schreiber,"<a href=""leaders.aspx?pos=all&stats=pit&lg=all&qual=0&type=strType&season=2023&month=0&season1=2023&ind=1&team=3&rost=0&age=0"">BOS</a>",46.2,3.8571433826369397,4.519326246028068,4.477630112098252,0.1372549,39.3,0.324
670174,101.31408560181316,NA,106.87485294170428,100.37709082820872,93.89901841070146,104.57944915158029,NA,NA,100.76331250632245,Josh Winckowski,"<a href=""leaders.aspx?pos=all&stats=pit&lg=all&qual=0&type=strType&season=2023&month=0&season1=2023&ind=1&team=3&rost=0&age=0"">BOS</a>",84.1,2.881423359358016,3.907214370874399,3.8922098956062157,0.13896458,41,0.319
670183,109.33856682994532,NA,NA,105.85443467118111,NA,100.91544433376419,NA,NA,105.02826710340204,Garrett Acton,"<a href=""leaders.aspx?pos=all&stats=pit&lg=all&qual=0&type=strType&season=2023&month=0&season1=2023&ind=1&team=10&rost=0&age=0"">OAK</a>",5.2,12.705885916846196,11.549160332993893,8.168021922386831,0,38.1,0.519
670241,91.75004245060614,NA,92.39858039448417,91.97289831811194,NA,93.89555400604556,NA,NA,92.20412980872703,Darius Vines,"<a href=""leaders.aspx?pos=all&stats=pit&lg=all&qual=0&type=strType&season=2023&month=0&season1=2023&ind=1&team=16&rost=0&age=0"">ATL</a>",20.1,3.9836066196567756,4.9763518618179,5.579002905950587,0.08333333,30.6,0.294
670280,NA,97.6593782706831,NA,106.38921760060096,105.95052274471512,NA,NA,NA,105.02825198706776,David Bednar,"<a href=""leaders.aspx?pos=all&stats=pit&lg=all&qual=0&type=strType&season=2023&month=0&season1=2023&ind=1&team=27&rost=0&age=0"">PIT</a>",67.1,2.004950646500589,2.5273175322487083,3.863378575867528,0.21299639,40.5,0.259
670329,100.1419913447788,103.80611483362681,NA,102.32668127405334,NA,NA,NA,NA,102.1035014194707,Rico Garcia,- - -,11.2,9.2571448750403,8.655041536603912,5.91792966101822,0.06666667,36.4,0.467
670393,103.18768020107514,NA,NA,94.52282990933864,NA,100.45222220263888,NA,NA,97.47660995369286,NA,NA,NA,NA,NA,NA,NA,NA,NA
670766,89.05123579714173,NA,NA,89.55977655687555,91.39735282251719,107.9602377772226,105.64475500802163,NA,98.9751454560856,Darren McCaughan,"<a href=""leaders.aspx?pos=all&stats=pit&lg=all&qual=0&type=strType&season=2023&month=0&season1=2023&ind=1&team=11&rost=0&age=0"">SEA</a>",5,5.4,3.6550403594970704,2.7083921134471893,0.25925926,50,0.361
670810,105.50045486722065,105.38619559260677,NA,96.58758611194385,NA,105.97667544458598,106.02862045115995,NA,101.561430260869,Logan Gillaspie,"<a href=""leaders.aspx?pos=all&stats=pit&lg=all&qual=0&type=strType&season=2023&month=0&season1=2023&ind=1&team=2&rost=0&age=0"">BAL</a>",9,6.000002543132588,6.366152789269524,5.130615130641629,0.06521739,65.6,0.479
670871,116.78728532354734,NA,NA,100.37035925214103,NA,112.74061273319577,NA,NA,106.15912499787301,Guillo Zuñiga,"<a href=""leaders.aspx?pos=all&stats=pit&lg=all&qual=0&type=strType&season=2023&month=0&season1=2023&ind=1&team=28&rost=0&age=0"">STL</a>",2,4.5,-0.7449596405029295,0.9083921134471895,0.5,NA,NA
670873,86.5229496601885,NA,NA,95.640514332475135,NA,103.12737220460974,NA,NA,97.52829597836757,NA,NA,NA,NA,NA,NA,NA,NA,NA
670912,96.29355888597057,100.99984495029214,NA,94.2196109779566,95.97928348064079,106.703675792452,NA,NA,100.08143018684724,Johan Oviedo,"<a href=""leaders.aspx?pos=all&stats=pit&lg=all&qual=0&type=strType&season=2023&month=0&season1=2023&ind=1&team=27&rost=0&age=0"">PIT</a>",177.2,4.305816381619302,4.487685833450831,4.865566717660169,0.09603073,40.2,0.319
670950,108.54741079105867,NA,NA,100.65858950797343,NA,NA,NA,NA,105.0425201924308,Trevor Richards,"<a href=""leaders.aspx?pos=all&stats=pit&lg=all&qual=0&type=strType&season=2023&month=0&season1=2023&ind=1&team=14&rost=0&age=0"">TOR</a>",72.2,4.954129133890013,4.218343246642351,3.803869069333553,0.22222222,37.6,0.318
670955,103.45271519394467,99.94038310144171,NA,99.54619177655466,NA,NA,NA,NA,100.89532681649993,Edwin Uceta,"<a href=""leaders.aspx?pos=all&stats=pit&lg=all&qual=0&type=strType&season=2023&month=0&season1=2023&ind=1&team=25&rost=0&age=0"">NYM</a>",3,0,4.255040359497071,5.90839211344719,0.09090909,40,0.193
670970,96.46852093909794,96.69163081001892,NA,105.12945206061453,NA,108.27141449187111,106.85436265639372,NA,104.22555628480696,Adrian Morejon,"<a href=""leaders.aspx?pos=all&stats=pit&lg=all&qual=0&type=strType&season=2023&month=0&season1=2023&ind=1&team=29&rost=0&age=0"">SDP</a>",9,7.000001483493696,4.588373975400632,4.98098711855078,0.06818182,38.7,0.428
670990,98.72608028484915,NA,NA,NA,99.5995250096824,NA,109.15214227085882,NA,102.08037728292679,Yohan Ramírez,- - -,38.1,4.226087622399246,4.6376492729980585,4.6553999391376,0.10227273,31.9,0.335
671093,NA,97.26270548696583,NA,90.41397194687171,NA,99.695702965691,NA,NA,95.93212956331375,NA,NA,NA,NA,NA,NA,NA,NA,NA
671096,94.28600693970314,103.84176395018109,NA,94.98658215086904,94.389672993126,NA,110.68409985116794,NA,98.8881478819496,Andrew Abbott,"<a href=""leaders.aspx?pos=all&stats=pit&lg=all&qual=0&type=strType&season=2023&month=0&season1=2023&ind=1&team=18&rost=0&age=0"">CIN</a>",109.1,3.868902619008442,4.197113574054682,4.562992521799875,0.16557734,42.5,0.32
671106,85.40042690475357,NA,96.65248998874817,98.64791988634605,85.33458017841306,96.7522208051966,101.73406297754241,NA,96.39869044194387,Logan Allen,"<a href=""leaders.aspx?pos=all&stats=pit&lg=all&qual=0&type=strType&season=2023&month=0&season1=2023&ind=1&team=5&rost=0&age=0"">CLE</a>",125.1,3.8058512182784066,4.188551035678566,4.283464203961432,0.13221602,39.1,0.326
671111,95.44924159360134,NA,NA,96.11771076574747,NA,99.80984546495615,101.36299279859057,NA,97.23805230003401,Sammy Peralta,"<a href=""leaders.aspx?pos=all&stats=pit&lg=all&qual=0&type=strType&season=2023&month=0&season1=2023&ind=1&team=4&rost=0&age=0"">CHW</a>",20,4.050001158714626,4.405040688514803,5.006395377606397,0.07777778,32.8,0.32
671131,108.53477020153835,95.72420570965258,NA,94.21354870611322,102.6058286603842,100.40605329593566,NA,NA,98.62530215038512,Jackson Rutledge,"<a href=""leaders.aspx?pos=all&stats=pit&lg=all&qual=0&type=strType&season=2023&month=0&season1=2023&ind=1&team=24&rost=0&age=0"">WSN</a>",20,6.75,5.855040359497071,6.148405928909779,0.06818182,50,0.376
671162,94.3702492027875,NA,100.3279839466691,NA,98.83417751681624,100.0264792167916,NA,NA,98.1354202950049,NA,NA,NA,NA,NA,NA,NA,NA,NA
671212,NA,104.63026058392346,NA,104.94738794150207,99.68063269840138,115.98110673193564,NA,NA,108.36937588909994,Joe Boyle,"<a href=""leaders.aspx?pos=all&stats=pit&lg=all&qual=0&type=strType&season=2023&month=0&season1=2023&ind=1&team=10&rost=0&age=0"">OAK</a>",16,1.6875,3.1300403594970705,4.590899021178484,0.16666667,42.5,0.212
671345,98.34970430813547,NA,NA,94.2121796246564,100.78609916391106,106.54768398818342,NA,NA,101.48903159162485,Jason Foley,"<a href=""leaders.aspx?pos=all&stats=pit&lg=all&qual=0&type=strType&season=2023&month=0&season1=2023&ind=1&team=6&rost=0&age=0"">DET</a>",69,2.6086962290658766,2.733301113683895,3.5066474323785917,0.14492754,42,0.275
671737,NA,92.59903986543544,106.18991691408225,105.04417676750437,103.87852784229852,NA,NA,NA,103.17334322641386,Taj Bradley,"<a href=""leaders.aspx?pos=all&stats=pit&lg=all&qual=0&type=strType&season=2023&month=0&season1=2023&ind=1&team=12&rost=0&age=0"">TBR</a>",104.2,5.589172110324838,4.793256957381342,3.8321315563916536,0.19565217,46.4,0.344
672282,99.41951063973232,97.76166897719312,NA,93.91398933674891,93.09098777753927,105.51012493867077,107.41106014994506,NA,98.60324256619059,Reid Detmers,"<a href=""leaders.aspx?pos=all&stats=pit&lg=all&qual=0&type=strType&season=2023&month=0&season1=2023&ind=1&team=1&rost=0&age=0"">LAA</a>",148.2,4.479820934334721,4.129479881214058,4.269679335694564,0.16770186,41.4,0.321
672335,NA,111.41392858332219,NA,100.8508160811402,96.04961509875945,107.93777387571527,NA,NA,101.1574392352196,Cionel Pérez,"<a href=""leaders.aspx?pos=all&stats=pit&lg=all&qual=0&type=strType&season=2023&month=0&season1=2023&ind=1&team=2&rost=0&age=0"">BAL</a>",53.1,3.543751098364932,3.836290539652165,4.5268038783621964,0.06882591,41.9,0.311
672374,102.01713965317302,NA,NA,85.13530166203256,89.61838397122663,90.48378933171453,NA,NA,93.81570773336826,NA,NA,NA,NA,NA,NA,NA,NA,NA
672391,95.99041651971001,NA,94.60979086782368,105.1097807184427,NA,NA,106.17252893107117,NA,104.80145034293763,Kaleb Ort,"<a href=""leaders.aspx?pos=all&stats=pit&lg=all&qual=0&type=strType&season=2023&month=0&season1=2023&ind=1&team=3&rost=0&age=0"">BOS</a>",23,6.260870344021467,5.863736336172682,5.275941411057893,0.14018692,39.7,0.379
672578,NA,NA,NA,107.61736441820909,111.0912969042205,110.0659076810393,NA,104.87895699516346,107.51249044228793,Carlos Hernández,"<a href=""leaders.aspx?pos=all&stats=pit&lg=all&qual=0&type=strType&season=2023&month=0&season1=2023&ind=1&team=7&rost=0&age=0"">KCR</a>",70,5.271429145968753,4.2836119001739,4.339633221564878,0.15333333,44.5,0.319
672582,88.40843602865479,NA,NA,87.44702624998621,91.14593865229435,104.85067569428783,NA,NA,92.61037642002118,Angel Zerpa,"<a href=""leaders.aspx?pos=all&stats=pit&lg=all&qual=0&type=strType&season=2023&month=0&season1=2023&ind=1&team=7&rost=0&age=0"">KCR</a>",42.2,4.851562789175676,4.544102936331187,4.038808539007943,0.15384615,45.5,0.335
672710,95.55746895344161,96.59192456626654,NA,96.62829186421529,NA,102.0469126806503,102.00015578911058,NA,98.90731916240374,Roansy Contreras,"<a href=""leaders.aspx?pos=all&stats=pit&lg=all&qual=0&type=strType&season=2023&month=0&season1=2023&ind=1&team=27&rost=0&age=0"">PIT</a>",68.1,6.585366068107617,5.1867477394753045,5.199063875393354,0.07615894,44.9,0.357
672715,103.88818233724655,96.24687065609643,NA,99.03515226370224,99.3651932972295,102.95402770511622,NA,NA,100.78345302014867,Luis Patiño,- - -,21.2,4.569230903309482,5.331963497365017,5.287059973317502,0.04040404,38.8,0.327
672730,95.80214166378057,NA,NA,96.39954908713833,94.33219144826857,100.74878938819077,NA,NA,96.25992598856485,Juan Then,"<a href=""leaders.aspx?pos=all&stats=pit&lg=all&qual=0&type=strType&season=2023&month=0&season1=2023&ind=1&team=11&rost=0&age=0"">SEA</a>",11,4.909091760304496,6.4368590930277625,4.244146511508101,0.0625,43.9,0.372
672755,84.4486927306511,NA,92.86926754328543,NA,95.04139459573508,88.89538251734423,NA,NA,91.76322316673415,NA,NA,NA,NA,NA,NA,NA,NA,NA
672782,102.10023263329505,103.33187064594237,NA,105.68775365692613,NA,100.96604870751169,115.41849017776262,NA,104.51189887363222,Yoendrys Gómez,"<a href=""leaders.aspx?pos=all&stats=pit&lg=all&qual=0&type=strType&season=2023&month=0&season1=2023&ind=1&team=9&rost=0&age=0"">NYY</a>",2,0,0.7550403594970705,1.58171623647213,0.5,NA,NA
672810,95.75223171522899,100.09422471425532,NA,97.09428724390025,NA,111.08739802573986,NA,NA,99.99124974303535,NA,NA,NA,NA,NA,NA,NA,NA,NA
672841,103.53125283625702,NA,124.33372507494155,102.00143753192891,103.54927115593368,NA,NA,NA,110.47906084668296,Carlos Vargas,"<a href=""leaders.aspx?pos=all&stats=pit&lg=all&qual=0&type=strType&season=2023&month=0&season1=2023&ind=1&team=15&rost=0&age=0"">ARI</a>",4.2,5.7857150739554095,9.04075543345248,4.532195232463547,0.13636364,70,0.462
672851,99.49952880354321,96.57293988456367,NA,90.58998829229932,92.58576789439947,99.32019005675033,NA,NA,94.31277982173975,Joan Adon,"<a href=""leaders.aspx?pos=all&stats=pit&lg=all&qual=0&type=strType&season=2023&month=0&season1=2023&ind=1&team=24&rost=0&age=0"">WSN</a>",51.2,6.445161607565682,4.977621089447058,4.91673960885598,0.1,48.5,0.361
672860,NA,NA,NA,98.28164787269712,NA,107.1923321585242,NA,NA,103.30818772624059,Prelander Berroa,"<a href=""leaders.aspx?pos=all&stats=pit&lg=all&qual=0&type=strType&season=2023&month=0&season1=2023&ind=1&team=11&rost=0&age=0"">SEA</a>",1.2,0,5.05504104614284,6.0470524769352405,0,NA,NA
672911,85.55502606116967,NA,NA,100.77835914815465,NA,102.49036649847622,NA,NA,99.84776984974368,NA,NA,NA,NA,NA,NA,NA,NA,NA
673111,103.6926423081401,NA,NA,105.38740477930472,NA,99.66237632976929,NA,NA,104.53959863683629,José Lopez,"<a href=""leaders.aspx?pos=all&stats=pit&lg=all&qual=0&type=strType&season=2023&month=0&season1=2023&ind=1&team=12&rost=0&age=0"">TBR</a>",2,4.5,2.7550403594970705,5.235067990422249,0.1,57.1,0.37
673540,NA,94.2461904208368,97.7002556545121,98.55746960060505,NA,103.38722696612189,102.9314281773224,NA,98.30065526780865,Kodai Senga,"<a href=""leaders.aspx?pos=all&stats=pit&lg=all&qual=0&type=strType&season=2023&month=0&season1=2023&ind=1&team=25&rost=0&age=0"">NYM</a>",166.1,2.9759519948084643,3.6337978861090567,3.7663191797245217,0.18011527,40.6,0.282
673766,NA,106.97558528699275,NA,88.46006280263934,NA,106.37153052695825,NA,NA,96.06531813498778,NA,NA,NA,NA,NA,NA,NA,NA,NA
673858,101.43196811032372,96.35116383215059,NA,87.5822708256058,NA,95.2414751735245,NA,NA,90.83922809142904,Jake Wong,"<a href=""leaders.aspx?pos=all&stats=pit&lg=all&qual=0&type=strType&season=2023&month=0&season1=2023&ind=1&team=18&rost=0&age=0"">CIN</a>",3,9,6.255040359497071,7.357274862130483,-0.2,33.3,0.516
674003,100.26588696015928,NA,96.14402291627655,93.15289031204225,NA,94.8139702759043,NA,NA,95.55145001641397,Cody Bradford,"<a href=""leaders.aspx?pos=all&stats=pit&lg=all&qual=0&type=strType&season=2023&month=0&season1=2023&ind=1&team=13&rost=0&age=0"">TEX</a>",56,5.303571970487183,4.683611934039073,4.4329232799972385,0.16666667,43.5,0.333
674072,98.52895823892426,97.62591110114482,NA,91.26176949075872,NA,95.3326213976783,NA,NA,94.29011321250232,Tommy Henry,"<a href=""leaders.aspx?pos=all&stats=pit&lg=all&qual=0&type=strType&season=2023&month=0&season1=2023&ind=1&team=15&rost=0&age=0"">ARI</a>",89,4.146067549011173,4.884253895016366,5.3978372146937605,0.07611549,32.4,0.324
674086,NA,NA,NA,90.04028684676952,NA,NA,NA,NA,90.04028684676952,NA,NA,NA,NA,NA,NA,NA,NA,NA
674285,88.65064599556834,NA,NA,94.99973741139027,97.42019346763267,96.60791877062258,NA,NA,96.36710799333369,Eduardo Salazar,"<a href=""leaders.aspx?pos=all&stats=pit&lg=all&qual=0&type=strType&season=2023&month=0&season1=2023&ind=1&team=18&rost=0&age=0"">CIN</a>",12.1,8.027027233923505,4.633418773403127,6.510196488423119,0,40.4,0.354
674342,98.91172200546205,95.41867065771417,NA,99.40325091662413,NA,NA,NA,NA,98.6461679701404,NA,NA,NA,NA,NA,NA,NA,NA,NA
674370,96.39230089955264,NA,97.70471130434265,97.56398036385264,95.22675062890673,101.33967028241956,NA,NA,98.22999161271596,Osvaldo Bido,"<a href=""leaders.aspx?pos=all&stats=pit&lg=all&qual=0&type=strType&season=2023&month=0&season1=2023&ind=1&team=27&rost=0&age=0"">PIT</a>",50.2,5.8618425098235205,4.103724628596098,4.937429619855203,0.11440678,37.1,0.326
674381,NA,NA,NA,93.40499678769072,NA,107.86852512947573,NA,NA,96.61911419697628,NA,NA,NA,NA,NA,NA,NA,NA,NA
674444,96.89311709283001,NA,104.5288947860204,101.76804169193622,99.01737718890789,113.28720400619058,NA,NA,104.3201245922209,Steven Cruz,"<a href=""leaders.aspx?pos=all&stats=pit&lg=all&qual=0&type=strType&season=2023&month=0&season1=2023&ind=1&team=7&rost=0&age=0"">KCR</a>",12.2,4.973684834641511,4.755040547722288,6.078224785162829,0.06451613,54.3,0.344
674681,96.3171483462813,NA,95.41513572204686,96.47622238714467,93.07287568212462,95.34165086478444,NA,NA,96.13016606706093,Michael Plassmeyer,"<a href=""leaders.aspx?pos=all&stats=pit&lg=all&qual=0&type=strType&season=2023&month=0&season1=2023&ind=1&team=26&rost=0&age=0"">PHI</a>",3.2,22.090912921370233,14.16413316017373,7.1350812227146605,0.17391304,43.8,0.564
675540,90.96636335878807,92.02949234712544,NA,93.72458151936276,NA,100.59473795687899,NA,NA,95.88707236407403,Xzavion Curry,"<a href=""leaders.aspx?pos=all&stats=pit&lg=all&qual=0&type=strType&season=2023&month=0&season1=2023&ind=1&team=5&rost=0&age=0"">CLE</a>",95,4.073684537681542,4.497145722407722,5.274155193220125,0.09158416,45.2,0.326
675627,99.3175935643223,NA,101.1997889117752,96.37398644421044,89.45348232630369,102.55650186668188,NA,94.5384389413841,98.42990193531408,Michael Grove,"<a href=""leaders.aspx?pos=all&stats=pit&lg=all&qual=0&type=strType&season=2023&month=0&season1=2023&ind=1&team=22&rost=0&age=0"">LAD</a>",69,6.130434782608695,4.35648963485939,3.9167031609493757,0.17880795,42,0.363
675640,NA,100.29465557835697,90.7528082497658,89.94565764954818,NA,NA,NA,NA,93.73338873275797,NA,NA,NA,NA,NA,NA,NA,NA,NA
675911,103.97352456316621,96.23814098420536,NA,111.87913748379974,NA,105.09268384433025,NA,NA,109.09974850201344,Spencer Strider,"<a href=""leaders.aspx?pos=all&stats=pit&lg=all&qual=0&type=strType&season=2023&month=0&season1=2023&ind=1&team=16&rost=0&age=0"">ATL</a>",186.2,3.857143067340473,2.853254623315771,2.9242724886054283,0.29226737,36.1,0.279
675916,NA,111.81616601745714,NA,103.1741801703265,NA,NA,NA,NA,106.79146853205404,James Karinchak,"<a href=""leaders.aspx?pos=all&stats=pit&lg=all&qual=0&type=strType&season=2023&month=0&season1=2023&ind=1&team=5&rost=0&age=0"">CLE</a>",39,3.2307698627902033,4.972989413520432,4.96549024373688,0.14035088,38.6,0.3
675921,96.26918415783152,NA,NA,102.40526984167316,NA,103.34658431789617,NA,NA,102.2176376067984,Spencer Howard,"<a href=""leaders.aspx?pos=all&stats=pit&lg=all&qual=0&type=strType&season=2023&month=0&season1=2023&ind=1&team=13&rost=0&age=0"">TEX</a>",3.1,10.80000102996836,9.555040960311947,8.63107402930581,-0.05555556,33.3,0.415
675989,106.61444381157753,NA,NA,97.11701035179756,90.93436906891026,NA,109.13554122701326,NA,101.86559727266585,Cody Bolton,"<a href=""leaders.aspx?pos=all&stats=pit&lg=all&qual=0&type=strType&season=2023&month=0&season1=2023&ind=1&team=27&rost=0&age=0"">PIT</a>",21.1,6.328125942964247,5.270665659848646,4.992557887735595,0.06542056,43.5,0.414
676050,94.39114923668582,NA,96.15470842247048,91.23141450615114,91.89635355492307,NA,NA,NA,93.44201609683373,Packy Naughton,"<a href=""leaders.aspx?pos=all&stats=pit&lg=all&qual=0&type=strType&season=2023&month=0&season1=2023&ind=1&team=28&rost=0&age=0"">STL</a>",5,0,1.8550400924682109,2.847051334049411,0.23529412,45.5,0.166
676083,NA,109.66745575415504,NA,99.59504636540396,96.51977799767742,98.55808610879046,102.3071233517133,NA,100.80084442767638,Janson Junk,"<a href=""leaders.aspx?pos=all&stats=pit&lg=all&qual=0&type=strType&season=2023&month=0&season1=2023&ind=1&team=23&rost=0&age=0"">MIL</a>",7.1,4.909091760304496,4.482313299573194,4.06232829816349,0.09090909,36,0.333
676089,NA,NA,106.49014719443369,112.55556482626294,NA,101.98107223418945,NA,NA,108.0974082245488,NA,NA,NA,NA,NA,NA,NA,NA,NA
676092,94.11966949143566,NA,104.9756296819188,93.44323101509507,92.42007700771498,108.45810148499827,114.04459137054698,NA,100.6232727937248,Collin Snider,"<a href=""leaders.aspx?pos=all&stats=pit&lg=all&qual=0&type=strType&season=2023&month=0&season1=2023&ind=1&team=7&rost=0&age=0"">KCR</a>",20.1,4.8688532202131585,6.009139150728756,5.554729156953592,-0.02105263,28.2,0.373
676106,101.58629971392341,NA,NA,94.23799308347607,96.30057610944692,98.20503970700891,NA,NA,96.74364432039388,Emerson Hancock,"<a href=""leaders.aspx?pos=all&stats=pit&lg=all&qual=0&type=strType&season=2023&month=0&season1=2023&ind=1&team=11&rost=0&age=0"">SEA</a>",12,4.5,4.088373692830404,5.07173005193472,0.06122449,35,0.3
676130,98.76907247543195,94.90693157678803,NA,98.92518425642115,91.93389149558348,101.83906161386558,NA,NA,98.69816198914152,José Buttó,"<a href=""leaders.aspx?pos=all&stats=pit&lg=all&qual=0&type=strType&season=2023&month=0&season1=2023&ind=1&team=25&rost=0&age=0"">NYM</a>",42,3.6428572255737945,4.016945138702048,4.899187555918177,0.08379888,44.1,0.281
676206,105.14762210858673,97.46578538421862,NA,100.93180400251256,NA,109.95064196863737,NA,NA,103.42247005400897,Freddy Tarnok,"<a href=""leaders.aspx?pos=all&stats=pit&lg=all&qual=0&type=strType&season=2023&month=0&season1=2023&ind=1&team=10&rost=0&age=0"">OAK</a>",14.2,4.909091441099366,7.141404417034069,6.188705927937201,0.04615385,40,0.358
676254,NA,71.01776408925379,NA,94.37016935457297,95.08043865106377,110.57044647628459,NA,NA,102.84093088596184,Ryan Walker,"<a href=""leaders.aspx?pos=all&stats=pit&lg=all&qual=0&type=strType&season=2023&month=0&season1=2023&ind=1&team=30&rost=0&age=0"">SFG</a>",61.1,3.2282616392427705,3.678953504044101,3.4659264934815126,0.20532319,26.4,0.328
676265,NA,NA,NA,100.19485172898858,NA,94.99858082806749,NA,105.11339477830623,102.12694518242483,Cory Abbott,"<a href=""leaders.aspx?pos=all&stats=pit&lg=all&qual=0&type=strType&season=2023&month=0&season1=2023&ind=1&team=24&rost=0&age=0"">WSN</a>",39.1,6.63559407839941,5.94995596221867,4.824891677085595,0.1147541,43.3,0.388
676272,113.2711247759392,105.33930145135177,NA,106.72775879633853,101.32666488404212,117.70092981469271,114.95368703269398,NA,108.12057432284438,Bobby Miller,"<a href=""leaders.aspx?pos=all&stats=pit&lg=all&qual=0&type=strType&season=2023&month=0&season1=2023&ind=1&team=22&rost=0&age=0"">LAD</a>",124.1,3.764075221005978,3.5124130241812397,3.74706769685627,0.17227723,37.6,0.283
676362,NA,101.48997388518016,NA,NA,93.37972272903853,NA,NA,NA,94.81094352129882,NA,NA,NA,NA,NA,NA,NA,NA,NA
676395,100.51317096367887,NA,NA,97.02532083067892,NA,103.60503744755391,NA,NA,99.4951910163294,Robert Garcia,- - -,32,3.6562505482289365,3.536290401668527,3.5575542203194757,0.16535433,30.9,0.279
676440,99.93833036455834,99.37232897399724,108.33321444053176,96.30728891670464,92.12390918194419,NA,NA,NA,100.35907348880191,Tanner Bibee,"<a href=""leaders.aspx?pos=all&stats=pit&lg=all&qual=0&type=strType&season=2023&month=0&season1=2023&ind=1&team=5&rost=0&age=0"">CLE</a>",142,2.9788732394366195,3.5156037397787605,4.2233244150877,0.16410257,38.1,0.285
676454,NA,NA,98.34707751324676,98.82680193500053,NA,97.35463416329281,NA,NA,98.57237538013462,NA,NA,NA,NA,NA,NA,NA,NA,NA
676475,76.8126091248479,NA,NA,NA,NA,NA,NA,NA,74.86547252902115,Alec Burleson,"<a href=""leaders.aspx?pos=all&stats=pit&lg=all&qual=0&type=strType&season=2023&month=0&season1=2023&ind=1&team=28&rost=0&age=0"">STL</a>",1.2,21.600008239749236,9.855042877198226,6.023085624902826,0.07692308,NA,NA
676477,106.76659019137296,NA,NA,96.2487400860785,96.28840380699823,100.93676217776999,99.63241366137146,NA,99.53293963115856,Garrett Whitlock,"<a href=""leaders.aspx?pos=all&stats=pit&lg=all&qual=0&type=strType&season=2023&month=0&season1=2023&ind=1&team=3&rost=0&age=0"">BOS</a>",71.2,5.14883752904371,4.273645073914932,3.73803743919421,0.19407895,42.6,0.35
676534,NA,111.09906457343483,101.90261745350679,95.690611110677,NA,NA,114.24152152179346,NA,104.68616063505767,Calvin Faucher,"<a href=""leaders.aspx?pos=all&stats=pit&lg=all&qual=0&type=strType&season=2023&month=0&season1=2023&ind=1&team=12&rost=0&age=0"">TBR</a>",25.2,7.012987968430799,4.85244317452853,4.436876644486875,0.10833333,45.1,0.359
676546,NA,NA,100.64090523402685,NA,NA,NA,NA,NA,100.64090523402685,NA,NA,NA,NA,NA,NA,NA,NA,NA
676596,91.20548358762962,103.51279478589728,NA,82.0281601197136,93.98931678747076,NA,NA,NA,94.80350978477091,Josh Fleming,"<a href=""leaders.aspx?pos=all&stats=pit&lg=all&qual=0&type=strType&season=2023&month=0&season1=2023&ind=1&team=12&rost=0&age=0"">TBR</a>",51.2,4.7032260379533355,5.655040477629637,4.51053677074507,0.02714932,48.6,0.342
676600,96.44777806681823,104.09740263382139,92.97197974489427,91.15946353599058,88.95984446721765,NA,NA,NA,93.30140048769248,NA,NA,NA,NA,NA,NA,NA,NA,NA
676664,98.91285430878978,105.08055518709217,NA,96.63125249496899,94.65627793876972,104.032618444672,108.42918362549172,NA,100.36701424396387,JP Sears,"<a href=""leaders.aspx?pos=all&stats=pit&lg=all&qual=0&type=strType&season=2023&month=0&season1=2023&ind=1&team=10&rost=0&age=0"">OAK</a>",172.1,4.543520443575668,5.15252590872982,5.1013353435918845,0.14693878,38.4,0.335
676680,89.65743970812457,NA,NA,94.41351424505444,94.7467661268063,NA,105.84158703700172,NA,100.54284006077833,Tom Cosgrove,"<a href=""leaders.aspx?pos=all&stats=pit&lg=all&qual=0&type=strType&season=2023&month=0&season1=2023&ind=1&team=29&rost=0&age=0"">SDP</a>",51.1,1.753247187539432,3.7030924185349257,4.90804967138131,0.12195122,25.5,0.238
676684,101.45412105551304,NA,NA,94.38219741956104,94.15990458017623,104.56997388567063,NA,NA,98.50538498075102,Will Vest,"<a href=""leaders.aspx?pos=all&stats=pit&lg=all&qual=0&type=strType&season=2023&month=0&season1=2023&ind=1&team=6&rost=0&age=0"">DET</a>",48.1,2.979311011061664,2.551591926329733,3.3524376040837276,0.2160804,45,0.259
676689,114.22959946365133,NA,NA,99.19662035753791,NA,112.61626068511411,NA,NA,107.75709523698274,Ricky Karcher,"<a href=""leaders.aspx?pos=all&stats=pit&lg=all&qual=0&type=strType&season=2023&month=0&season1=2023&ind=1&team=18&rost=0&age=0"">CIN</a>",1,0,6.2550403594970705,11.215095621347427,-0.25,NA,NA
676699,101.08355850118866,NA,NA,88.7473704299709,95.21338184763391,93.50700352691445,104.01213429660649,NA,94.44518808828411,NA,NA,NA,NA,NA,NA,NA,NA,NA
676701,56.52426194778305,NA,NA,NA,NA,NA,NA,NA,67.09723058190816,Alan Trejo,"<a href=""leaders.aspx?pos=all&stats=pit&lg=all&qual=0&type=strType&season=2023&month=0&season1=2023&ind=1&team=19&rost=0&age=0"">COL</a>",2,13.5,15.25504035949707,8.041771498322486,0.1,NA,NA
676702,NA,NA,107.3118702640682,92.34570088659197,NA,104.23154240029878,NA,NA,101.0619431877121,Hunter Stratton,"<a href=""leaders.aspx?pos=all&stats=pit&lg=all&qual=0&type=strType&season=2023&month=0&season1=2023&ind=1&team=27&rost=0&age=0"">PIT</a>",12,2.2500001788139485,4.75504047870637,3.966166877637428,0.14893617,39.4,0.314
676709,NA,104.18671995634854,NA,94.80996261115337,NA,100.34796863081428,NA,NA,97.4927152108894,NA,NA,NA,NA,NA,NA,NA,NA,NA
676710,NA,NA,102.84592680901089,102.06569476511237,92.3265458891695,102.9731771903806,104.89017865944928,94.8578286226199,101.09464298539106,Kutter Crawford,"<a href=""leaders.aspx?pos=all&stats=pit&lg=all&qual=0&type=strType&season=2023&month=0&season1=2023&ind=1&team=3&rost=0&age=0"">BOS</a>",129.1,4.036082632952922,3.8272053304520823,4.317229847244459,0.18785579,35.3,0.29
676714,NA,NA,NA,96.68089048976488,98.09542807921561,97.61826867555415,NA,NA,97.26411920142999,Brandon Hughes,"<a href=""leaders.aspx?pos=all&stats=pit&lg=all&qual=0&type=strType&season=2023&month=0&season1=2023&ind=1&team=17&rost=0&age=0"">CHC</a>",13.2,7.2439047979649605,4.645284714662063,4.315546031773484,0.14285714,37.8,0.343
676726,106.28476023755462,NA,NA,97.84723048580119,NA,110.4190408628121,NA,NA,104.28784187860575,NA,NA,NA,NA,NA,NA,NA,NA,NA
676760,104.49188569976772,NA,NA,103.32807647541996,107.83944424407306,NA,105.44504757982499,NA,104.00372389423295,Ron Marinaccio,"<a href=""leaders.aspx?pos=all&stats=pit&lg=all&qual=0&type=strType&season=2023&month=0&season1=2023&ind=1&team=9&rost=0&age=0"">NYY</a>",47.1,3.9929584973485563,4.6916603479611005,4.790271374198539,0.14146341,36.8,0.315
676775,NA,NA,NA,93.16456682456318,93.56150003890225,106.92919116195907,NA,NA,109.66249279751032,Keaton Winn,"<a href=""leaders.aspx?pos=all&stats=pit&lg=all&qual=0&type=strType&season=2023&month=0&season1=2023&ind=1&team=30&rost=0&age=0"">SFG</a>",42.1,4.677165494818665,4.365276613317663,3.8897012774955098,0.15697675,48,0.304
676831,NA,NA,NA,103.94355371769423,NA,105.28263126954481,NA,NA,104.42179570049801,NA,NA,NA,NA,NA,NA,NA,NA,NA
676840,NA,NA,NA,NA,90.46373216159319,110.64531976976724,NA,NA,95.5091290636367,NA,NA,NA,NA,NA,NA,NA,NA,NA
676961,NA,93.4084223519998,102.34006332844751,96.82159936364435,89.02234049158588,NA,103.0089279664436,NA,95.43039549141875,Caleb Boushley,"<a href=""leaders.aspx?pos=all&stats=pit&lg=all&qual=0&type=strType&season=2023&month=0&season1=2023&ind=1&team=23&rost=0&age=0"">MIL</a>",2.1,3.8571433826369397,7.11218374213401,2.9579132509739594,0.3,33.3,0.3
676979,99.15588182704118,NA,NA,101.36746270103164,NA,102.46403670714136,109.45559033312969,NA,103.35826845304454,Garrett Crochet,"<a href=""leaders.aspx?pos=all&stats=pit&lg=all&qual=0&type=strType&season=2023&month=0&season1=2023&ind=1&team=4&rost=0&age=0"">CHW</a>",12.2,3.552632559699966,5.70240945617927,7.156121698947825,-0.015625,44.7,0.364
677013,86.6036288295254,NA,NA,NA,95.82213650206288,93.5050168052365,NA,NA,91.20931330045357,NA,NA,NA,NA,NA,NA,NA,NA,NA
677020,90.23477038122945,99.5208027164311,NA,100.48564853639054,93.48952432561286,NA,NA,NA,99.99810950604383,Josh Walker,"<a href=""leaders.aspx?pos=all&stats=pit&lg=all&qual=0&type=strType&season=2023&month=0&season1=2023&ind=1&team=25&rost=0&age=0"">NYM</a>",10,8.100002317429253,5.255040931701823,5.1350685283026225,0.125,46.7,0.362
677053,93.25298682888565,NA,NA,96.93941409545626,NA,105.8243817470237,NA,NA,100.19572170458282,Andrew Nardi,"<a href=""leaders.aspx?pos=all&stats=pit&lg=all&qual=0&type=strType&season=2023&month=0&season1=2023&ind=1&team=20&rost=0&age=0"">MIA</a>",57.1,2.66860524301867,3.6038776461661777,3.4585448412156623,0.21940928,27.3,0.289
677066,95.69620352211844,NA,104.74889933477895,90.27759394102034,88.87138895651302,NA,NA,NA,92.03173605946253,NA,NA,NA,NA,NA,NA,NA,NA,NA
677076,93.69640997684326,NA,NA,92.27383960293886,99.10710558290864,101.66659489595399,NA,NA,94.252548721337,Clayton Andrews,"<a href=""leaders.aspx?pos=all&stats=pit&lg=all&qual=0&type=strType&season=2023&month=0&season1=2023&ind=1&team=23&rost=0&age=0"">MIL</a>",3.1,27.000010299686547,14.35504459381265,5.135068707596149,0.09090909,68.8,0.665
677161,108.33605985301462,NA,103.83205823403438,100.89644510966359,NA,106.24603931241874,106.21324784291929,NA,104.29789480030048,Zack Kelly,"<a href=""leaders.aspx?pos=all&stats=pit&lg=all&qual=0&type=strType&season=2023&month=0&season1=2023&ind=1&team=3&rost=0&age=0"">BOS</a>",9.1,3.8571433826369397,5.18361205081554,6.9550605999599515,-0.04651163,46.2,0.357
677651,94.84994802726891,101.26056954204519,97.17610343268161,93.15644992566229,104.23332645072954,NA,105.02765805092744,NA,97.08281513676522,Luis Garcia,"<a href=""leaders.aspx?pos=all&stats=pit&lg=all&qual=0&type=strType&season=2023&month=0&season1=2023&ind=1&team=21&rost=0&age=0"">HOU</a>",27,4,3.6254107298674407,4.140494290104619,0.1826087,32.9,0.322
677865,NA,NA,98.24309103046961,NA,91.76024670766978,NA,100.82327442507919,NA,97.01880873821575,Justin Bruihl,- - -,28,5.464286319151284,4.112183311520802,4.836963717128581,0.09090909,44.7,0.325
677915,90.68684678253004,NA,96.47996369600698,98.66822752634593,98.47917315744671,106.0898692943651,NA,NA,98.74704099519198,NA,NA,NA,NA,NA,NA,NA,NA,NA
677944,100.11420794379865,96.08184603861932,NA,95.50041197935502,NA,100.88272118560619,NA,NA,96.9448629200008,Slade Cecconi,"<a href=""leaders.aspx?pos=all&stats=pit&lg=all&qual=0&type=strType&season=2023&month=0&season1=2023&ind=1&team=15&rost=0&age=0"">ARI</a>",27,4.333333945568784,4.36615162759163,4.583459487488588,0.14414414,47.1,0.325
677946,NA,NA,NA,110.10145245505821,119.02271238243914,NA,NA,NA,116.79239740059391,NA,NA,NA,NA,NA,NA,NA,NA,NA
677960,94.14699062411452,NA,NA,97.83373851777998,93.39058727162548,NA,100.64973032552761,NA,97.45252267935008,Ryan Weathers,- - -,57.2,6.554913692276192,6.02960700173038,5.5607301549420205,0.05447471,34.8,0.393
678061,NA,94.20864934040803,NA,96.5796555590362,NA,NA,NA,NA,95.36261092719754,Ray Kerr,"<a href=""leaders.aspx?pos=all&stats=pit&lg=all&qual=0&type=strType&season=2023&month=0&season1=2023&ind=1&team=29&rost=0&age=0"">SDP</a>",27,4.333333945568784,4.180966416242537,3.243204879854629,0.22807018,46.4,0.341
678226,NA,NA,NA,98.5886639937585,NA,108.29541516836748,NA,NA,103.85509282253571,Daysbel Hernández,"<a href=""leaders.aspx?pos=all&stats=pit&lg=all&qual=0&type=strType&season=2023&month=0&season1=2023&ind=1&team=16&rost=0&age=0"">ATL</a>",3.2,7.363637640456744,5.982313559666235,4.240515171046658,0.15,63.6,0.425
678371,NA,NA,100.03851100808882,NA,100.23142660093212,98.01356426364666,NA,NA,99.97766050302384,NA,NA,NA,NA,NA,NA,NA,NA,NA
678394,93.48737719990282,NA,97.39913414463773,91.06423862348426,93.01776221092922,103.56021066096707,101.67970396477416,NA,94.49511835829009,Brayan Bello,"<a href=""leaders.aspx?pos=all&stats=pit&lg=all&qual=0&type=strType&season=2023&month=0&season1=2023&ind=1&team=3&rost=0&age=0"">BOS</a>",157,4.24203821656051,4.535295136567134,4.022360394866603,0.13023952,44.3,0.334
678606,92.8839154106075,NA,102.42164008193444,96.12368461712202,99.72915262641615,93.687109097518,NA,NA,97.09693778085445,Jose A. Ferrer,"<a href=""leaders.aspx?pos=all&stats=pit&lg=all&qual=0&type=strType&season=2023&month=0&season1=2023&ind=1&team=24&rost=0&age=0"">WSN</a>",34,5.029413457560861,4.54915844214431,4.0895623635338065,0.08450704,36.9,0.338
678707,90.20153450640345,NA,NA,95.58918636163371,100.00482199159076,99.78554905283265,NA,NA,99.10524534914813,NA,NA,NA,NA,NA,NA,NA,NA,NA
679025,86.52421467894595,NA,NA,87.83916718067914,94.20932557457552,106.28299535597695,NA,NA,90.3485048768042,NA,NA,NA,NA,NA,NA,NA,NA,NA
679346,85.3491662794508,NA,NA,NA,95.58298227386072,100.81145244689269,NA,NA,97.26834320844215,Edgar Navarro,"<a href=""leaders.aspx?pos=all&stats=pit&lg=all&qual=0&type=strType&season=2023&month=0&season1=2023&ind=1&team=4&rost=0&age=0"">CHW</a>",8.2,7.269231302498399,5.56273283648069,4.088903578161329,0.17948718,61.5,0.407
679525,96.15439203833239,100.44009004862077,NA,97.38160175262904,97.0055203077613,101.13001372172923,105.54891486012079,NA,99.23215588511894,Alec Marsh,"<a href=""leaders.aspx?pos=all&stats=pit&lg=all&qual=0&type=strType&season=2023&month=0&season1=2023&ind=1&team=7&rost=0&age=0"">KCR</a>",74.1,5.690583056985882,5.703470894654116,4.840353425992454,0.13450292,41.8,0.381
679630,NA,NA,NA,90.24145023624996,NA,NA,NA,NA,90.24145023624996,NA,NA,NA,NA,NA,NA,NA,NA,NA
679777,NA,NA,109.61609900561766,108.70489122233663,NA,107.89482433124041,NA,NA,108.89724686821131,NA,NA,NA,NA,NA,NA,NA,NA,NA
679885,NA,NA,NA,105.66477343616826,NA,111.35703034378129,NA,NA,108.06747055305891,Justin Martinez,"<a href=""leaders.aspx?pos=all&stats=pit&lg=all&qual=0&type=strType&season=2023&month=0&season1=2023&ind=1&team=15&rost=0&age=0"">ARI</a>",10,12.600003604889947,6.955041418075864,6.173728123885469,0.05263158,33.3,0.42
680212,93.1104347145121,110.18322544459387,NA,97.15742172703989,103.88836645416666,NA,NA,NA,101.81828124632545,NA,NA,NA,NA,NA,NA,NA,NA,NA
680232,93.70506932941267,98.3555312229202,NA,97.33394395224474,98.0796065825029,101.69109440453559,NA,NA,98.17531759820451,Jackson Wolf,"<a href=""leaders.aspx?pos=all&stats=pit&lg=all&qual=0&type=strType&season=2023&month=0&season1=2023&ind=1&team=29&rost=0&age=0"">SDP</a>",5,5.4,3.4550403594970707,5.10839211344719,0,35,0.289
680454,NA,98.8075218734204,NA,93.98880540243641,NA,NA,NA,NA,95.27379646136548,NA,NA,NA,NA,NA,NA,NA,NA,NA
680570,107.10045826197033,103.74932037658398,106.00279862509615,104.53756308212341,NA,106.7383778620619,109.05518082626503,NA,105.75337880206564,Grayson Rodriguez,"<a href=""leaders.aspx?pos=all&stats=pit&lg=all&qual=0&type=strType&season=2023&month=0&season1=2023&ind=1&team=2&rost=0&age=0"">BAL</a>",122,4.352459288578927,3.927171549070464,3.780740816177725,0.16893204,43.7,0.32
680573,104.6164047988043,NA,NA,96.36238527859422,NA,105.42634634977398,NA,NA,100.7233553281606,Simeon Woods Richardson,"<a href=""leaders.aspx?pos=all&stats=pit&lg=all&qual=0&type=strType&season=2023&month=0&season1=2023&ind=1&team=8&rost=0&age=0"">MIN</a>",4.2,9.64285845659235,5.82646928125503,5.520782584819416,0.08333333,31.3,0.44
680606,NA,NA,NA,95.622102910944193,NA,99.71576778804514,NA,NA,98.20757546490269,NA,NA,NA,NA,NA,NA,NA,NA,NA
680622,NA,94.73650417740957,NA,92.63030345749975,95.56627929142407,NA,117.47215207547475,NA,106.32162198289964,NA,NA,NA,NA,NA,NA,NA,NA,NA
680686,86.8274843475462,94.33462627724766,90.32131738451973,94.56081660990101,96.19817146726194,86.27018014681744,97.7438381412947,NA,92.04284761195939,Josiah Gray,"<a href=""leaders.aspx?pos=all&stats=pit&lg=all&qual=0&type=strType&season=2023&month=0&season1=2023&ind=1&team=24&rost=0&age=0"">WSN</a>",159,3.9056603773584904,4.934285642515939,5.12164529663212,0.09025788,36.7,0.332
680689,100.71362756147646,96.62382707503926,NA,94.76062139252944,90.64187076215715,101.37843804737591,NA,NA,96.61297513296277,Lyon Richardson,"<a href=""leaders.aspx?pos=all&stats=pit&lg=all&qual=0&type=strType&season=2023&month=0&season1=2023&ind=1&team=18&rost=0&age=0"">CIN</a>",16.2,8.640001318359577,9.195041265869278,6.598264079609676,-0.03703704,42.6,0.411
680694,96.7493858963389,108.08189500703192,NA,100.22226894718338,91.51040679343319,111.3329573584196,NA,NA,102.74109988872118,Kyle Bradish,"<a href=""leaders.aspx?pos=all&stats=pit&lg=all&qual=0&type=strType&season=2023&month=0&season1=2023&ind=1&team=2&rost=0&age=0"">BAL</a>",168.2,2.8280634116712373,3.2668980677221073,3.5307865636247486,0.18479881,42,0.268
680704,NA,NA,NA,102.97074338336795,101.25443123740855,109.51195850323994,NA,NA,105.75334310177304,Nick Sandlin,"<a href=""leaders.aspx?pos=all&stats=pit&lg=all&qual=0&type=strType&season=2023&month=0&season1=2023&ind=1&team=5&rost=0&age=0"">CLE</a>",60,3.750000953674559,4.955040791829537,4.118615783329118,0.17573222,40.1,0.284
680723,NA,NA,NA,97.18091566535337,97.0824504252654,NA,95.7873673774723,NA,96.11994054322881,Drew Rom,"<a href=""leaders.aspx?pos=all&stats=pit&lg=all&qual=0&type=strType&season=2023&month=0&season1=2023&ind=1&team=28&rost=0&age=0"">STL</a>",33.2,8.019802586002356,5.750090052920026,5.600811562596403,0.07647059,45.4,0.431
680735,97.82803745926773,98.1498025517728,103.54999461338231,92.34896377264603,NA,103.14636837668067,NA,NA,96.48826528994717,Austin Cox,"<a href=""leaders.aspx?pos=all&stats=pit&lg=all&qual=0&type=strType&season=2023&month=0&season1=2023&ind=1&team=7&rost=0&age=0"">KCR</a>",35.2,4.542056884419251,3.7316759584793378,4.76421913272711,0.10738255,42.3,0.291
680739,101.56130215952044,92.28440035782334,NA,87.17972729612835,91.02298345899514,100.14369699634054,101.06084441365275,NA,95.98759235439591,Josh Winder,"<a href=""leaders.aspx?pos=all&stats=pit&lg=all&qual=0&type=strType&season=2023&month=0&season1=2023&ind=1&team=8&rost=0&age=0"">MIN</a>",34.2,4.153846458570514,3.976194258554451,4.997372090999015,0.0952381,43.8,0.331
680742,99.40247134093576,92.99734329825105,NA,100.27991797811762,89.71561193821,104.72013018873902,NA,NA,100.4568877809909,Jonathan Bowlan,"<a href=""leaders.aspx?pos=all&stats=pit&lg=all&qual=0&type=strType&season=2023&month=0&season1=2023&ind=1&team=7&rost=0&age=0"">KCR</a>",3,3,5.588373692830404,4.010626616080603,0.21428571,18.2,0.395
680767,109.06694014730594,NA,NA,96.27426609934241,NA,107.44611785494038,NA,NA,99.7525034477516,Victor Vodnik,"<a href=""leaders.aspx?pos=all&stats=pit&lg=all&qual=0&type=strType&season=2023&month=0&season1=2023&ind=1&team=19&rost=0&age=0"">COL</a>",8.2,8.307692917141027,1.5242710017593564,2.2873564826390282,0.20454545,48.3,0.373
680802,NA,NA,NA,NA,96.52267183167038,105.44259222473178,NA,NA,100.77025297122343,NA,NA,NA,NA,NA,NA,NA,NA,NA
680891,NA,93.29279815064255,NA,93.21266333719342,85.87669186947923,94.37021801350673,NA,NA,92.95631171421994,NA,NA,NA,NA,NA,NA,NA,NA,NA
680983,97.88839182127852,96.04313208795648,NA,96.91046766471696,90.09127073227272,NA,NA,NA,93.68079580614351,Kelvin Cáceres,"<a href=""leaders.aspx?pos=all&stats=pit&lg=all&qual=0&type=strType&season=2023&month=0&season1=2023&ind=1&team=1&rost=0&age=0"">LAA</a>",1.1,6.750001609325793,6.255041074752978,7.49505518585797,-0.125,NA,NA
681006,NA,107.37349333094808,NA,94.4442675346765,NA,NA,NA,NA,103.67942881772763,NA,NA,NA,NA,NA,NA,NA,NA,NA
681085,91.54042722650668,101.65928504743518,NA,NA,NA,NA,NA,NA,93.38021955758458,NA,NA,NA,NA,NA,NA,NA,NA,NA
681154,102.1479507869505,NA,NA,93.23151613761458,94.56382817152648,98.49527490514366,NA,NA,96.81959701932195,NA,NA,NA,NA,NA,NA,NA,NA,NA
681190,104.93263934904391,102.95484182454983,99.1004481549371,96.48256184322979,93.81970740106176,NA,111.02312542470169,NA,99.63952071648195,Randy Vásquez,"<a href=""leaders.aspx?pos=all&stats=pit&lg=all&qual=0&type=strType&season=2023&month=0&season1=2023&ind=1&team=9&rost=0&age=0"">NYY</a>",37.2,2.8672569033515214,4.98070423651419,5.2741780871671065,0.09036145,38.2,0.303
681217,NA,102.2514043186086,100.38055995859169,94.81194819587962,88.69606592230487,104.72863834882537,104.8317302448459,NA,98.1158781769953,Chase Silseth,"<a href=""leaders.aspx?pos=all&stats=pit&lg=all&qual=0&type=strType&season=2023&month=0&season1=2023&ind=1&team=1&rost=0&age=0"">LAA</a>",52.1,3.955414036765457,4.955677312502509,3.983716863757799,0.13574661,42.3,0.313
681252,100.26952157329657,NA,NA,94.19808315371883,NA,97.59741077740894,NA,NA,96.9685895496779,NA,NA,NA,NA,NA,NA,NA,NA,NA
681293,98.16814068273561,NA,NA,97.88388484547701,NA,107.49051689364664,104.15719739725104,NA,99.9444683248506,NA,NA,NA,NA,NA,NA,NA,NA,NA
681322,94.22985267369626,95.84049477464704,NA,90.44746143798267,101.06870565849292,99.11836554990037,NA,NA,95.34405450051628,NA,NA,NA,NA,NA,NA,NA,NA,NA
681402,99.17995365392387,NA,NA,100.48985749037014,97.27078474979407,111.90257446422972,NA,NA,105.30583802747223,Gus Varland,- - -,20.1,6.639345611689411,5.714057252715371,5.259647237627458,0.03883495,57.6,0.408
681432,NA,NA,NA,101.57293636199552,NA,NA,114.10518278582826,NA,106.56625329649138,Luke Little,"<a href=""leaders.aspx?pos=all&stats=pit&lg=all&qual=0&type=strType&season=2023&month=0&season1=2023&ind=1&team=17&rost=0&age=0"">CHC</a>",6.2,0,1.9050398445127432,2.6490484176070437,0.26666667,38.5,0.288
681517,NA,100.76862803287972,NA,97.94914939372933,NA,104.89812755196137,110.37429439189879,NA,101.53267358093865,Kyle Leahy,"<a href=""leaders.aspx?pos=all&stats=pit&lg=all&qual=0&type=strType&season=2023&month=0&season1=2023&ind=1&team=28&rost=0&age=0"">STL</a>",1.2,21.60002214434033,19.455056967752316,14.631085179327183,-0.2,57.1,0.66
681555,NA,99.70027962035643,98.739797775536,87.8267531339242,NA,96.56052536583746,NA,NA,96.3390949701516,NA,NA,NA,NA,NA,NA,NA,NA,NA
681571,NA,100.16011699698979,93.94034716567104,90.24739697192922,NA,95.54266564835729,NA,NA,93.77490278721761,NA,NA,NA,NA,NA,NA,NA,NA,NA
681603,NA,NA,102.64165234802975,92.34653198029565,NA,98.48676450293966,NA,NA,97.39268567942648,NA,NA,NA,NA,NA,NA,NA,NA,NA
681753,NA,91.62255204113478,NA,87.55348181718841,NA,NA,NA,NA,94.76231317185115,NA,NA,NA,NA,NA,NA,NA,NA,NA
681803,NA,NA,99.0351391252091,NA,101.23977314138754,104.62481015613956,NA,NA,102.94530598051094,NA,NA,NA,NA,NA,NA,NA,NA,NA
681806,106.39384448988545,NA,101.6856914603936,101.47902670882313,92.63935511157504,NA,108.57633007300743,NA,103.54507114724022,Andrew Wantz,"<a href=""leaders.aspx?pos=all&stats=pit&lg=all&qual=0&type=strType&season=2023&month=0&season1=2023&ind=1&team=1&rost=0&age=0"">LAA</a>",39.1,3.889831011475516,4.119447250936074,5.10930364505285,0.1125,31.5,0.272
681808,97.61733192710356,NA,NA,93.50707312740987,NA,NA,109.57165899064034,NA,104.10365129489233,Chris Vallimont,"<a href=""leaders.aspx?pos=all&stats=pit&lg=all&qual=0&type=strType&season=2023&month=0&season1=2023&ind=1&team=2&rost=0&age=0"">BAL</a>",0.2,0,0.25503723024995617,0.25503723024995617,0.5,NA,NA
681810,95.31678355477132,NA,89.56533024498825,100.30383551013446,112.85874387432128,99.59334528618766,NA,NA,97.60683239111835,Austin Warren,"<a href=""leaders.aspx?pos=all&stats=pit&lg=all&qual=0&type=strType&season=2023&month=0&season1=2023&ind=1&team=1&rost=0&age=0"">LAA</a>",1.2,5.400002059937309,8.65504241943438,3.831073736346579,0.33333333,NA,NA
681841,NA,NA,NA,93.35362353990095,NA,95.00735967577877,NA,NA,93.90486891852689,NA,NA,NA,NA,NA,NA,NA,NA,NA
681857,104.91117071883761,96.68808588146281,NA,93.22586141450759,93.79819674865372,102.45677123412091,NA,NA,98.07231671535256,Reese Olson,"<a href=""leaders.aspx?pos=all&stats=pit&lg=all&qual=0&type=strType&season=2023&month=0&season1=2023&ind=1&team=6&rost=0&age=0"">DET</a>",103.2,3.9935692298023,4.007451953517794,3.9104929390248633,0.16587678,42.8,0.283
681867,99.41195969394802,NA,93.38700719740208,NA,95.52614015008945,96.28780774800914,100.99636658978493,NA,97.22143160958163,Cooper Criswell,"<a href=""leaders.aspx?pos=all&stats=pit&lg=all&qual=0&type=strType&season=2023&month=0&season1=2023&ind=1&team=12&rost=0&age=0"">TBR</a>",33,5.7272727272727275,5.345949450406161,4.535461704116879,0.10596027,33,0.368
681869,112.55420515953466,104.28229176891465,101.22087229220539,99.3586460995686,NA,NA,109.92178933375348,NA,103.34615541606577,Shawn Dubin,"<a href=""leaders.aspx?pos=all&stats=pit&lg=all&qual=0&type=strType&season=2023&month=0&season1=2023&ind=1&team=21&rost=0&age=0"">HOU</a>",9,7,3.588373692830404,3.9809867527749807,0.19047619,59.3,0.38
681871,NA,NA,NA,102.78114152543341,NA,102.11515412107725,NA,NA,100.7322929091154,NA,NA,NA,NA,NA,NA,NA,NA,NA
681882,NA,NA,NA,NA,96.55631373210745,113.07903393185597,NA,106.56094000877671,104.23442568283156,Colin Selby,"<a href=""leaders.aspx?pos=all&stats=pit&lg=all&qual=0&type=strType&season=2023&month=0&season1=2023&ind=1&team=27&rost=0&age=0"">PIT</a>",24,9.000001072883734,4.796707209944747,3.938943912901905,0.13157895,42,0.362
681886,NA,NA,NA,87.59637830332848,NA,103.07303669734767,NA,NA,94.04498596750314,NA,NA,NA,NA,NA,NA,NA,NA,NA
681892,103.99474733947005,NA,97.10816126062778,NA,100.08785713085727,NA,103.92176705813824,NA,99.65889163285419,Kody Funderburk,"<a href=""leaders.aspx?pos=all&stats=pit&lg=all&qual=0&type=strType&season=2023&month=0&season1=2023&ind=1&team=8&rost=0&age=0"">MIN</a>",12,0.7500000596046495,2.6717069798045654,2.552828826827881,0.29787234,40.9,0.234
681895,92.81020137376898,NA,97.25283774265472,94.00122198866478,95.946691075014,105.54548336964412,NA,NA,97.29330961646451,NA,NA,NA,NA,NA,NA,NA,NA,NA
681897,NA,NA,NA,91.23315221199707,90.4706575530722,99.1973618893266,NA,NA,93.5808826908026,NA,NA,NA,NA,NA,NA,NA,NA,NA
681911,95.50885770083987,NA,NA,108.42903565653077,100.2507293293365,107.11109394973934,NA,NA,107.79336789955187,Alex Vesia,"<a href=""leaders.aspx?pos=all&stats=pit&lg=all&qual=0&type=strType&season=2023&month=0&season1=2023&ind=1&team=22&rost=0&age=0"">LAD</a>",49.2,4.348994179334024,3.6577250057317023,4.122448678549928,0.21658986,42.5,0.318
681948,90.91818775449116,104.66266476817215,NA,99.0011470442879,NA,NA,NA,NA,99.85780066815498,NA,NA,NA,NA,NA,NA,NA,NA,NA
681958,96.91198578419936,101.64445041150614,NA,103.39015746146015,99.45088490684236,98.95848558674335,101.71303738662606,NA,100.555013778454,NA,NA,NA,NA,NA,NA,NA,NA,NA
681982,89.7062162616152,NA,NA,98.51037406944558,102.84727193226266,101.52991740454874,NA,NA,100.84214758368002,Grant Anderson,"<a href=""leaders.aspx?pos=all&stats=pit&lg=all&qual=0&type=strType&season=2023&month=0&season1=2023&ind=1&team=13&rost=0&age=0"">TEX</a>",35.2,5.046730411345697,4.656909918204208,4.68870628684311,0.1038961,34.9,0.334
681987,71.11737522514127,NA,NA,93.6815820771062,100.06059662219798,99.03545192521902,NA,NA,93.77173827055063,Nate Eaton,"<a href=""leaders.aspx?pos=all&stats=pit&lg=all&qual=0&type=strType&season=2023&month=0&season1=2023&ind=1&team=7&rost=0&age=0"">KCR</a>",1,0,1.2550403594970705,1.2550403594970705,0.2,NA,NA
681989,90.93785542634183,99.91658016416496,NA,94.49385851629582,NA,NA,100.59971454977585,NA,96.31146754537764,NA,NA,NA,NA,NA,NA,NA,NA,NA
682010,NA,NA,NA,96.0884264852343,108.41102422950594,101.7777122166559,NA,NA,98.96278080824466,Lane Ramsey,"<a href=""leaders.aspx?pos=all&stats=pit&lg=all&qual=0&type=strType&season=2023&month=0&season1=2023&ind=1&team=4&rost=0&age=0"">CHW</a>",20,5.850001115799163,3.4550403976440505,5.037065567224065,0.09782609,33.8,0.339
682023,85.83861612283745,NA,NA,91.3206974253935,NA,98.97120079704159,NA,NA,88.98623591207023,NA,NA,NA,NA,NA,NA,NA,NA,NA
682027,NA,NA,NA,88.12340558831715,85.27462051969948,99.20139839132644,NA,NA,95.60801402942751,NA,NA,NA,NA,NA,NA,NA,NA,NA
682051,93.22675094559392,NA,NA,96.73919105699643,95.42660837834565,102.2974193319895,NA,110.12110415136769,98.45750673091683,Garrett Hill,"<a href=""leaders.aspx?pos=all&stats=pit&lg=all&qual=0&type=strType&season=2023&month=0&season1=2023&ind=1&team=6&rost=0&age=0"">DET</a>",15.2,9.19149029422215,7.659296125478518,6.661875083023916,0,42,0.429
682052,97.13424787788887,NA,NA,95.13745432837833,95.19663353748797,100.43730059869054,NA,NA,96.92619433739485,Jacob Lopez,"<a href=""leaders.aspx?pos=all&stats=pit&lg=all&qual=0&type=strType&season=2023&month=0&season1=2023&ind=1&team=12&rost=0&age=0"">TBR</a>",12.1,4.378378491231003,2.930716026813293,4.539382639687572,0.11111111,40.5,0.321
682120,NA,107.84401267665916,NA,96.40812906680542,98.81450982496304,105.74400546903215,NA,NA,101.63090931081054,Tim Herrin,"<a href=""leaders.aspx?pos=all&stats=pit&lg=all&qual=0&type=strType&season=2023&month=0&season1=2023&ind=1&team=5&rost=0&age=0"">CLE</a>",27.2,5.530121371507061,3.869498289664522,4.013612009330004,0.16528926,37.3,0.338
682171,NA,NA,NA,105.66813881217833,99.2080863823046,NA,107.58171091355003,NA,106.59419594526932,Penn Murfee,"<a href=""leaders.aspx?pos=all&stats=pit&lg=all&qual=0&type=strType&season=2023&month=0&season1=2023&ind=1&team=11&rost=0&age=0"">SEA</a>",14,1.285714636043722,4.255040631975521,4.15314505261481,0.10344828,25.8,0.213
682175,92.82147368972447,NA,NA,99.52153909503421,101.78756944860449,NA,100.52744373547887,NA,101.02016248581052,Joe Jacques,"<a href=""leaders.aspx?pos=all&stats=pit&lg=all&qual=0&type=strType&season=2023&month=0&season1=2023&ind=1&team=3&rost=0&age=0"">BOS</a>",26.2,5.062500663846818,4.530040526688121,4.857055075805329,0.08196721,45.3,0.366
682227,113.28858188420597,101.35064147733868,100.53327868479403,89.74558190836147,96.76906387770659,110.82042915487114,115.01701070555646,NA,99.90852313608133,Brandon Williamson,"<a href=""leaders.aspx?pos=all&stats=pit&lg=all&qual=0&type=strType&season=2023&month=0&season1=2023&ind=1&team=18&rost=0&age=0"">CIN</a>",117,4.461538752468712,4.631108825296808,4.722528143947164,0.12016293,41.2,0.321
682240,97.08723993451355,NA,NA,91.79046435924026,90.95723964477527,100.33755029463222,NA,NA,93.96310983392463,NA,NA,NA,NA,NA,NA,NA,NA,NA
682243,100.93769061571308,100.42506536323583,98.2227476220733,106.32317484769801,94.5824235175992,106.39576035224309,103.8767603478753,NA,104.8598773060739,Bryce Miller,"<a href=""leaders.aspx?pos=all&stats=pit&lg=all&qual=0&type=strType&season=2023&month=0&season1=2023&ind=1&team=11&rost=0&age=0"">SEA</a>",131.1,4.317259050447069,3.978390641318008,4.311612187194702,0.17318436,42.1,0.309
682448,NA,NA,NA,91.07553672555079,106.77233885915132,105.7437400585169,NA,NA,99.05292304335057,NA,NA,NA,NA,NA,NA,NA,NA,NA
682615,89.31271446005975,NA,NA,NA,93.82308144358095,85.30783926254794,NA,NA,89.9823636091208,NA,NA,NA,NA,NA,NA,NA,NA,NA
682842,NA,NA,NA,103.19636588857641,103.91985462365223,123.73332882834829,NA,NA,110.16579676095984,Abner Uribe,"<a href=""leaders.aspx?pos=all&stats=pit&lg=all&qual=0&type=strType&season=2023&month=0&season1=2023&ind=1&team=23&rost=0&age=0"">MIL</a>",30.2,1.7608698207624838,2.7659098537297138,3.682441937300144,0.1496063,43.3,0.238
682847,95.05605799398748,NA,88.77275424637247,96.4224894965894,96.57952998565973,105.43184800129772,NA,NA,99.13030706550535,Luis L. Ortiz,"<a href=""leaders.aspx?pos=all&stats=pit&lg=all&qual=0&type=strType&season=2023&month=0&season1=2023&ind=1&team=27&rost=0&age=0"">PIT</a>",86.2,4.776923111966376,5.574271145741616,5.379367621581938,0.0275,49.1,0.356
682967,98.17819024017211,NA,NA,97.4351781391629,NA,103.7563110766438,NA,NA,99.25492367401718,Devin Sweet,- - -,8.2,10.384616146426286,10.639656285844652,7.3104550287660945,0,37.9,0.44
682989,NA,101.38198128787575,NA,96.77763499799411,103.37764236588531,105.59222793335285,NA,NA,102.67414709110702,Victor Mederos,"<a href=""leaders.aspx?pos=all&stats=pit&lg=all&qual=0&type=strType&season=2023&month=0&season1=2023&ind=1&team=1&rost=0&age=0"">LAA</a>",3,9,5.255040359497071,6.90839211344719,0,30,0.425
682990,93.8073295698241,101.13021536623086,NA,91.5298269402909,90.91189732551936,104.73486236033294,NA,NA,95.69132267911469,Quinn Priester,"<a href=""leaders.aspx?pos=all&stats=pit&lg=all&qual=0&type=strType&season=2023&month=0&season1=2023&ind=1&team=27&rost=0&age=0"">PIT</a>",50,7.74,6.73504035949707,5.103056938052178,0.03846154,47,0.394
683155,93.77706601008859,NA,103.79762966753444,92.43501962614643,NA,94.1231366489307,106.58200392194762,NA,95.28032513382178,Joey Estes,"<a href=""leaders.aspx?pos=all&stats=pit&lg=all&qual=0&type=strType&season=2023&month=0&season1=2023&ind=1&team=10&rost=0&age=0"">OAK</a>",10,7.2000006866455735,8.555040864944507,6.827079383448508,0.10638298,45.7,0.414
683175,91.31148305591681,98.51041536147311,NA,105.38694922804515,NA,NA,108.92726514114658,NA,105.4456971170854,Connor Phillips,"<a href=""leaders.aspx?pos=all&stats=pit&lg=all&qual=0&type=strType&season=2023&month=0&season1=2023&ind=1&team=18&rost=0&age=0"">CIN</a>",20.2,6.9677421498373135,5.916330763948823,5.011194402745587,0.13541667,41.1,0.329
683232,94.51039268502797,100.79306241623776,NA,101.31841392601143,NA,106.75384192104282,NA,NA,101.95784143227613,Nick Mears,"<a href=""leaders.aspx?pos=all&stats=pit&lg=all&qual=0&type=strType&season=2023&month=0&season1=2023&ind=1&team=19&rost=0&age=0"">COL</a>",19.1,3.7241381759734433,4.082626620824502,5.633685978150902,0.08045977,41.2,0.299
683769,103.23422781678687,94.19886919270294,92.74706403626179,93.88742279073918,NA,98.63783011516574,NA,NA,97.08756120057889,Hunter Gaddis,"<a href=""leaders.aspx?pos=all&stats=pit&lg=all&qual=0&type=strType&season=2023&month=0&season1=2023&ind=1&team=5&rost=0&age=0"">CLE</a>",42,4.500000204358791,5.2550404503232,6.4290425287372575,0.05494506,35,0.331
684604,104.08029982911921,NA,103.23696887624526,95.31244475446753,89.38822587342305,103.66553606681201,NA,NA,98.58403094249955,NA,NA,NA,NA,NA,NA,NA,NA,NA
684665,NA,94.69584537228017,NA,91.59581451934069,94.43749854488601,99.06847547867939,NA,NA,94.41228485078466,NA,NA,NA,NA,NA,NA,NA,NA,NA
684937,105.30679987807389,93.17191128053986,NA,88.07638461321513,NA,89.1996023157221,NA,NA,93.88775245600787,NA,NA,NA,NA,NA,NA,NA,NA,NA
685001,NA,NA,NA,85.91208514514616,NA,96.3169476768827,NA,NA,88.3132072678546,NA,NA,NA,NA,NA,NA,NA,NA,NA
685095,94.75208747267646,NA,NA,NA,NA,106.16788256839295,NA,NA,100.4599850205347,NA,NA,NA,NA,NA,NA,NA,NA,NA
685107,100.99552828780253,NA,NA,99.08537912863204,NA,99.71353606278494,NA,NA,99.85311370529826,Anthony Veneziano,"<a href=""leaders.aspx?pos=all&stats=pit&lg=all&qual=0&type=strType&season=2023&month=0&season1=2023&ind=1&team=7&rost=0&age=0"">KCR</a>",2.1,0,4.96932630733571,8.512223405624532,-0.08333333,55.6,0.35
685116,88.6701732983388,110.96543057585087,NA,NA,92.95960421039574,98.80248008697868,NA,NA,95.40238919242385,NA,NA,NA,NA,NA,NA,NA,NA,NA
685126,94.43007837832616,NA,NA,90.93973688459072,NA,97.66847252864132,NA,NA,93.8414769708567,NA,NA,NA,NA,NA,NA,NA,NA,NA
685314,NA,103.37724560770144,NA,NA,91.69037280824018,NA,NA,NA,96.69903257943787,Andrew Saalfrank,"<a href=""leaders.aspx?pos=all&stats=pit&lg=all&qual=0&type=strType&season=2023&month=0&season1=2023&ind=1&team=15&rost=0&age=0"">ARI</a>",10.1,0,3.2550403594970705,3.735045810785237,0.04878049,48.4,0.207
685401,93.20324666549865,93.29306531251889,95.6420011025575,88.24414812959012,99.22269846360676,NA,NA,NA,95.30741742789395,NA,NA,NA,NA,NA,NA,NA,NA,NA
685410,98.99132769593741,102.92689371151448,96.17652573012715,93.35716003758641,NA,NA,NA,NA,95.67973152579819,Peyton Battenfield,"<a href=""leaders.aspx?pos=all&stats=pit&lg=all&qual=0&type=strType&season=2023&month=0&season1=2023&ind=1&team=5&rost=0&age=0"">CLE</a>",34.2,5.192308073213143,5.360809744744623,4.834294624594855,0.10273973,50.5,0.336
686218,105.00725696571313,NA,NA,99.60706955097173,82.71467154173126,102.17869806910909,103.52872498245085,NA,101.15549727018416,Emmet Sheehan,"<a href=""leaders.aspx?pos=all&stats=pit&lg=all&qual=0&type=strType&season=2023&month=0&season1=2023&ind=1&team=22&rost=0&age=0"">LAD</a>",60.1,4.922652037449875,4.846200614026323,4.777938966153574,0.15322581,42,0.307
686294,97.11985299730662,NA,103.10034204368863,97.40507121931996,96.59453282614298,101.96752389911752,NA,NA,98.97340010020778,Amos Willingham,"<a href=""leaders.aspx?pos=all&stats=pit&lg=all&qual=0&type=strType&season=2023&month=0&season1=2023&ind=1&team=24&rost=0&age=0"">WSN</a>",24.1,6.657535116317843,7.529013520590007,6.244663099670769,0.05172414,52.7,0.418
686539,NA,NA,NA,89.79074718114036,95.65496558468041,106.82775794651367,99.93841341562494,NA,101.23091631451622,Declan Cronin,"<a href=""leaders.aspx?pos=all&stats=pit&lg=all&qual=0&type=strType&season=2023&month=0&season1=2023&ind=1&team=4&rost=0&age=0"">CHW</a>",11,9.000000780279054,7.8004952990319465,5.607782907615363,0.01960784,35.3,0.387
686608,NA,107.24033181712831,103.94777745725862,100.92785869610786,88.37775274544293,109.43961757538335,NA,NA,103.00437588300045,NA,NA,NA,NA,NA,NA,NA,NA,NA
686610,96.45123921671748,102.47722268020078,NA,95.21739875814677,98.54900490811475,NA,100.08923899498757,NA,96.88015404772091,Ken Waldichuk,"<a href=""leaders.aspx?pos=all&stats=pit&lg=all&qual=0&type=strType&season=2023&month=0&season1=2023&ind=1&team=10&rost=0&age=0"">OAK</a>",141,5.361702562835577,5.297593716767766,5.078230565428108,0.09546166,38.5,0.361
686613,104.45591530066353,NA,102.86274938765524,97.668318532653,NA,NA,102.89768167374467,103.65312434674622,100.62893157354173,Hunter Brown,"<a href=""leaders.aspx?pos=all&stats=pit&lg=all&qual=0&type=strType&season=2023&month=0&season1=2023&ind=1&team=21&rost=0&age=0"">HOU</a>",155.2,5.087794765026069,4.372813451813403,3.518524000846807,0.18496241,44.4,0.34
686651,98.86681342422672,98.10394916293055,NA,92.43431206919041,NA,108.84872274075117,NA,NA,99.15118895987226,Levi Stoudt,"<a href=""leaders.aspx?pos=all&stats=pit&lg=all&qual=0&type=strType&season=2023&month=0&season1=2023&ind=1&team=18&rost=0&age=0"">CIN</a>",10.1,9.580645456026307,5.093750093481917,5.59570520183855,0.01818182,47.4,0.416
686654,NA,NA,NA,96.75098790599242,NA,103.10486020401711,NA,NA,100.24882669631914,Ty Adcock,"<a href=""leaders.aspx?pos=all&stats=pit&lg=all&qual=0&type=strType&season=2023&month=0&season1=2023&ind=1&team=11&rost=0&age=0"">SEA</a>",15.2,3.446809070150346,5.169934287358374,3.644847645144935,0.18965517,51.1,0.263
686730,95.32928227759719,NA,95.43153246048863,94.42631555251901,96.19984375927714,NA,107.72349382524675,NA,97.80565310720233,Carson Spiers,"<a href=""leaders.aspx?pos=all&stats=pit&lg=all&qual=0&type=strType&season=2023&month=0&season1=2023&ind=1&team=18&rost=0&age=0"">CIN</a>",13,6.923076923076923,4.0242711287278405,5.822251020028041,0.078125,33.3,0.359
686747,86.81422434113885,NA,105.00934972809108,88.17700734389025,94.0567468836208,NA,98.78976166355625,NA,96.20350537040291,Joe La Sorsa,- - -,32.2,4.40816425194816,4.112183408486991,4.841592754910966,0.13103448,30.4,0.304
686752,105.24765678432298,NA,NA,100.70937047218533,NA,104.32820284226108,NA,NA,102.72196396653743,Ryan Pepiot,"<a href=""leaders.aspx?pos=all&stats=pit&lg=all&qual=0&type=strType&season=2023&month=0&season1=2023&ind=1&team=22&rost=0&age=0"">LAD</a>",42,2.142857142857143,4.183611788068499,3.985221018961498,0.20754717,27.4,0.251
686753,92.29725954538544,96.21212475826364,NA,102.10169266936164,90.60719829505098,103.4393157888983,NA,NA,97.45982856631262,Drey Jameson,"<a href=""leaders.aspx?pos=all&stats=pit&lg=all&qual=0&type=strType&season=2023&month=0&season1=2023&ind=1&team=15&rost=0&age=0"">ARI</a>",40.2,3.3196723387466394,4.755040453301107,4.707192434285247,0.1091954,47.5,0.33
686826,101.4109815571801,94.23256327998561,NA,87.61505724579607,NA,101.82019933989132,NA,NA,94.00783229735735,Bryce Jarvis,"<a href=""leaders.aspx?pos=all&stats=pit&lg=all&qual=0&type=strType&season=2023&month=0&season1=2023&ind=1&team=15&rost=0&age=0"">ARI</a>",23.2,3.042254093217948,5.029688580540874,5.268019499583419,0.0326087,45.1,0.246
686839,NA,NA,NA,102.44179660559668,97.89215624244916,106.14155408826497,106.7314709192875,NA,104.38303179706236,Brendan White,"<a href=""leaders.aspx?pos=all&stats=pit&lg=all&qual=0&type=strType&season=2023&month=0&season1=2023&ind=1&team=6&rost=0&age=0"">DET</a>",40.2,5.0901648495923615,3.845204400029518,3.8675139809193633,0.16384181,41.7,0.322
686842,110.32394130409831,NA,NA,95.00036612647719,NA,NA,116.36680144445072,NA,104.11366383827267,McKinley Moore,"<a href=""leaders.aspx?pos=all&stats=pit&lg=all&qual=0&type=strType&season=2023&month=0&season1=2023&ind=1&team=26&rost=0&age=0"">PHI</a>",3.1,18.90000180244463,12.255041217804038,10.835068713310084,-0.14285714,41.7,0.55
686933,NA,NA,NA,89.2072930382293,NA,94.50850097529926,NA,NA,91.85789700676428,NA,NA,NA,NA,NA,NA,NA,NA,NA
686972,NA,NA,NA,111.27120920970175,105.53676439513761,105.28219611150672,NA,NA,109.65138478110023,Cole Waites,"<a href=""leaders.aspx?pos=all&stats=pit&lg=all&qual=0&type=strType&season=2023&month=0&season1=2023&ind=1&team=30&rost=0&age=0"">SFG</a>",2.1,15.428573530547759,4.11218333341639,5.529342172731919,0,45.5,0.47
686973,101.4877713496068,NA,NA,99.5551592266226,95.30060327224926,103.02743090581342,105.3350292907713,NA,101.54926725149298,Louis Varland,"<a href=""leaders.aspx?pos=all&stats=pit&lg=all&qual=0&type=strType&season=2023&month=0&season1=2023&ind=1&team=8&rost=0&age=0"">MIN</a>",68,4.632353006143472,5.019746266599346,3.808786445207401,0.19081272,43.8,0.335
687145,NA,NA,NA,94.935269843793,NA,95.98058738699737,NA,NA,95.16537118978138,Evan Justice,"<a href=""leaders.aspx?pos=all&stats=pit&lg=all&qual=0&type=strType&season=2023&month=0&season1=2023&ind=1&team=19&rost=0&age=0"">COL</a>",7.1,8.59091169775104,5.02776817014411,6.155053798993894,-0.02380952,23.1,0.472
687312,94.37032745498057,NA,NA,95.55133643917694,91.25313172278143,105.3859217031027,NA,NA,96.6248694348488,NA,NA,NA,NA,NA,NA,NA,NA,NA
687330,NA,NA,93.18197113182151,95.60328635897068,103.6802463023352,NA,103.69425741265604,NA,102.42085035622326,Kevin Kelly,"<a href=""leaders.aspx?pos=all&stats=pit&lg=all&qual=0&type=strType&season=2023&month=0&season1=2023&ind=1&team=12&rost=0&age=0"">TBR</a>",67,3.0895529424303976,3.0908612176287886,4.2821228658380095,0.14855072,32.8,0.264
687396,NA,NA,NA,96.09689145923547,NA,95.40978588010378,NA,NA,96.04372603179068,Brent Headrick,"<a href=""leaders.aspx?pos=all&stats=pit&lg=all&qual=0&type=strType&season=2023&month=0&season1=2023&ind=1&team=8&rost=0&age=0"">MIN</a>",25.2,6.311688937069676,6.099196485460567,5.452475470514804,0.17094017,42.5,0.383
687424,NA,NA,NA,NA,97.21180648941085,105.30169578366014,NA,NA,99.23427881297317,NA,NA,NA,NA,NA,NA,NA,NA,NA
687798,107.37667713417571,NA,NA,97.76920202729555,NA,104.50067147052967,113.81423745767727,NA,102.84817358526327,Nick Robertson,- - -,22.1,6.0447764635670485,3.88190606682995,3.912373625048354,0.16037736,47.1,0.375
687830,113.00394707653567,NA,103.93597511569695,98.5953837475651,105.36574540478021,105.06671299712538,NA,NA,105.3493378695618,Sawyer Gipson-Long,"<a href=""leaders.aspx?pos=all&stats=pit&lg=all&qual=0&type=strType&season=2023&month=0&season1=2023&ind=1&team=6&rost=0&age=0"">DET</a>",20,2.7,3.1550403594970704,3.7563948765397073,0.2195122,27.1,0.272
687856,NA,NA,NA,100.46318798313716,NA,NA,102.76369234871223,NA,101.38338972936718,NA,NA,NA,NA,NA,NA,NA,NA,NA
687871,89.9572609520775,NA,93.22118276716458,89.66469865631076,83.60835953444142,95.51864835327227,NA,NA,90.98826314842006,NA,NA,NA,NA,NA,NA,NA,NA,NA
687888,101.68621679236642,NA,100.02323644814254,85.6598162908442,88.62481416676822,NA,96.08621501838586,NA,95.79011843696466,Brandon Walter,"<a href=""leaders.aspx?pos=all&stats=pit&lg=all&qual=0&type=strType&season=2023&month=0&season1=2023&ind=1&team=3&rost=0&age=0"">BOS</a>",23,6.260869565217392,4.602866446453592,5.279414615164633,0.08490566,24.4,0.375
687922,93.59107943992282,NA,98.37876478995196,94.86207077075845,NA,99.33702691058694,105.47999740084933,NA,97.4521415828188,Easton Lucas,"<a href=""leaders.aspx?pos=all&stats=pit&lg=all&qual=0&type=strType&season=2023&month=0&season1=2023&ind=1&team=10&rost=0&age=0"">OAK</a>",6.2,8.10000077247627,4.905040516853348,5.187065411581999,0.08571429,45.8,0.396
687956,NA,NA,NA,86.87872850057467,NA,94.39957949853631,NA,NA,88.1322036669016,NA,NA,NA,NA,NA,NA,NA,NA,NA
688427,93.49202585293116,NA,99.50750091484214,97.92432070913193,95.75039794714134,102.35835938447737,113.07976039284488,NA,100.72878841588191,Kolton Ingram,"<a href=""leaders.aspx?pos=all&stats=pit&lg=all&qual=0&type=strType&season=2023&month=0&season1=2023&ind=1&team=1&rost=0&age=0"">LAA</a>",5.1,8.43750050291422,8.317540661245602,6.23257162176259,0.06666667,55.6,0.45
688896,97.2117515916589,97.24027390994443,96.25957648219236,91.16060418628835,NA,NA,NA,NA,93.81747214186362,NA,NA,NA,NA,NA,NA,NA,NA,NA
689147,NA,NA,NA,102.07254969821217,101.65346373076139,NA,122.54639879546764,NA,116.80316610620558,Orion Kerkering,"<a href=""leaders.aspx?pos=all&stats=pit&lg=all&qual=0&type=strType&season=2023&month=0&season1=2023&ind=1&team=26&rost=0&age=0"">PHI</a>",3,3,1.255040359497071,1.255040359497071,0.28571429,33.3,0.314
689167,100.0744426137244,NA,NA,95.24304930245181,94.26484039424085,NA,103.66604846423104,NA,98.04341782966452,Jeff Lindgren,"<a href=""leaders.aspx?pos=all&stats=pit&lg=all&qual=0&type=strType&season=2023&month=0&season1=2023&ind=1&team=20&rost=0&age=0"">MIA</a>",7,5.142857142857143,4.683611788068499,7.754122188261578,-0.10714286,43.5,0.263
689225,107.68564337468108,103.67713779958349,NA,101.20332573161559,94.48899741822353,105.19925694751993,NA,NA,102.24439958022184,Beau Brieske,"<a href=""leaders.aspx?pos=all&stats=pit&lg=all&qual=0&type=strType&season=2023&month=0&season1=2023&ind=1&team=6&rost=0&age=0"">DET</a>",35,3.6000003923689046,3.997897583319226,4.35448957658623,0.125,32.4,0.315
689266,93.71427997719968,NA,94.2596865046636,93.30855656876568,NA,93.77261950261266,NA,NA,93.55558243965727,Dylan Dodd,"<a href=""leaders.aspx?pos=all&stats=pit&lg=all&qual=0&type=strType&season=2023&month=0&season1=2023&ind=1&team=16&rost=0&age=0"">ATL</a>",34.1,7.601942029117549,6.924943408036576,6.5028407344883075,0.01829268,46.3,0.429
689690,101.6984467278358,NA,NA,96.2369528841507,94.84257576125141,NA,100.72053342405205,NA,98.27939055936254,Alek Jacob,"<a href=""leaders.aspx?pos=all&stats=pit&lg=all&qual=0&type=strType&season=2023&month=0&season1=2023&ind=1&team=29&rost=0&age=0"">SDP</a>",3,0,0.9217062844168109,1.4728237109290288,0.4,50,0.07
690345,99.86011757440949,NA,NA,96.03188453053693,NA,98.07497318563688,NA,NA,97.10433552883508,NA,NA,NA,NA,NA,NA,NA,NA,NA
690829,NA,NA,NA,95.78817770326579,92.38357775756863,118.02837390040155,124.84367898205471,NA,100.10127646399518,Ben Joyce,"<a href=""leaders.aspx?pos=all&stats=pit&lg=all&qual=0&type=strType&season=2023&month=0&season1=2023&ind=1&team=1&rost=0&age=0"">LAA</a>",10,5.4,5.55504035949707,6.239062464237213,0.02083333,42.9,0.342
690986,98.19921253525177,NA,NA,99.89888492362888,98.69912244720686,96.69917131861965,NA,NA,98.523745048221,Kyle Harrison,"<a href=""leaders.aspx?pos=all&stats=pit&lg=all&qual=0&type=strType&season=2023&month=0&season1=2023&ind=1&team=30&rost=0&age=0"">SFG</a>",34.2,4.153846458570514,5.533886680518394,5.013914273298624,0.16326531,38.1,0.324
691094,89.19528525132623,96.33257204040898,90.48320652123294,86.34777179566115,90.74514585469754,92.03899710962834,NA,NA,90.18327460942939,Randy Wynne,"<a href=""leaders.aspx?pos=all&stats=pit&lg=all&qual=0&type=strType&season=2023&month=0&season1=2023&ind=1&team=18&rost=0&age=0"">CIN</a>",2.1,3.8571433826369397,4.54075482037605,6.666493079349344,-0.09090909,70,0.37
691109,NA,NA,109.4347442550711,NA,94.16495020324189,102.8172439558758,NA,NA,97.36857819783727,NA,NA,NA,NA,NA,NA,NA,NA,NA
691587,102.61249642208054,100.38022894948807,NA,106.17516007807035,110.84227851941392,105.57525075360988,NA,NA,104.89400991987605,Eury Pérez,"<a href=""leaders.aspx?pos=all&stats=pit&lg=all&qual=0&type=strType&season=2023&month=0&season1=2023&ind=1&team=20&rost=0&age=0"">MIA</a>",91.1,3.153284847136162,4.109055005596447,4.2368174496869395,0.20588235,40.3,0.303
691828,93.25885664036949,NA,98.51293349705718,92.18512713430592,NA,NA,106.58218885841283,NA,94.00219896652004,NA,NA,NA,NA,NA,NA,NA,NA,NA
692285,NA,NA,NA,97.34118374266316,97.60050206227959,108.51101268305702,NA,NA,98.36148805218089,NA,NA,NA,NA,NA,NA,NA,NA,NA
693312,NA,108.54038644128987,NA,104.48894460962342,NA,112.90893835633794,NA,NA,107.6762510298483,Kyle Nicolas,"<a href=""leaders.aspx?pos=all&stats=pit&lg=all&qual=0&type=strType&season=2023&month=0&season1=2023&ind=1&team=27&rost=0&age=0"">PIT</a>",5.1,11.812500704079909,5.880040515959273,4.6825542600461185,0.11538462,64.3,0.444
693433,103.8348966507698,NA,NA,103.1099444321757,100.66013544818294,103.21484606096094,111.70430120007738,NA,103.32155202171893,Bryan Woo,"<a href=""leaders.aspx?pos=all&stats=pit&lg=all&qual=0&type=strType&season=2023&month=0&season1=2023&ind=1&team=11&rost=0&age=0"">SEA</a>",87.2,4.2091255973881365,4.3615042699215945,4.263121606989596,0.1671159,33.8,0.305
693821,92.55401862007005,NA,NA,85.30646645464185,88.98745461515911,101.09687710900226,NA,NA,93.17417021047527,Bryce Elder,"<a href=""leaders.aspx?pos=all&stats=pit&lg=all&qual=0&type=strType&season=2023&month=0&season1=2023&ind=1&team=16&rost=0&age=0"">ATL</a>",174.2,3.812977321303117,4.422979358815143,4.494980653295698,0.08879781,41,0.309
694037,98.96548756536768,100.96144716063154,NA,110.95485218407819,97.81339061231755,115.23021280269958,NA,NA,111.17138451117826,Daniel Palencia,"<a href=""leaders.aspx?pos=all&stats=pit&lg=all&qual=0&type=strType&season=2023&month=0&season1=2023&ind=1&team=17&rost=0&age=0"">CHC</a>",28.1,4.447059621844056,3.9962169631377464,4.136939774377382,0.15966387,47.1,0.303
694297,99.94973018983094,99.42482395008864,NA,99.10940161054513,97.37754297993799,NA,110.04966327138997,NA,101.9115654737842,Brandon Pfaadt,"<a href=""leaders.aspx?pos=all&stats=pit&lg=all&qual=0&type=strType&season=2023&month=0&season1=2023&ind=1&team=15&rost=0&age=0"">ARI</a>",96,5.718750454485453,5.1821238459812395,4.45909336943104,0.16152019,44,0.362
694298,NA,NA,NA,93.21594271545787,98.84766982439422,98.82307827471499,NA,NA,96.02258443879633,NA,NA,NA,NA,NA,NA,NA,NA,NA
694312,103.53235086116432,NA,90.33466147025415,100.33375513513617,NA,109.17672299402219,NA,NA,101.66866828579867,NA,NA,NA,NA,NA,NA,NA,NA,NA
694331,100.97386282874398,NA,NA,103.12771657683979,NA,109.0154673561174,NA,NA,105.22655504978535,NA,NA,NA,NA,NA,NA,NA,NA,NA
694363,89.93141234698426,NA,NA,88.53379022928593,88.52197894494358,94.18101710394234,NA,NA,90.64561531630504,Jared Shuster,"<a href=""leaders.aspx?pos=all&stats=pit&lg=all&qual=0&type=strType&season=2023&month=0&season1=2023&ind=1&team=16&rost=0&age=0"">ATL</a>",52.2,5.810126862833862,5.381622740665019,6.1338023066451015,0.0173913,38.7,0.341
694381,116.32489170898903,NA,NA,NA,101.95926622991414,NA,NA,NA,106.95600552698367,NA,NA,NA,NA,NA,NA,NA,NA,NA
694813,97.46884390796322,99.12145963959361,98.43572351445957,94.29107026288906,91.73257877340815,102.19699951560457,NA,NA,96.2209817251318,Gavin Stone,"<a href=""leaders.aspx?pos=all&stats=pit&lg=all&qual=0&type=strType&season=2023&month=0&season1=2023&ind=1&team=22&rost=0&age=0"">LAD</a>",31,9.000000276873196,6.642137237890209,5.153985946569,0.05921053,37.4,0.423
695243,108.07759442972433,NA,104.09368191733688,106.53552124180943,NA,107.2147909235614,NA,NA,106.52274984054287,Mason Miller,"<a href=""leaders.aspx?pos=all&stats=pit&lg=all&qual=0&type=strType&season=2023&month=0&season1=2023&ind=1&team=10&rost=0&age=0"">OAK</a>",33.1,3.780000144195562,3.465040367507935,4.768263627199107,0.15827338,34.1,0.28
696136,93.29444208441421,97.42607823639196,94.66531523230431,96.20154185319593,92.86569787167542,102.97371686485249,NA,NA,94.94053372188333,Jordan Wicks,"<a href=""leaders.aspx?pos=all&stats=pit&lg=all&qual=0&type=strType&season=2023&month=0&season1=2023&ind=1&team=17&rost=0&age=0"">CHC</a>",34.2,4.413461862231171,4.697348157611833,4.300826139267007,0.08843538,33,0.317
696147,100.23544049397432,NA,NA,NA,96.67450861557766,107.05839202911062,NA,NA,102.8866441361964,Sam Bachman,"<a href=""leaders.aspx?pos=all&stats=pit&lg=all&qual=0&type=strType&season=2023&month=0&season1=2023&ind=1&team=1&rost=0&age=0"">LAA</a>",17,3.176470588235294,3.7256285947911882,4.698188450055964,0.03896104,41.2,0.308
696275,NA,NA,NA,84.45725548697789,93.41565043030191,101.45660373241925,NA,NA,93.33919696020136,NA,NA,NA,NA,NA,NA,NA,NA,NA
697813,NA,NA,107.394519568366,93.50425338168968,NA,NA,NA,NA,99.67770502021249,NA,NA,NA,NA,NA,NA,NA,NA,NA
699499,104.67256102065957,NA,110.50480555261007,NA,91.82103047800143,108.40981450986283,NA,NA,99.76433357482637,NA,NA,NA,NA,NA,NA,NA,NA,NA
700287,97.01325928758777,NA,NA,88.65818285352245,NA,NA,NA,NA,92.00021342714858,NA,NA,NA,NA,NA,NA,NA,NA,NA
700363,95.66309885844173,93.31106373970799,NA,95.2323026836041,NA,96.67067835304947,NA,NA,95.31433864198206,AJ Smith-Shawver,"<a href=""leaders.aspx?pos=all&stats=pit&lg=all&qual=0&type=strType&season=2023&month=0&season1=2023&ind=1&team=16&rost=0&age=0"">ATL</a>",25.1,4.263158269205945,6.6892511874685265,5.7077012390667035,0.08571429,35.6,0.301
701121,89.1582533181688,NA,NA,87.94464368176169,NA,NA,105.39795198135423,NA,93.22074725651328,NA,NA,NA,NA,NA,NA,NA,NA,NA
701151,86.11718895411225,NA,100.65841191600852,91.0471639520916,96.7725248604167,108.5212864208913,NA,NA,96.9698699553059,NA,NA,NA,NA,NA,NA,NA,NA,NA
701552,105.77883361346905,NA,NA,93.36780219887447,NA,95.38508068834744,NA,NA,97.05855330576209,NA,NA,NA,NA,NA,NA,NA,NA,NA
701566,103.50431288489504,NA,NA,95.05976796803907,NA,118.79956270336274,NA,NA,105.2908885694365,NA,NA,NA,NA,NA,NA,NA,NA,NA
701643,94.03407922900846,NA,93.86303791565727,NA,97.8729626299933,NA,104.20512290846682,NA,98.97495810803451,Grant Hartwig,"<a href=""leaders.aspx?pos=all&stats=pit&lg=all&qual=0&type=strType&season=2023&month=0&season1=2023&ind=1&team=25&rost=0&age=0"">NYM</a>",35.1,4.8396233381772795,4.44371977589149,4.837321421033904,0.09493671,36.4,0.325
701719,NA,NA,NA,90.02853377681569,91.9646188830699,103.65922305141527,NA,NA,95.15760608947409,NA,NA,NA,NA,NA,NA,NA,NA,NA
701803,NA,NA,NA,82.84916209093262,NA,102.24474096494959,NA,NA,95.77954800694393,NA,NA,NA,NA,NA,NA,NA,NA,NA
702355,106.40950573306172,NA,NA,95.61656208067282,NA,112.99552096674574,NA,NA,100.56518744863507,NA,NA,NA,NA,NA,NA,NA,NA,NA
702795,NA,NA,NA,86.81957498221607,NA,97.65922033951607,NA,104.51540384491699,98.1815333674255,NA,NA,NA,NA,NA,NA,NA,NA,NA
702911,107.34140387836086,NA,NA,103.20035727016354,NA,94.3087969474669,NA,NA,102.63614876271077,NA,NA,NA,NA,NA,NA,NA,NA,NA
703710,NA,NA,NA,90.56713995819234,96.87435167819328,100.48053694553408,NA,NA,96.25883511851227,NA,NA,NA,NA,NA,NA,NA,NA,NA
801216,107.69263545956505,NA,NA,96.30347006327924,NA,103.12451902425956,NA,NA,100.23451348832583,NA,NA,NA,NA,NA,NA,NA,NA,NA
801389,90.22915351692926,NA,NA,NA,100.17337675365938,104.45071905345641,NA,NA,100.75093748619157,NA,NA,NA,NA,NA,NA,NA,NA,NA
802408,80.73536568856512,NA,NA,NA,96.44867278550026,97.93084546253836,NA,NA,96.03804983491038,NA,NA,NA,NA,NA,NA,NA,NA,NA
805437,101.2348167067408,96.4932605349228,NA,NA,104.86869621311419,97.83123404092551,NA,NA,102.11503092748832,NA,NA,NA,NA,NA,NA,NA,NA,NA
