pitcher,stuff_plus_CH,stuff_plus_CU,stuff_plus_FF,stuff_plus_SI,stuff_plus_SL,stuff_plus_ST,stuff_plus_FC,stuff_plus_KC,stuff_plus,PlayerName,Team,IP,ERA,FIP,xFIP,K.BB.
434378,104.4180384875406,97.85867668290508,100.3666571045913,99.4004029479761,108.4978160555789,97.19881907425697,NA,NA,101.97153968938768,Justin Verlander,"<a href=""leaders.aspx?pos=all&stats=pit&lg=all&qual=0&type=strType&season=2025&month=0&season1=2025&ind=1&team=30&rost=0&age=0"">SFG</a>",152,3.848684210526316,3.8456626339962607,4.566704073783598,0.12839879
445276,NA,NA,NA,95.82774436911676,103.02844404449709,104.69025105381705,109.09642935264098,NA,107.3451267308203,Kenley Jansen,"<a href=""leaders.aspx?pos=all&stats=pit&lg=all&qual=0&type=strType&season=2025&month=0&season1=2025&ind=1&team=1&rost=0&age=0"">LAA</a>",59,2.59322050665002,3.9825940001185582,4.597819084749077,0.16239316
445926,93.12873121700856,91.86531197849777,NA,88.34536074805676,91.39624645767537,NA,93.26102801823122,NA,91.31258726547004,Jesse Chavez,"<a href=""leaders.aspx?pos=all&stats=pit&lg=all&qual=0&type=strType&season=2025&month=0&season1=2025&ind=1&team=16&rost=0&age=0"">ATL</a>",8,9,9.510136318206786,6.093614947795868,0.06976744
448179,88.40155609777592,94.21832009524226,89.48736056866736,92.14268809369935,NA,98.15940877193209,89.86119870934994,NA,91.93205255413129,Rich Hill,"<a href=""leaders.aspx?pos=all&stats=pit&lg=all&qual=0&type=strType&season=2025&month=0&season1=2025&ind=1&team=7&rost=0&age=0"">KCR</a>",9,5,7.801802984873454,6.797262147400114,-0.09302326
450203,110.54365849956983,106.79004949320223,94.3205548785747,100.07056010259296,NA,NA,98.00739855388875,NA,101.79033555791509,Charlie Morton,- - -,142,5.830986032975949,4.959080016927525,4.395185517543791,0.117737
453286,93.56921713531815,95.27781585340743,101.66899391150498,NA,100.79106158717435,NA,99.21230486125319,NA,99.57779650080616,Max Scherzer,"<a href=""leaders.aspx?pos=all&stats=pit&lg=all&qual=0&type=strType&season=2025&month=0&season1=2025&ind=1&team=14&rost=0&age=0"">TOR</a>",85,5.188235294117647,4.993959847618552,4.55486039834864,0.16480447
455119,NA,NA,96.55890301447415,98.6072153374569,NA,103.01059911192348,99.4402950158976,NA,97.15490569472662,Chris Martin,"<a href=""leaders.aspx?pos=all&stats=pit&lg=all&qual=0&type=strType&season=2025&month=0&season1=2025&ind=1&team=13&rost=0&age=0"">TEX</a>",42.1,2.9763785785660044,3.5839553102127715,3.307454241119233,0.20114943
458677,NA,NA,98.09891888127726,NA,107.01421755071105,NA,98.09827457348088,NA,101.35743334035745,Justin Wilson,"<a href=""leaders.aspx?pos=all&stats=pit&lg=all&qual=0&type=strType&season=2025&month=0&season1=2025&ind=1&team=3&rost=0&age=0"">BOS</a>",48.1,3.351725284245687,2.9489293579709157,3.5455474210040476,0.17874396
471911,88.63927123089566,94.67295746404098,87.72513764429146,89.14947707469061,95.12631306151532,99.02775428707623,NA,NA,90.7962816707201,Carlos Carrasco,- - -,45.2,7.094890609725765,5.6095889074012675,4.991080755208627,0.08018868
472610,NA,NA,97.4441737058833,94.70486404861258,107.61598674900799,103.8500965039677,NA,NA,98.02690384741476,Luis García,- - -,55.1,3.4156631411792486,3.279714652224957,4.00793386289119,0.0944206
476594,88.7714519773194,NA,89.35704037610093,92.95858455849603,NA,87.12675839992683,92.85444106190603,NA,91.80003149635417,Robert Stock,"<a href=""leaders.aspx?pos=all&stats=pit&lg=all&qual=0&type=strType&season=2025&month=0&season1=2025&ind=1&team=3&rost=0&age=0"">BOS</a>",2.2,10.125002413988689,11.760138374567521,9.197746735837558,-0.2
477132,NA,98.41480497645514,99.80575987059721,89.34501480261908,99.78158357034724,NA,NA,NA,98.67893708508129,Clayton Kershaw,"<a href=""leaders.aspx?pos=all&stats=pit&lg=all&qual=0&type=strType&season=2025&month=0&season1=2025&ind=1&team=22&rost=0&age=0"">LAD</a>",112.2,3.355029661529127,3.5522960909365993,4.175519855641242,0.10583153
489119,89.76868578726403,103.61352690618976,92.97179695568275,94.37389909442203,95.74436565885404,99.3456081999766,96.06531484645612,NA,93.79024355441443,Wade Miley,"<a href=""leaders.aspx?pos=all&stats=pit&lg=all&qual=0&type=strType&season=2025&month=0&season1=2025&ind=1&team=18&rost=0&age=0"">CIN</a>",12,6.75,6.96846965154012,5.645643795033296,0.01818182
489446,NA,NA,99.03023124957392,NA,NA,NA,NA,NA,99.89347219858773,Kirby Yates,"<a href=""leaders.aspx?pos=all&stats=pit&lg=all&qual=0&type=strType&season=2025&month=0&season1=2025&ind=1&team=22&rost=0&age=0"">LAD</a>",41.1,5.225807094673291,4.756104259610077,3.902366663040158,0.19662921
493603,NA,NA,101.39936764325067,99.68709235809386,NA,105.4101225765547,108.8510958415741,NA,102.5898766542402,Adam Ottavino,"<a href=""leaders.aspx?pos=all&stats=pit&lg=all&qual=0&type=strType&season=2025&month=0&season1=2025&ind=1&team=9&rost=0&age=0"">NYY</a>",1.2,0,6.735140008930175,8.58522908339474,-0.11111111
500779,91.14670607701014,92.33097572841056,89.17289469637329,89.4000376475733,NA,NA,NA,NA,90.49569578383412,Jose Quintana,"<a href=""leaders.aspx?pos=all&stats=pit&lg=all&qual=0&type=strType&season=2025&month=0&season1=2025&ind=1&team=23&rost=0&age=0"">MIL</a>",131.2,3.964557268325788,4.81361746054395,4.921617694320327,0.07014389
502043,86.63413975877074,95.10295934465898,94.38334855941025,88.87477211008643,98.52807569853188,101.54232860342869,95.64671220739415,NA,93.04583966768764,Kyle Gibson,"<a href=""leaders.aspx?pos=all&stats=pit&lg=all&qual=0&type=strType&season=2025&month=0&season1=2025&ind=1&team=2&rost=0&age=0"">BAL</a>",12.1,16.78378551419083,10.594596546736046,5.716335473184241,0.04109589
502085,90.22803977572762,NA,NA,93.87289365251497,104.83622245460457,NA,112.37149798468056,110.8459174082325,109.97600918570267,David Robertson,"<a href=""leaders.aspx?pos=all&stats=pit&lg=all&qual=0&type=strType&season=2025&month=0&season1=2025&ind=1&team=26&rost=0&age=0"">PHI</a>",17.2,4.075472284780867,4.94645733366495,3.4866213698320645,0.17948718
506433,88.96058796320236,98.02783646973423,100.7631087411685,95.98257337579534,104.57043165454515,106.13252916254481,95.95508540940422,97.43481386414355,99.40664840356611,Yu Darvish,"<a href=""leaders.aspx?pos=all&stats=pit&lg=all&qual=0&type=strType&season=2025&month=0&season1=2025&ind=1&team=29&rost=0&age=0"">SDP</a>",72,5.375,4.815691873762343,4.150849101361302,0.16554054
516853,NA,101.1460528764936,100.80383712548445,NA,NA,NA,95.4045240746971,NA,99.71578753730698,NA,NA,NA,NA,NA,NA,NA
518397,84.75730139732718,NA,NA,90.65981103769674,97.38831814583321,NA,NA,NA,91.51065967593841,Scott Alexander,- - -,17.2,6.113209788424104,7.606836070850345,5.672955340854404,-0.01234568
518489,NA,NA,94.35217546981141,91.69391782963253,100.46088291347593,NA,95.22777100390094,NA,96.06141087383536,Ryan Brasier,"<a href=""leaders.aspx?pos=all&stats=pit&lg=all&qual=0&type=strType&season=2025&month=0&season1=2025&ind=1&team=17&rost=0&age=0"">CHC</a>",26,4.500000660236162,3.17359786231137,3.6560395819357012,0.14285714
518585,NA,NA,99.86587121729944,90.618862654346,100.31252376280757,NA,NA,NA,99.77322721199728,Fernando Cruz,"<a href=""leaders.aspx?pos=all&stats=pit&lg=all&qual=0&type=strType&season=2025&month=0&season1=2025&ind=1&team=9&rost=0&age=0"">NYY</a>",48,3.5625008493663906,3.176802994807564,3.0110603437788948,0.24
518876,104.3125865585213,97.52141488960085,94.6564556158049,97.63328070643531,97.58840184717816,NA,88.32875616420397,NA,96.71243043562428,Merrill Kelly,- - -,184,3.5217393494734153,3.7601363570793844,3.8109399632767174,0.15909091
518886,95.7339563314547,NA,105.64478133554826,NA,NA,107.13880373743385,NA,104.83579330953582,105.1976843316027,Craig Kimbrel,- - -,12,2.2500003576279255,4.218469823731344,3.7220206691836286,0.20408163000000001
519008,85.40187383782305,NA,81.21189300473227,96.24834423782461,NA,97.51460022006911,NA,NA,95.37671496270447,T.J. McFarland,"<a href=""leaders.aspx?pos=all&stats=pit&lg=all&qual=0&type=strType&season=2025&month=0&season1=2025&ind=1&team=10&rost=0&age=0"">ATH</a>",15.2,6.893621497375162,4.667052206512379,4.3852020494908155,0.05405405
519141,NA,NA,104.3347712359998,NA,NA,NA,NA,100.78893973265352,103.58060495855482,Drew Pomeranz,"<a href=""leaders.aspx?pos=all&stats=pit&lg=all&qual=0&type=strType&season=2025&month=0&season1=2025&ind=1&team=17&rost=0&age=0"">CHC</a>",49.2,2.1744970479134067,3.3566128693831527,3.693099851654312,0.20689655
519151,92.54009907532325,114.97937541691479,105.9460275136119,94.03985683324042,109.21416731711386,NA,NA,NA,106.76395949326319,Ryan Pressly,"<a href=""leaders.aspx?pos=all&stats=pit&lg=all&qual=0&type=strType&season=2025&month=0&season1=2025&ind=1&team=17&rost=0&age=0"">CHC</a>",41.1,4.354838843648321,5.046426699585773,4.53943526416783,0.06043956
519242,97.88634303889391,NA,97.4026410580034,99.65017565124367,100.59816290793498,NA,NA,NA,99.01109098662535,Chris Sale,"<a href=""leaders.aspx?pos=all&stats=pit&lg=all&qual=0&type=strType&season=2025&month=0&season1=2025&ind=1&team=16&rost=0&age=0"">ATL</a>",125.2,2.5782493499141124,2.6735978543332735,2.9833477695270885,0.26078431
519326,93.81203962192353,NA,91.8339412498466,100.03375727093726,102.01864426467453,104.64044999717834,NA,NA,97.8513651621204,Hunter Strickland,"<a href=""leaders.aspx?pos=all&stats=pit&lg=all&qual=0&type=strType&season=2025&month=0&season1=2025&ind=1&team=1&rost=0&age=0"">LAA</a>",22,3.2727278402029976,4.407863811619064,5.3284175823222535,0.04395604
521230,NA,98.6473963294343,104.86955733479536,NA,101.10143244438362,NA,NA,NA,102.99903099090582,Liam Hendriks,"<a href=""leaders.aspx?pos=all&stats=pit&lg=all&qual=0&type=strType&season=2025&month=0&season1=2025&ind=1&team=3&rost=0&age=0"">BOS</a>",13.2,6.5853666195481715,5.037575563854038,5.165720042145395,0.08474576
527048,88.78341350004044,92.95682793110628,84.21689819158738,90.60910018283835,NA,NA,92.62633763883606,NA,90.58191275473374,Martín Pérez,"<a href=""leaders.aspx?pos=all&stats=pit&lg=all&qual=0&type=strType&season=2025&month=0&season1=2025&ind=1&team=4&rost=0&age=0"">CHW</a>",56,3.5357144663528612,4.242279231913239,4.914251562843931,0.09649123
534910,NA,110.7284488538746,99.23370875732874,99.41438165607127,NA,106.46613233191623,NA,NA,102.27110900059624,Jesse Hahn,"<a href=""leaders.aspx?pos=all&stats=pit&lg=all&qual=0&type=strType&season=2025&month=0&season1=2025&ind=1&team=11&rost=0&age=0"">SEA</a>",5,5.4,8.135136318206786,5.843484181165696,-0.08
541640,86.12051902041169,92.49660335563202,89.2055160906863,90.51318546580943,NA,NA,98.7575175089817,NA,93.7431347257978,Erasmo Ramírez,"<a href=""leaders.aspx?pos=all&stats=pit&lg=all&qual=0&type=strType&season=2025&month=0&season1=2025&ind=1&team=8&rost=0&age=0"">MIN</a>",11,2.454545667348833,5.1351364916021325,4.873871898216384,0.07142857
542881,106.5834150173695,89.94885922006002,91.63629101468965,95.00246677313314,97.67301772214046,NA,96.3366902253772,NA,97.89772420493597,Tyler Anderson,"<a href=""leaders.aspx?pos=all&stats=pit&lg=all&qual=0&type=strType&season=2025&month=0&season1=2025&ind=1&team=1&rost=0&age=0"">LAA</a>",136.1,4.555012394875241,5.599684087414647,5.40634112132622,0.07846411
542888,NA,NA,96.83144421933709,94.20106560574669,NA,115.91536506194255,99.00687649807551,NA,101.10716996835284,Shawn Armstrong,"<a href=""leaders.aspx?pos=all&stats=pit&lg=all&qual=0&type=strType&season=2025&month=0&season1=2025&ind=1&team=13&rost=0&age=0"">TEX</a>",74,2.3108112872997566,3.0675687367067943,3.9809416422378074,0.19014085
543056,NA,NA,96.14397004909542,89.69771480103918,NA,97.11287311974007,104.39698318675521,116.08340302906984,98.85416308571584,Danny Coulombe,- - -,43,2.3023261941402864,3.2979270592066054,4.040253035387895,0.14204545
543101,NA,NA,98.7886520767064,95.95030794366647,99.93117559587313,106.01013784015979,NA,100.33300274691977,98.14498722808857,Anthony DeSclafani,"<a href=""leaders.aspx?pos=all&stats=pit&lg=all&qual=0&type=strType&season=2025&month=0&season1=2025&ind=1&team=15&rost=0&age=0"">ARI</a>",38.2,5.120689739370177,6.29030878387932,4.5856613180847,0.14201183
543135,NA,96.73915013678544,97.27217832234766,96.96189448401985,96.54725509192947,NA,94.41096640108891,NA,98.32626056188265,Nathan Eovaldi,"<a href=""leaders.aspx?pos=all&stats=pit&lg=all&qual=0&type=strType&season=2025&month=0&season1=2025&ind=1&team=13&rost=0&age=0"">TEX</a>",130,1.7307692307692308,2.7966747797452487,3.0300662315808813,0.21774194
543243,88.92857785720992,102.00598056766745,101.56810398236242,89.34801569225507,102.3012383588371,110.07381617106421,103.57636296356405,NA,100.1310736360126,Sonny Gray,"<a href=""leaders.aspx?pos=all&stats=pit&lg=all&qual=0&type=strType&season=2025&month=0&season1=2025&ind=1&team=28&rost=0&age=0"">STL</a>",180.2,4.284133082548646,3.3897488786683345,3.0671708243031417,0.21646746
543294,91.52200370390463,96.15361518146909,84.19866918112866,86.40522701484173,NA,NA,NA,NA,88.88190281930315,Kyle Hendricks,"<a href=""leaders.aspx?pos=all&stats=pit&lg=all&qual=0&type=strType&season=2025&month=0&season1=2025&ind=1&team=1&rost=0&age=0"">LAA</a>",164.2,4.755061022495843,4.598699161656977,4.731642565591036,0.10215827
543391,81.90651871884917,97.84314883350532,86.50856747718169,83.1099471459686,98.58443670244257,NA,NA,NA,88.23019860526223,Casey Kelly,"<a href=""leaders.aspx?pos=all&stats=pit&lg=all&qual=0&type=strType&season=2025&month=0&season1=2025&ind=1&team=15&rost=0&age=0"">ARI</a>",1.2,0,4.935137004852557,6.785224888358524,-0.16666667
543518,NA,NA,99.65974674982961,91.95626868345713,104.24671849937272,NA,NA,NA,99.07282256722341,Scott McGough,- - -,16,6.75,5.885136318206787,5.236821411922574,0.12
543766,NA,96.63277579077395,NA,NA,NA,104.54647864102606,97.92234426669563,NA,100.02292501847896,NA,NA,NA,NA,NA,NA,NA
543859,NA,NA,98.63106366726595,96.6411075257553,94.49817850625709,87.62418800751304,NA,NA,96.3304179576028,Michael Tonkin,"<a href=""leaders.aspx?pos=all&stats=pit&lg=all&qual=0&type=strType&season=2025&month=0&season1=2025&ind=1&team=8&rost=0&age=0"">MIN</a>",24,4.8750007748605055,4.8018032497830285,5.103977441305498,0.10679612
544150,102.34308362326234,97.96087293203479,95.0748145235692,NA,NA,NA,97.18934770653156,NA,96.79855633415232,Albert Suárez,"<a href=""leaders.aspx?pos=all&stats=pit&lg=all&qual=0&type=strType&season=2025&month=0&season1=2025&ind=1&team=2&rost=0&age=0"">BAL</a>",11.2,2.314285840404284,2.192279123968005,4.174515493870009,0.18181818
547001,91.12568723286688,NA,87.76358239794773,88.42404205736956,100.65298100338786,105.43326560899754,NA,NA,94.90933637036933,Cody Poteet,"<a href=""leaders.aspx?pos=all&stats=pit&lg=all&qual=0&type=strType&season=2025&month=0&season1=2025&ind=1&team=2&rost=0&age=0"">BAL</a>",2.2,16.87500402331448,4.635136675834741,9.260355722956515,-0.0625
547179,96.59634925078528,100.21834426944221,95.09375962679515,95.45519698492438,102.42317630933712,98.78694730788656,93.98720698326767,NA,97.02737286861263,Michael Lorenzen,"<a href=""leaders.aspx?pos=all&stats=pit&lg=all&qual=0&type=strType&season=2025&month=0&season1=2025&ind=1&team=7&rost=0&age=0"">KCR</a>",141.2,4.6376473918347445,4.589254069680086,4.232286500754201,0.14521452
547184,98.54134342154101,NA,91.62134381325284,92.92545805461675,108.80354744612481,108.90913291188343,103.94368818049772,NA,102.73780543327429,Michael Kelly,"<a href=""leaders.aspx?pos=all&stats=pit&lg=all&qual=0&type=strType&season=2025&month=0&season1=2025&ind=1&team=10&rost=0&age=0"">ATH</a>",39.2,3.176471402842136,4.824212381622844,5.128925881776618,0.06024096
547973,NA,NA,112.32337484984232,107.84538843413134,112.35166231458533,NA,NA,NA,111.4028057746858,Aroldis Chapman,"<a href=""leaders.aspx?pos=all&stats=pit&lg=all&qual=0&type=strType&season=2025&month=0&season1=2025&ind=1&team=3&rost=0&age=0"">BOS</a>",61.1,1.1739131408287662,1.7329622888835388,2.5299048703522624,0.30701754
548384,93.4168003121381,NA,NA,95.79613933936709,NA,113.41971815624792,100.49195946222622,NA,103.8064576949713,Brooks Raley,"<a href=""leaders.aspx?pos=all&stats=pit&lg=all&qual=0&type=strType&season=2025&month=0&season1=2025&ind=1&team=25&rost=0&age=0"">NYM</a>",25.2,2.454545880152248,2.1221491295725263,3.8641146314540022,0.19191919
552640,NA,NA,98.69428172868983,95.75702958339211,107.99440940086541,NA,NA,NA,102.26629863618675,Andrew Kittredge,- - -,53,3.3962267817616136,3.059664611945418,2.622617958174829,0.25480769
554340,106.50235772080121,104.81051701224295,107.28193330812054,101.04802557688551,99.25484080790646,117.56774849064587,NA,NA,107.59017582865751,Yimi García,"<a href=""leaders.aspx?pos=all&stats=pit&lg=all&qual=0&type=strType&season=2025&month=0&season1=2025&ind=1&team=14&rost=0&age=0"">TOR</a>",21,3.857143557801666,3.849422162244133,3.8594016093667878,0.14444444
554430,NA,107.78166509204803,108.81489564456461,104.71169806310202,NA,108.63286849278707,99.91519561977803,NA,106.60470742195777,Zack Wheeler,"<a href=""leaders.aspx?pos=all&stats=pit&lg=all&qual=0&type=strType&season=2025&month=0&season1=2025&ind=1&team=26&rost=0&age=0"">PHI</a>",149.2,2.7060135469509574,3.0015060195919254,2.7315265013475694,0.27692308
554431,NA,NA,103.6245552374389,99.73206998633577,106.87086650302389,NA,NA,NA,104.49612315498356,Tyler Matzek,"<a href=""leaders.aspx?pos=all&stats=pit&lg=all&qual=0&type=strType&season=2025&month=0&season1=2025&ind=1&team=9&rost=0&age=0"">NYY</a>",6.1,4.263158750666317,3.293031086749984,5.970789381647725,0.05714286
570632,93.12193859655578,NA,97.20526498918292,98.32296913732297,97.77518559985289,NA,NA,NA,96.61433133624205,José Ureña,- - -,55,4.581818340711362,5.207863662814309,5.44735799701766,0.04489796
571510,95.79771252938909,97.90718156049678,94.67667451266895,93.1677296546918,96.07208862333736,NA,NA,NA,95.45877726572195,Matthew Boyd,"<a href=""leaders.aspx?pos=all&stats=pit&lg=all&qual=0&type=strType&season=2025&month=0&season1=2025&ind=1&team=17&rost=0&age=0"">CHC</a>",179.2,3.2059368294643527,3.647195672912899,4.220339392077284,0.15598886
571578,93.62847447907996,68.70103021761318,86.19896861351677,91.9832577330007,94.53704986085823,NA,92.10810959195915,NA,92.64231009947338,Patrick Corbin,"<a href=""leaders.aspx?pos=all&stats=pit&lg=all&qual=0&type=strType&season=2025&month=0&season1=2025&ind=1&team=13&rost=0&age=0"">TEX</a>",155.1,4.403433620581684,4.248870260254494,4.2084468777685595,0.12066365
571760,89.79725109825962,95.10471199892751,101.25016844470028,99.19841244849238,95.30478178674868,NA,NA,NA,97.24681148433267,Andrew Heaney,- - -,122.1,5.517711229014708,5.587452419991102,4.9346176806631155,0.0858209
571927,102.79609214255663,98.99655899262099,NA,96.37077979427968,93.17483212676312,NA,NA,NA,98.05509430905859,Steven Matz,- - -,76.2,3.052174545821842,3.4612233423330525,3.7134731144152098,0.15533981
571945,96.10035555794363,97.30319579292488,86.76716567216478,94.68544401908922,97.97232026007246,98.44966506563574,NA,NA,93.81450165959485,Miles Mikolas,"<a href=""leaders.aspx?pos=all&stats=pit&lg=all&qual=0&type=strType&season=2025&month=0&season1=2025&ind=1&team=28&rost=0&age=0"">STL</a>",156.1,4.835821052854527,5.034923160399638,4.8324686112583155,0.0941704
571946,NA,NA,108.20915466155517,NA,94.44247388996794,106.77751138076124,NA,NA,106.29447735588722,Shelby Miller,- - -,46,2.7391306051459896,3.4394841632230078,3.66872823019703,0.20967742
571948,91.74395716214934,NA,101.95526765753874,99.66161685124897,NA,107.18756699059409,NA,NA,101.36596110438911,Hoby Milner,"<a href=""leaders.aspx?pos=all&stats=pit&lg=all&qual=0&type=strType&season=2025&month=0&season1=2025&ind=1&team=13&rost=0&age=0"">TEX</a>",70.1,3.838863669694995,3.39106056285312,3.957481675600454,0.12627986
572955,NA,108.82080728732366,94.69786043742864,NA,NA,NA,93.13337891301734,NA,104.50800881743648,Pierce Johnson,"<a href=""leaders.aspx?pos=all&stats=pit&lg=all&qual=0&type=strType&season=2025&month=0&season1=2025&ind=1&team=16&rost=0&age=0"">ATL</a>",59,3.0508482466483025,3.914797536794687,4.033530290640872,0.16806723
573009,92.71918214065752,97.56442075892622,91.55047483551738,99.26704966367126,NA,NA,NA,NA,96.76691240624993,Joe Mantiply,"<a href=""leaders.aspx?pos=all&stats=pit&lg=all&qual=0&type=strType&season=2025&month=0&season1=2025&ind=1&team=15&rost=0&age=0"">ARI</a>",9.2,15.827588809373266,9.445482183381749,5.432678249588001,0.0862069
573124,NA,NA,105.65332433287966,95.9764299284418,NA,106.98120114489494,NA,NA,101.57646226292918,Taylor Rogers,- - -,50.2,3.3750005505587826,4.3785575736758124,4.195245379642974,0.13574661
573186,NA,93.76383881741675,91.99177086442819,88.62239644380413,99.11480632815943,NA,95.19483011447315,NA,93.74641185990109,Marcus Stroman,"<a href=""leaders.aspx?pos=all&stats=pit&lg=all&qual=0&type=strType&season=2025&month=0&season1=2025&ind=1&team=9&rost=0&age=0"">NYY</a>",39,6.230769840217966,5.186418570130398,5.00488030828515,0.05714286
573204,NA,101.86696418175767,101.38681850770955,NA,102.3540848347417,103.98996229746454,NA,NA,102.03496510595863,Caleb Thielbar,"<a href=""leaders.aspx?pos=all&stats=pit&lg=all&qual=0&type=strType&season=2025&month=0&season1=2025&ind=1&team=17&rost=0&age=0"">CHC</a>",58,2.6379317284766173,2.997205247436768,3.684072211002059,0.19545455
579328,93.84905093488526,98.10695742210905,95.93139618688656,90.69438852661656,98.93907373217324,100.92049320801493,NA,NA,97.05392056508207,Yusei Kikuchi,"<a href=""leaders.aspx?pos=all&stats=pit&lg=all&qual=0&type=strType&season=2025&month=0&season1=2025&ind=1&team=1&rost=0&age=0"">LAA</a>",178.1,3.9869160015617013,4.228594293318646,4.277277159065627,0.12953368
592094,114.64668557502624,NA,102.76627381232328,NA,106.71425220276647,100.34861203249008,108.06566836680865,NA,107.83518374593079,Jason Adam,"<a href=""leaders.aspx?pos=all&stats=pit&lg=all&qual=0&type=strType&season=2025&month=0&season1=2025&ind=1&team=29&rost=0&age=0"">SDP</a>",65.1,1.9285715787125863,3.073911823644483,3.9770531796468513,0.16666667
592155,99.02522237092589,NA,96.60123689381501,NA,NA,95.78231707222112,102.37138052448311,NA,97.59772349926693,Cam Booser,"<a href=""leaders.aspx?pos=all&stats=pit&lg=all&qual=0&type=strType&season=2025&month=0&season1=2025&ind=1&team=4&rost=0&age=0"">CHW</a>",31,5.516130729223291,6.26416953887731,5.296539793138651,0.11188811
592254,92.40108229193888,NA,102.21272224848754,NA,94.15073854005605,NA,NA,NA,97.91791955048127,José De León,"<a href=""leaders.aspx?pos=all&stats=pit&lg=all&qual=0&type=strType&season=2025&month=0&season1=2025&ind=1&team=3&rost=0&age=0"">BOS</a>",6.2,4.050000386238135,4.035136404037484,3.935223572262503,0.17857143
592332,NA,NA,101.11323541845069,109.32302397494752,97.79197834491302,NA,NA,NA,99.98730113387799,Kevin Gausman,"<a href=""leaders.aspx?pos=all&stats=pit&lg=all&qual=0&type=strType&season=2025&month=0&season1=2025&ind=1&team=14&rost=0&age=0"">TOR</a>",193,3.5906735751295336,3.414929064320777,3.7658326320388777,0.17935484
592351,92.74262530214891,97.23413999558055,87.81762462950246,NA,101.52163265656418,NA,NA,NA,94.20006598196969,Jon Gray,"<a href=""leaders.aspx?pos=all&stats=pit&lg=all&qual=0&type=strType&season=2025&month=0&season1=2025&ind=1&team=13&rost=0&age=0"">TEX</a>",14,7.714286239779761,7.349422319567953,5.790043700075652,0.0952381
592426,111.0175859471513,106.3267879868662,99.7054822630759,NA,112.21112828709381,NA,94.13913149743524,NA,106.89053657841181,Luke Jackson,- - -,51,4.058824288391467,4.488077747670609,4.919518752076099,0.0456621
592454,104.73756790825254,NA,94.89512356866032,NA,98.22625883381552,NA,NA,NA,103.28511917729428,Tommy Kahnle,"<a href=""leaders.aspx?pos=all&stats=pit&lg=all&qual=0&type=strType&season=2025&month=0&season1=2025&ind=1&team=6&rost=0&age=0"">DET</a>",63,4.4285722330315425,4.722438193845333,4.662327952158634,0.07116105
592662,91.850203966291,NA,99.29446557495592,NA,94.6565901716068,93.40304852297793,NA,94.34297230516165,96.71672378858895,Robbie Ray,"<a href=""leaders.aspx?pos=all&stats=pit&lg=all&qual=0&type=strType&season=2025&month=0&season1=2025&ind=1&team=30&rost=0&age=0"">SFG</a>",182.1,3.652650924561298,3.930383141121784,4.289706170010815,0.14966887
592773,NA,NA,107.83714715094814,100.03965421526703,116.4200844904439,109.07941427278232,NA,NA,110.2222062390411,Ryne Stanek,"<a href=""leaders.aspx?pos=all&stats=pit&lg=all&qual=0&type=strType&season=2025&month=0&season1=2025&ind=1&team=25&rost=0&age=0"">NYM</a>",56,5.303572873680353,4.40299380652768,4.980478699300598,0.10196078
592779,101.49038213789427,NA,103.95813844658936,97.87276015192812,NA,111.46054337223241,97.32377407388945,NA,103.3156585300057,Brock Stewart,- - -,37.2,2.628319160801526,3.1882336749906566,4.117529996873937,0.19496855
592791,102.28320665550591,97.7879948760313,96.61517827919124,89.364424286043,NA,104.48188752510526,104.58395455935064,NA,99.25588480408193,Jameson Taillon,"<a href=""leaders.aspx?pos=all&stats=pit&lg=all&qual=0&type=strType&season=2025&month=0&season1=2025&ind=1&team=17&rost=0&age=0"">CHC</a>",129.2,3.678663527670698,4.654416643051919,4.340890547019683,0.13680154
592826,92.61044505267247,NA,104.59164625631824,85.3611750349153,97.56497781830443,NA,NA,97.72148348646843,100.50181829761888,NA,NA,NA,NA,NA,NA,NA
592836,NA,94.12302174251836,83.80696721985156,89.98363982328655,98.94711640811316,NA,98.052013349511,NA,94.32168791433274,Taijuan Walker,"<a href=""leaders.aspx?pos=all&stats=pit&lg=all&qual=0&type=strType&season=2025&month=0&season1=2025&ind=1&team=26&rost=0&age=0"">PHI</a>",123.2,4.075471844780107,5.067750943013227,4.730237970375111,0.08178439
592866,91.69177607262954,NA,96.46072155643442,89.74809783455574,91.26317615926152,101.40220197946503,NA,NA,96.18712729135663,Trevor Williams,"<a href=""leaders.aspx?pos=all&stats=pit&lg=all&qual=0&type=strType&season=2025&month=0&season1=2025&ind=1&team=24&rost=0&age=0"">WSN</a>",82.2,6.205645352198858,4.12707183259335,4.560641529594859,0.11796247
593423,NA,NA,95.42721821454356,96.87396043876909,106.31607330308374,112.06639380436548,95.67031199003111,NA,100.4645242430633,Frankie Montas,"<a href=""leaders.aspx?pos=all&stats=pit&lg=all&qual=0&type=strType&season=2025&month=0&season1=2025&ind=1&team=25&rost=0&age=0"">NYM</a>",38.2,6.284483171955186,5.333412324857778,4.757003244294672,0.1011236
593576,106.48394493863638,NA,98.80403968686959,94.52611544524277,97.46763259074564,NA,NA,NA,101.99558587427626,Héctor Neris,- - -,26.2,6.750001367926875,5.347636766582818,4.503984670584464,0.15322581
593833,94.25255836568058,91.07139792791261,NA,NA,NA,NA,106.61379635403011,NA,103.35538740138576,Wander Suero,"<a href=""leaders.aspx?pos=all&stats=pit&lg=all&qual=0&type=strType&season=2025&month=0&season1=2025&ind=1&team=16&rost=0&age=0"">ATL</a>",6.1,11.368421623251143,8.977241874599736,5.983969791567124,0.09375
593958,98.89263278166942,96.36449412192273,92.80803840879568,88.29933543422233,98.55687120855308,NA,92.85982440841006,NA,93.94394671160492,Eduardo Rodriguez,"<a href=""leaders.aspx?pos=all&stats=pit&lg=all&qual=0&type=strType&season=2025&month=0&season1=2025&ind=1&team=15&rost=0&age=0"">ARI</a>",154.1,5.0151189557767655,4.573581290018728,4.435715054467759,0.11959654
593974,96.68045050789985,NA,84.06973877844624,95.55355155462742,100.93732858173529,NA,NA,NA,96.20966089779932,Wandy Peralta,"<a href=""leaders.aspx?pos=all&stats=pit&lg=all&qual=0&type=strType&season=2025&month=0&season1=2025&ind=1&team=29&rost=0&age=0"">SDP</a>",71.2,3.1395357889123354,3.623508552037595,3.856701879980449,0.10543131
594580,94.38455610406743,NA,99.20692995772228,100.10455775233444,NA,108.61822346902906,NA,NA,102.91712041144532,Sam Moll,"<a href=""leaders.aspx?pos=all&stats=pit&lg=all&qual=0&type=strType&season=2025&month=0&season1=2025&ind=1&team=18&rost=0&age=0"">CIN</a>",18.1,6.381821280236606,5.207864597257993,4.1374927472587935,0.14814815
594798,109.02099648039992,102.21885619590287,106.17768283132101,NA,111.12402028977374,NA,NA,NA,108.09333048935684,Jacob deGrom,"<a href=""leaders.aspx?pos=all&stats=pit&lg=all&qual=0&type=strType&season=2025&month=0&season1=2025&ind=1&team=13&rost=0&age=0"">TEX</a>",172.2,2.971042646079201,3.64478885788509,3.3659104120036734,0.22122571
594902,87.5783319238045,91.07527394073148,91.87499377593298,92.0235104247116,94.06261514007527,94.83554106057773,87.58019159595234,NA,91.74113480712816,Ben Lively,"<a href=""leaders.aspx?pos=all&stats=pit&lg=all&qual=0&type=strType&season=2025&month=0&season1=2025&ind=1&team=5&rost=0&age=0"">CLE</a>",44.2,3.2238807805690923,4.590360281658114,5.260250290745492,0.07865169
595014,NA,NA,94.00222306765468,99.58146590734383,NA,113.41412166115546,100.27094141009349,NA,105.12014745663127,Blake Treinen,"<a href=""leaders.aspx?pos=all&stats=pit&lg=all&qual=0&type=strType&season=2025&month=0&season1=2025&ind=1&team=22&rost=0&age=0"">LAD</a>",26.2,5.40000090122238,4.747636587321804,4.821169450261758,0.13178295
595345,92.41484248342545,NA,93.58163485921867,NA,104.66103475898473,NA,92.43953103019321,NA,99.93757909759317,Steven Okert,"<a href=""leaders.aspx?pos=all&stats=pit&lg=all&qual=0&type=strType&season=2025&month=0&season1=2025&ind=1&team=21&rost=0&age=0"">HOU</a>",71.2,3.013954156821086,2.7583920486041515,3.692208473254837,0.23550725
595897,97.73848366809611,NA,90.6706187618649,95.94340138696585,110.00917845759687,NA,NA,NA,99.17190419014456,Nick Burdi,"<a href=""leaders.aspx?pos=all&stats=pit&lg=all&qual=0&type=strType&season=2025&month=0&season1=2025&ind=1&team=3&rost=0&age=0"">BOS</a>",5.1,0,2.385136273503301,2.9632885510118148,0.14285714
595928,97.26962152757771,NA,97.88360893858696,NA,104.09712350733908,NA,101.71938015405681,NA,99.60119093294645,John Curtiss,"<a href=""leaders.aspx?pos=all&stats=pit&lg=all&qual=0&type=strType&season=2025&month=0&season1=2025&ind=1&team=15&rost=0&age=0"">ARI</a>",36.2,3.9272734082435967,4.00786374226092,4.337508319594123,0.13475177
596001,87.91973797688448,NA,87.28017356075236,90.58290445007722,103.83952662184228,NA,NA,NA,95.64510745386933,Jakob Junis,"<a href=""leaders.aspx?pos=all&stats=pit&lg=all&qual=0&type=strType&season=2025&month=0&season1=2025&ind=1&team=5&rost=0&age=0"">CLE</a>",66.2,2.9700004531861044,3.4501363662719804,4.209593211299756,0.1350365
596112,NA,NA,84.32811867400652,NA,104.62412472991437,NA,106.04568301156843,NA,100.62033169450656,Robert Stephenson,"<a href=""leaders.aspx?pos=all&stats=pit&lg=all&qual=0&type=strType&season=2025&month=0&season1=2025&ind=1&team=1&rost=0&age=0"">LAA</a>",10,2.70000025749209,3.635136365890508,4.185223596104363,0.16666667
596133,97.58024943337188,NA,106.70743966720488,NA,102.12387418896017,NA,95.05324032343405,NA,102.80787305235634,Luke Weaver,"<a href=""leaders.aspx?pos=all&stats=pit&lg=all&qual=0&type=strType&season=2025&month=0&season1=2025&ind=1&team=9&rost=0&age=0"">NYY</a>",64.2,3.6185572702556916,3.8928683961663126,4.123644137479596,0.19847328
596271,82.07436356791574,87.8078061420131,89.58527922939423,91.36632552526326,96.9351527906602,99.22344640654177,87.34302090861662,NA,91.27507833942944,Casey Lawrence,- - -,17.2,4.075471844780107,4.154004279401813,4.86401276928529,0.075
596295,93.88203102078157,NA,85.92621199300868,NA,103.63479751315461,NA,100.13805568540067,98.85912279841645,94.32014118407663,Austin Gomber,"<a href=""leaders.aspx?pos=all&stats=pit&lg=all&qual=0&type=strType&season=2025&month=0&season1=2025&ind=1&team=19&rost=0&age=0"">COL</a>",57.2,7.491329810140524,6.499298316279152,5.672839703045151,0.0625
600917,87.64034825056046,93.6094038116802,101.8739308227243,89.83682573126796,96.5384326997958,NA,101.87234037815968,NA,96.71009834925903,José Leclerc,"<a href=""leaders.aspx?pos=all&stats=pit&lg=all&qual=0&type=strType&season=2025&month=0&season1=2025&ind=1&team=10&rost=0&age=0"">ATH</a>",9,6.000001907349239,7.357359882637733,5.422287090508389,0.06521739
601713,NA,103.87313828952351,103.47343088231342,89.44256268986875,106.19364210233948,107.30633113413096,100.55786739795953,NA,103.63880945824124,Nick Pivetta,"<a href=""leaders.aspx?pos=all&stats=pit&lg=all&qual=0&type=strType&season=2025&month=0&season1=2025&ind=1&team=29&rost=0&age=0"">SDP</a>",181.2,2.8733946563101758,3.4929345033795105,3.8450895201171256,0.19417476
605121,NA,NA,88.46197700000458,94.73477086384617,99.76222340893389,NA,87.80532574928003,NA,96.4754869492371,NA,NA,NA,NA,NA,NA,NA
605130,84.32869861694478,98.47619878164414,99.02306330812112,91.38893785796978,99.6213866661472,104.1942278487802,NA,NA,99.39667894608498,Scott Barlow,"<a href=""leaders.aspx?pos=all&stats=pit&lg=all&qual=0&type=strType&season=2025&month=0&season1=2025&ind=1&team=18&rost=0&age=0"">CIN</a>",68.1,4.214634930612505,4.70099026812185,4.713257686102587,0.0990099
605135,92.4525261606131,108.62482864170772,87.27961153279945,93.83810133119866,96.76038975162612,94.248947127845085,92.81160996534051,NA,95.29047130195234,Chris Bassitt,"<a href=""leaders.aspx?pos=all&stats=pit&lg=all&qual=0&type=strType&season=2025&month=0&season1=2025&ind=1&team=14&rost=0&age=0"">TOR</a>",170.1,3.9628181222461953,4.009891725932244,3.842399346590432,0.15489131
605138,79.53606845715066,NA,89.61175611988438,NA,95.44011515605,NA,93.1322079939593,NA,92.03379317171482,NA,NA,NA,NA,NA,NA,NA
605154,93.54392103857035,94.8732256243687,98.01675715990513,NA,101.6752888097946,NA,NA,NA,99.23599048872818,John Brebbia,- - -,23.1,7.714286765273879,5.749422388660713,5.342391561747312,0.12173913
605155,NA,101.33274252085204,88.77534258194477,90.18538411296669,99.45337459288578,NA,NA,NA,95.72582925340271,NA,NA,NA,NA,NA,NA,NA
605177,80.26017666731116,NA,84.10832908439679,91.00043220217293,103.30121796830159,NA,NA,NA,93.92429765291979,Andrew Chafin,- - -,33.2,2.4059412528717528,3.4618690809424573,3.971830630908013,0.11888112
605182,90.63246415950587,93.40532900500286,98.63101164388705,82.91919122329423,NA,94.87874489805948,99.99053077223473,NA,96.33515752556663,Mike Clevinger,"<a href=""leaders.aspx?pos=all&stats=pit&lg=all&qual=0&type=strType&season=2025&month=0&season1=2025&ind=1&team=4&rost=0&age=0"">CHW</a>",5.2,7.941178698028873,6.311607797418336,8.216109838127675,-0.16129032
605218,95.66121996809974,100.89979578320687,105.31746034234,NA,NA,NA,NA,NA,102.39505068040026,Carl Edwards Jr.,- - -,6,4.5,4.801802984873454,4.433832185467085,0.125
605242,87.53982866245644,97.17485956155735,102.74934102482817,96.30254943768233,NA,112.84241652100336,104.37511623192053,NA,101.55309089285525,Michael Fulmer,- - -,5.2,4.764706416938604,5.429254222658708,6.127924735648595,0.04347826
605280,92.34225721188326,NA,88.65349412443662,95.77902796092351,107.59472918509138,110.40722655819171,96.58455834612899,NA,99.02945973520544,Clay Holmes,"<a href=""leaders.aspx?pos=all&stats=pit&lg=all&qual=0&type=strType&season=2025&month=0&season1=2025&ind=1&team=25&rost=0&age=0"">NYM</a>",165.2,3.5311871362881386,4.106967307851899,4.246110138573057,0.08898305
605288,94.67243652758155,95.42317243889768,95.5951678804028,96.45988550559566,99.91398283955706,NA,NA,NA,96.49793042303581,Adrian Houser,- - -,125,3.3120001010742217,3.8071363387146002,4.2965417539262525,0.1042471
605347,95.16042667385533,NA,88.41752959407623,96.82558799075562,104.09956089070857,NA,NA,99.687520518503,96.42195822667416,Jorge López,"<a href=""leaders.aspx?pos=all&stats=pit&lg=all&qual=0&type=strType&season=2025&month=0&season1=2025&ind=1&team=24&rost=0&age=0"">WSN</a>",24.2,6.567569260357331,3.500001277115528,4.473045185555347,0.09433962
605400,93.23427446743315,NA,102.57111830415572,97.0311753430631,NA,NA,93.28190947441782,105.26253640291007,100.21171644792406,Aaron Nola,"<a href=""leaders.aspx?pos=all&stats=pit&lg=all&qual=0&type=strType&season=2025&month=0&season1=2025&ind=1&team=26&rost=0&age=0"">PHI</a>",94.1,6.0106010307932625,4.576832509014342,3.7142761957013164,0.17079208
605447,NA,NA,103.28104085515523,NA,105.34855955842039,NA,NA,NA,104.55213478828743,Jordan Romano,"<a href=""leaders.aspx?pos=all&stats=pit&lg=all&qual=0&type=strType&season=2025&month=0&season1=2025&ind=1&team=26&rost=0&age=0"">PHI</a>",42.2,8.226563725853522,5.385136653482965,4.325659831085953,0.16042781
605452,94.64231875723098,96.9333655786825,92.85854589508794,91.01791060733903,96.32761864750354,NA,NA,NA,93.44526295094049,Joe Ross,"<a href=""leaders.aspx?pos=all&stats=pit&lg=all&qual=0&type=strType&season=2025&month=0&season1=2025&ind=1&team=26&rost=0&age=0"">PHI</a>",51,5.117647824403026,4.880234618482149,4.6548298570698075,0.09210526
605463,NA,NA,98.06177683413637,94.17608937020336,99.1102312529465,88.89191767250368,NA,NA,95.03680238216228,Tayler Scott,- - -,27.1,7.902440770618795,6.318063850817135,5.438583510785529,0.04477612
605483,104.80755637117043,107.06995604891459,105.72073473175845,NA,104.65905321134018,NA,NA,NA,105.61904306345156,Blake Snell,"<a href=""leaders.aspx?pos=all&stats=pit&lg=all&qual=0&type=strType&season=2025&month=0&season1=2025&ind=1&team=22&rost=0&age=0"">LAD</a>",61.1,2.3478261356317716,2.69491891777583,3.089668576610498,0.18110236
605488,97.1981506148131,NA,92.70003172496797,NA,98.48246357101013,94.55095409456771,91.4129198066647,NA,95.02146455886931,Jeffrey Springs,"<a href=""leaders.aspx?pos=all&stats=pit&lg=all&qual=0&type=strType&season=2025&month=0&season1=2025&ind=1&team=10&rost=0&age=0"">ATH</a>",171,4.105263295266111,4.649756251930324,4.639865836258532,0.11781206
605507,96.88278909272269,97.4438949668569,94.33112335678675,86.51354411673341,NA,NA,107.03130332870208,NA,98.13409689359682,Zach Thompson,"<a href=""leaders.aspx?pos=all&stats=pit&lg=all&qual=0&type=strType&season=2025&month=0&season1=2025&ind=1&team=16&rost=0&age=0"">ATL</a>",3.2,0,2.316954358156038,4.419326515599199,0.16666667
605513,102.05162876935982,98.17888009279669,97.85765355915764,96.76830855169094,99.21722276329851,108.16794504429281,NA,NA,100.78991044775907,Spencer Turnbull,"<a href=""leaders.aspx?pos=all&stats=pit&lg=all&qual=0&type=strType&season=2025&month=0&season1=2025&ind=1&team=14&rost=0&age=0"">TOR</a>",6.1,7.1052635145319645,5.819346979252197,5.957608117742128,0
605540,95.54200409335577,96.90261649477331,101.1360629415918,93.139585084853607,NA,100.99844603438288,96.25996322440584,NA,96.7395842144847,Brandon Woodruff,"<a href=""leaders.aspx?pos=all&stats=pit&lg=all&qual=0&type=strType&season=2025&month=0&season1=2025&ind=1&team=23&rost=0&age=0"">MIL</a>",64.2,3.2010310537212825,3.166064154474626,3.2402508460844484,0.26848249
606160,NA,NA,99.52163879552485,93.77310173194684,100.33220533983976,NA,NA,NA,99.69646803805217,Rafael Montero,- - -,60.1,4.475138923237855,4.129611634481867,4.483270288364953,0.08300395
606303,107.64576950810367,NA,101.95835798860098,95.4397027925591,104.11656402971757,NA,97.09339015098023,NA,102.01467665054503,Joel Payamps,- - -,26.1,6.835444358235489,4.540199880732971,4.907398910838761,0.12820513
606930,NA,NA,94.21142137459724,NA,94.01214587905368,NA,98.6245264019388,NA,96.0179702344616,Jacob Barnes,"<a href=""leaders.aspx?pos=all&stats=pit&lg=all&qual=0&type=strType&season=2025&month=0&season1=2025&ind=1&team=14&rost=0&age=0"">TOR</a>",8,9.000001072883734,4.635136497020743,4.937310676535888,0.05555556
606965,113.14694826773878,NA,95.26883847717839,113.66835236600967,101.05231616552105,98.56452957993046,99.9438482163088,NA,103.59518616203668,Chris Devenski,"<a href=""leaders.aspx?pos=all&stats=pit&lg=all&qual=0&type=strType&season=2025&month=0&season1=2025&ind=1&team=25&rost=0&age=0"">NYM</a>",16.2,2.160000082397464,3.495136331939698,4.287710463264433,0.13846154
606996,92.3077267517702,NA,87.46420018149088,93.73704761687853,95.853951986238485,106.73564232468696,NA,NA,97.05599071473115,Kyle Hart,"<a href=""leaders.aspx?pos=all&stats=pit&lg=all&qual=0&type=strType&season=2025&month=0&season1=2025&ind=1&team=29&rost=0&age=0"">SDP</a>",43,5.8604658961361595,5.181648218444812,4.934671737226498,0.13407821
607067,NA,93.39524064017051,89.56915056719788,90.4596304865919,99.18466897890416,101.29512919161738,93.56681443812191,NA,94.56356027752055,Colin Rea,"<a href=""leaders.aspx?pos=all&stats=pit&lg=all&qual=0&type=strType&season=2025&month=0&season1=2025&ind=1&team=17&rost=0&age=0"">CHC</a>",159.1,3.953975045283022,4.11421585322925,4.31121626130062,0.12537764
607074,104.24934126762318,105.17869549611592,99.28198523905809,103.72415467300871,105.76003639180836,NA,96.69988964955887,NA,102.4861774943258,Carlos Rodón,"<a href=""leaders.aspx?pos=all&stats=pit&lg=all&qual=0&type=strType&season=2025&month=0&season1=2025&ind=1&team=9&rost=0&age=0"">NYY</a>",195.1,3.087030797106402,3.780187529542453,3.8867035236681287,0.16476553
607179,NA,96.31749200979189,95.746307170517,NA,103.8323018377946,NA,NA,NA,97.7785408533953,Jordan Weems,"<a href=""leaders.aspx?pos=all&stats=pit&lg=all&qual=0&type=strType&season=2025&month=0&season1=2025&ind=1&team=21&rost=0&age=0"">HOU</a>",4.1,14.538462604996798,5.212059547492045,7.702561700246912,-0.13043478
607192,NA,112.5021091043092,110.13202772223761,101.28358895247933,115.79177352812981,NA,NA,NA,109.9510178006784,Tyler Glasnow,"<a href=""leaders.aspx?pos=all&stats=pit&lg=all&qual=0&type=strType&season=2025&month=0&season1=2025&ind=1&team=22&rost=0&age=0"">LAD</a>",90.1,3.1881920614315504,3.7550625523740333,3.7154605997363177,0.17213115
607200,91.61284346322083,NA,NA,86.3816934050627,NA,103.22266022795257,91.0183624010972,NA,92.60571622702649,Erick Fedde,- - -,141,5.489361887768207,5.1989661752359195,5.426305303334141,0.02568218
607259,94.04191187628842,104.72061906767519,96.11586293408985,92.3827188735804,97.70825787265429,NA,96.37056616979766,NA,96.15859382918345,Nick Martinez,"<a href=""leaders.aspx?pos=all&stats=pit&lg=all&qual=0&type=strType&season=2025&month=0&season1=2025&ind=1&team=18&rost=0&age=0"">CIN</a>",165.2,4.454728438605394,4.330307362710673,4.539654111259933,0.10834553
607455,90.37535596476035,NA,93.08022973565559,95.46447520451969,103.50873706433599,NA,NA,NA,98.58905619749567,Anthony Banda,"<a href=""leaders.aspx?pos=all&stats=pit&lg=all&qual=0&type=strType&season=2025&month=0&season1=2025&ind=1&team=22&rost=0&age=0"">LAD</a>",65,3.184616273839341,4.519752089441283,4.769839337025303,0.10074627
607481,NA,97.94466257176592,89.41480702263226,92.59647217465466,NA,100.03356777988358,NA,NA,95.29979160619028,Aaron Bummer,"<a href=""leaders.aspx?pos=all&stats=pit&lg=all&qual=0&type=strType&season=2025&month=0&season1=2025&ind=1&team=16&rost=0&age=0"">ATL</a>",54.1,3.809817043146678,3.5216394964970306,3.683490808394029,0.14468085
607536,86.63153841717757,NA,94.8472097035286,91.01082449296966,NA,97.2392370579874,91.20004324954026,98.07672036024016,94.67448649303618,Kyle Freeland,"<a href=""leaders.aspx?pos=all&stats=pit&lg=all&qual=0&type=strType&season=2025&month=0&season1=2025&ind=1&team=19&rost=0&age=0"">COL</a>",162.2,4.979508508119959,4.180218350775174,4.2891690441532155,0.1212976
607625,94.88419760153718,105.72032922531861,92.9358054177381,93.23088997060256,101.11192437148067,101.40327809942916,95.40184983255888,NA,96.8791059801167,Seth Lugo,"<a href=""leaders.aspx?pos=all&stats=pit&lg=all&qual=0&type=strType&season=2025&month=0&season1=2025&ind=1&team=7&rost=0&age=0"">KCR</a>",145.1,4.149082714013711,5.089264826962831,4.5305793493074855,0.11456629
608032,92.5113661799039,NA,98.18472549021683,NA,103.74840361952482,NA,NA,NA,99.06925478543083,Carlos Estévez,"<a href=""leaders.aspx?pos=all&stats=pit&lg=all&qual=0&type=strType&season=2025&month=0&season1=2025&ind=1&team=7&rost=0&age=0"">KCR</a>",66,2.4545457382833007,3.665439409811204,4.94648067206332,0.11895911
608331,95.4337681280997,112.6563910278585,98.23104533554267,90.60036392093325,104.16667055444503,108.38682207502707,99.24617017199614,NA,100.47471791555063,Max Fried,"<a href=""leaders.aspx?pos=all&stats=pit&lg=all&qual=0&type=strType&season=2025&month=0&season1=2025&ind=1&team=9&rost=0&age=0"">NYY</a>",195.1,2.8566553644865214,3.068583415449933,3.407593815140464,0.17228465
608334,98.90370019624407,96.03910812709165,97.8545262225983,91.05087387725371,101.59348705079002,NA,NA,NA,97.18842290352346,Carson Fulmer,"<a href=""leaders.aspx?pos=all&stats=pit&lg=all&qual=0&type=strType&season=2025&month=0&season1=2025&ind=1&team=1&rost=0&age=0"">LAA</a>",29.1,5.829545707249455,4.703318204367459,4.379543713034604,0.12195122
608337,101.680576829567,98.55111956477313,93.54872237682743,NA,101.03086956656381,NA,NA,NA,97.37691809257106,Lucas Giolito,"<a href=""leaders.aspx?pos=all&stats=pit&lg=all&qual=0&type=strType&season=2025&month=0&season1=2025&ind=1&team=3&rost=0&age=0"">BOS</a>",145,3.413793103448276,4.169619076827477,4.591262487913,0.10603589
608371,NA,102.98138709931054,104.2257583919523,96.68030792648291,122.85066608849468,119.5404832557038,100.25829199042315,NA,110.75759771795545,Lucas Sims,"<a href=""leaders.aspx?pos=all&stats=pit&lg=all&qual=0&type=strType&season=2025&month=0&season1=2025&ind=1&team=24&rost=0&age=0"">WSN</a>",12.1,13.864869510632687,8.243246137913566,7.760214443007434,-0.01388889
608372,NA,96.72544953063706,99.82040283916989,92.42770173748922,NA,103.45501246748204,99.15980603609202,NA,98.02264657063533,Tomoyuki Sugano,"<a href=""leaders.aspx?pos=all&stats=pit&lg=all&qual=0&type=strType&season=2025&month=0&season1=2025&ind=1&team=2&rost=0&age=0"">BAL</a>",157,4.643312101910828,5.35806625451252,4.697601257198176,0.1037037
608379,107.24544148712272,96.16873677995831,91.58774895529079,87.10554056451433,101.96284883388876,NA,94.9474805726308,NA,97.00259069645497,Michael Wacha,"<a href=""leaders.aspx?pos=all&stats=pit&lg=all&qual=0&type=strType&season=2025&month=0&season1=2025&ind=1&team=7&rost=0&age=0"">KCR</a>",172.2,3.857143084383524,3.6563718701505064,4.562838509113116,0.11312849
608566,85.20347698743927,NA,87.95108611145386,88.64020852747132,95.55345257110213,NA,NA,105.67541379159007,94.01400987987877,Germán Márquez,"<a href=""leaders.aspx?pos=all&stats=pit&lg=all&qual=0&type=strType&season=2025&month=0&season1=2025&ind=1&team=19&rost=0&age=0"">COL</a>",126.1,6.696570190452643,5.470228760504104,5.348962533370095,0.05922166
608638,NA,NA,NA,94.50823360290005,96.07923333433052,NA,NA,NA,95.35415653520876,NA,NA,NA,NA,NA,NA,NA
608650,104.16401019935783,100.18030192554878,93.82915678561204,87.31443518208725,NA,NA,105.563042534551,NA,98.73632374021747,Dietrich Enns,- - -,46.1,4.079137054476167,3.674704711656016,3.422074269040495,0.17
608665,90.45410832075727,97.14363499263524,91.70198467564401,94.73614454655296,103.6769890787998,NA,NA,NA,95.4596602892556,Kendall Graveman,"<a href=""leaders.aspx?pos=all&stats=pit&lg=all&qual=0&type=strType&season=2025&month=0&season1=2025&ind=1&team=15&rost=0&age=0"">ARI</a>",17.2,7.132075728365186,5.795513772438246,6.156449197353071,-0.03658537
608671,NA,49.07571535476288,NA,NA,NA,NA,NA,NA,85.39169657303455,Travis Jankowski,"<a href=""leaders.aspx?pos=all&stats=pit&lg=all&qual=0&type=strType&season=2025&month=0&season1=2025&ind=1&team=25&rost=0&age=0"">NYM</a>",1,18,9.135136318206786,10.676875633001327,-0.16666667
608717,98.36371452620257,100.2712805261678,96.90484714428777,93.6728323689823,102.33519173698053,109.29105360853177,NA,NA,98.76925568931397,Chris Stratton,- - -,21,7.71428641494446,4.944660292082648,4.303873703875985,0.11538462
608718,105.267231955901,NA,100.47014640293827,94.84672413588338,99.08424875003932,NA,NA,NA,99.95431324170598,Brent Suter,"<a href=""leaders.aspx?pos=all&stats=pit&lg=all&qual=0&type=strType&season=2025&month=0&season1=2025&ind=1&team=18&rost=0&age=0"">CIN</a>",67.2,4.5221679125788565,4.568633989841262,4.300863784854867,0.12027491
612434,99.04588100973933,NA,99.08853028097825,101.0964282744196,107.85009858256349,NA,NA,NA,102.00467431426948,Miguel Castro,"<a href=""leaders.aspx?pos=all&stats=pit&lg=all&qual=0&type=strType&season=2025&month=0&season1=2025&ind=1&team=4&rost=0&age=0"">CHW</a>",6,7.500002384186549,6.9684708701243565,6.857456587893254,-0.03571429
614179,106.69411362419892,106.27986118102118,96.23486233090408,95.57911761826462,100.21989992357712,101.77926529979091,NA,NA,100.39743022939,José Ruiz,- - -,16.1,8.816328761281264,5.339218508527103,4.650522885274407,0.07594937
615698,90.13222119006792,98.42655947393067,88.48379764535564,93.04765256397343,102.95614139096452,NA,95.95148933913941,NA,94.6725741909644,Cal Quantrill,- - -,117.2,6.042493097417211,5.140802100190559,4.885238859643012,0.09746589
620443,-17.24337875177116,NA,NA,NA,NA,NA,NA,NA,28.622637470711602,Luis Torrens,"<a href=""leaders.aspx?pos=all&stats=pit&lg=all&qual=0&type=strType&season=2025&month=0&season1=2025&ind=1&team=25&rost=0&age=0"">NYM</a>",0.2,54.00005632644807,46.635181692289954,19.198197934244767,-0.125
620454,85.95947274815262,NA,87.79525391124172,93.82347259501074,101.54210400701137,NA,NA,NA,96.00697763985495,José Castillo,- - -,32,3.9375008214266822,4.572636618092719,4.055761642772772,0.10738255
621016,79.81795059109035,NA,97.72310509635693,96.09419826325622,NA,98.17611882905511,NA,NA,96.47312358407562,NA,NA,NA,NA,NA,NA,NA
621051,96.59142072008285,NA,107.05541949807824,NA,NA,102.4599108147212,105.68509899317547,NA,103.72372279714968,Steven Wilson,"<a href=""leaders.aspx?pos=all&stats=pit&lg=all&qual=0&type=strType&season=2025&month=0&season1=2025&ind=1&team=4&rost=0&age=0"">CHW</a>",55.1,3.4156634355254196,4.291763090024919,5.126970493101885,0.12033195
621053,103.557316594217,NA,99.99342007907498,104.50568873814848,NA,103.19724379324279,102.69217246777659,NA,102.08937049716812,Tyler Ferguson,"<a href=""leaders.aspx?pos=all&stats=pit&lg=all&qual=0&type=strType&season=2025&month=0&season1=2025&ind=1&team=10&rost=0&age=0"">ATH</a>",58,4.655173332314327,4.135136515518754,5.072723126736866,0.08130081
621057,NA,NA,85.00281928989324,NA,98.84692590988232,NA,99.91398646265388,NA,94.30235480628856,Justin Garza,"<a href=""leaders.aspx?pos=all&stats=pit&lg=all&qual=0&type=strType&season=2025&month=0&season1=2025&ind=1&team=25&rost=0&age=0"">NYM</a>",6.2,5.40000051498418,4.635136461257948,4.7664845487569085,0.07142857
621107,96.95253494943297,91.57148828486154,89.04000060922799,98.3596468501293,NA,95.53251329515723,96.71267653462668,NA,95.05372221694695,Zach Eflin,"<a href=""leaders.aspx?pos=all&stats=pit&lg=all&qual=0&type=strType&season=2025&month=0&season1=2025&ind=1&team=2&rost=0&age=0"">BAL</a>",71.1,5.929906964874764,5.644482291522586,4.374132989857562,0.1197411
621111,99.27292601533928,NA,96.89798081827085,93.05661926748284,105.469706561815,103.75276185557178,98.81429840747518,99.61670178010006,98.81628953964534,Walker Buehler,- - -,126,4.928571465875016,5.658945861118632,5.0899122437675866,0.05486726
621112,86.64419096343481,99.42939578267195,92.7060107851402,88.40396582853066,NA,99.85312453684267,100.38613116652927,NA,94.94993412489463,Paul Blackburn,- - -,39,6.230769535493583,4.391546636063518,4.17047660386087,0.12571429
621114,NA,NA,96.69140267344103,NA,105.13114368173854,NA,NA,NA,103.07823370674726,Ryan Burr,"<a href=""leaders.aspx?pos=all&stats=pit&lg=all&qual=0&type=strType&season=2025&month=0&season1=2025&ind=1&team=14&rost=0&age=0"">TOR</a>",2,0,1.635135602950709,3.1768756529041933,0.25
621121,99.40931889631122,NA,90.14552468824205,89.97369160910107,111.31964126507306,NA,97.1132683247619,103.66817783709396,101.12826002668841,Lance McCullers Jr.,"<a href=""leaders.aspx?pos=all&stats=pit&lg=all&qual=0&type=strType&season=2025&month=0&season1=2025&ind=1&team=21&rost=0&age=0"">HOU</a>",55.1,6.506024245894656,5.7736905957085085,5.1239212711827715,0.08029197
621139,NA,NA,93.90356704011558,NA,100.28037361179327,NA,101.55047246835296,NA,101.15153721465072,Brooks Kriske,- - -,18,7.500000397364319,4.357358605184676,5.348180118563112,0.03409091
621199,NA,NA,90.6201970601027,92.04172633554583,NA,87.37617576084062,85.21808868422339,NA,88.28408386085495,Matt Bowman,"<a href=""leaders.aspx?pos=all&stats=pit&lg=all&qual=0&type=strType&season=2025&month=0&season1=2025&ind=1&team=2&rost=0&age=0"">BAL</a>",24.2,6.202703821824738,4.756758232409333,4.961259133390084,0.10526316
621237,NA,117.67981946026433,96.93120147259924,107.83531428789256,NA,NA,103.82301249188815,NA,106.89619167609582,José Alvarado,"<a href=""leaders.aspx?pos=all&stats=pit&lg=all&qual=0&type=strType&season=2025&month=0&season1=2025&ind=1&team=26&rost=0&age=0"">PHI</a>",26,3.8076928663536758,3.5966748474617782,2.9605210710594845,0.21929825
621242,83.7151492934297,NA,106.63113997050866,NA,105.39166727221371,NA,NA,NA,106.0269735641022,Edwin Díaz,"<a href=""leaders.aspx?pos=all&stats=pit&lg=all&qual=0&type=strType&season=2025&month=0&season1=2025&ind=1&team=25&rost=0&age=0"">NYM</a>",66.1,1.6281408283590828,2.2758397699061605,2.4913391412466384,0.29844961
621244,90.47891125536228,NA,90.45591985100351,92.99061311445682,NA,NA,92.53981134565439,NA,93.09802373484261,José Berríos,"<a href=""leaders.aspx?pos=all&stats=pit&lg=all&qual=0&type=strType&season=2025&month=0&season1=2025&ind=1&team=14&rost=0&age=0"">TOR</a>",166,4.174698795180723,4.647184510977872,4.43140683447022,0.11747851
621345,91.59603034907741,NA,101.03670783509367,NA,NA,NA,104.58462327786232,NA,101.81881075264903,A.J. Minter,"<a href=""leaders.aspx?pos=all&stats=pit&lg=all&qual=0&type=strType&season=2025&month=0&season1=2025&ind=1&team=25&rost=0&age=0"">NYM</a>",11,1.6363639201014988,1.953317931466816,3.214741225932712,0.20454546
621363,NA,NA,99.70948647647478,NA,101.81661061683782,NA,NA,NA,100.27077281954092,Colin Poche,- - -,9.1,12.535719916303036,6.670852192035849,7.425418005137435,-0.05769231
621366,NA,NA,NA,100.06889627721742,98.86744592554774,100.75676864792662,NA,NA,99.25722612072995,Ryan Borucki,- - -,35,4.628572689757399,4.249422336111346,3.8649503133471343,0.11034483
621381,99.62117007326447,NA,105.65088230361478,97.74347942847356,103.43075245053912,NA,91.77643786995155,NA,101.68863175243578,Matt Strahm,"<a href=""leaders.aspx?pos=all&stats=pit&lg=all&qual=0&type=strType&season=2025&month=0&season1=2025&ind=1&team=26&rost=0&age=0"">PHI</a>",62.1,2.7433157318699255,2.9907512796873177,4.2234789251056295,0.1953125
621383,99.17968172722887,NA,86.73385559150775,90.99941001086646,98.3798856160765,98.3854601320074,NA,NA,95.00363786485866,Tanner Banks,"<a href=""leaders.aspx?pos=all&stats=pit&lg=all&qual=0&type=strType&season=2025&month=0&season1=2025&ind=1&team=26&rost=0&age=0"">PHI</a>",67.1,3.07425765796757,3.6400868513995284,3.6655412182606257,0.1835206
621512,NA,66.46911457262443,NA,NA,30.82470431296162,NA,NA,NA,41.00882153000814,Tomás Nido,"<a href=""leaders.aspx?pos=all&stats=pit&lg=all&qual=0&type=strType&season=2025&month=0&season1=2025&ind=1&team=6&rost=0&age=0"">DET</a>",1.2,0,4.935137004852557,7.7102688301115085,0
622253,93.76852326787119,NA,83.9230986351836,95.62645813362366,NA,98.5927297059926,NA,NA,96.32385792937467,Dillon Tate,"<a href=""leaders.aspx?pos=all&stats=pit&lg=all&qual=0&type=strType&season=2025&month=0&season1=2025&ind=1&team=14&rost=0&age=0"">TOR</a>",6.1,4.263158750666317,5.977242151984332,5.87207073903022,0.05882353
622338,96.78002976082715,NA,97.68539021204796,NA,NA,NA,103.42689384986805,NA,99.36644004246413,NA,NA,NA,NA,NA,NA,NA
622379,95.33173602882077,NA,89.9878562719718,100.17532001210111,NA,94.42708094301018,NA,NA,93.39375870193768,Luis F. Castillo,"<a href=""leaders.aspx?pos=all&stats=pit&lg=all&qual=0&type=strType&season=2025&month=0&season1=2025&ind=1&team=11&rost=0&age=0"">SEA</a>",7,7.714285714285714,4.7065648896353585,6.6888011515140535,-0.04878049
622491,97.56938753273617,NA,94.58047531838992,98.49616708274476,96.65685906185706,NA,NA,NA,96.18885863153653,Luis Castillo,"<a href=""leaders.aspx?pos=all&stats=pit&lg=all&qual=0&type=strType&season=2025&month=0&season1=2025&ind=1&team=11&rost=0&age=0"">SEA</a>",180.2,3.5369002694302303,3.8768337143001377,4.0907132835925175,0.1557047
622503,83.49270135646967,96.41367765185322,89.07769628175417,89.35201460463162,90.18507425177904,NA,85.64458909442622,NA,88.24704427678768,Nabil Crismatt,"<a href=""leaders.aspx?pos=all&stats=pit&lg=all&qual=0&type=strType&season=2025&month=0&season1=2025&ind=1&team=15&rost=0&age=0"">ARI</a>",34,3.7058823529411766,4.841018671147964,4.315366708706407,0.10457516
622554,NA,103.43561764513545,105.51693061903582,97.71313246352692,NA,109.18584071623843,NA,NA,105.44285783504523,Seranthony Domínguez,- - -,62.2,3.1595750771373026,3.470242765781956,3.7123243715313956,0.16475096
622608,89.63681384982273,95.52129110425419,89.85683772100259,86.14930633058687,100.52857005996474,NA,NA,NA,92.57196876856626,Antonio Senzatela,"<a href=""leaders.aspx?pos=all&stats=pit&lg=all&qual=0&type=strType&season=2025&month=0&season1=2025&ind=1&team=19&rost=0&age=0"">COL</a>",130,6.646154333712822,5.481290336473466,5.190675158861149,0.0420712
622663,97.35670148804643,NA,97.35034723287662,91.65508146828276,106.37545644573636,111.43621909464471,94.25768728897656,NA,99.49790383063842,Luis Severino,"<a href=""leaders.aspx?pos=all&stats=pit&lg=all&qual=0&type=strType&season=2025&month=0&season1=2025&ind=1&team=10&rost=0&age=0"">ATH</a>",162.2,4.536885529620407,4.106447854358581,4.62856143092934,0.10496454
622780,93.80240450450968,NA,99.68438764897088,NA,104.96373829674754,NA,NA,NA,100.68188334069093,Angel Perdomo,"<a href=""leaders.aspx?pos=all&stats=pit&lg=all&qual=0&type=strType&season=2025&month=0&season1=2025&ind=1&team=10&rost=0&age=0"">ATH</a>",3.1,5.400002059937309,5.53513723373448,6.922703146363956,-0.0625
622786,92.49878107564795,NA,92.74996393450809,99.38277579617092,102.95078791611319,NA,NA,NA,98.996646852333555,Jesus Tinoco,"<a href=""leaders.aspx?pos=all&stats=pit&lg=all&qual=0&type=strType&season=2025&month=0&season1=2025&ind=1&team=20&rost=0&age=0"">MIA</a>",19.1,5.120690497150174,4.014446807616413,5.096426205806056,0.025
623149,NA,NA,104.37201583105305,NA,NA,102.25752350321983,NA,NA,103.49705348850138,Paul Sewald,- - -,19.2,4.576272665855494,4.6605605401586185,4.995446782091259,0.17283951
623167,104.57650357876369,100.38322815691176,91.84884201687247,NA,107.87737005186412,NA,106.59484137898814,NA,99.31625716634038,Chris Flexen,"<a href=""leaders.aspx?pos=all&stats=pit&lg=all&qual=0&type=strType&season=2025&month=0&season1=2025&ind=1&team=17&rost=0&age=0"">CHC</a>",43.2,3.0916032334890136,5.035899787685218,5.105657765850196,0.05617978
623211,98.9870632219783,NA,92.48857924362194,99.5215235951783,NA,NA,93.91103409709139,NA,97.73882482322787,Huascar Brazobán,"<a href=""leaders.aspx?pos=all&stats=pit&lg=all&qual=0&type=strType&season=2025&month=0&season1=2025&ind=1&team=25&rost=0&age=0"">NYM</a>",63,3.5714292201867277,4.039898387320759,4.196710176810557,0.11450382
623352,98.2667106820349,NA,NA,105.15561682403376,104.96467655140715,NA,NA,NA,104.7623138113854,Josh Hader,"<a href=""leaders.aspx?pos=all&stats=pit&lg=all&qual=0&type=strType&season=2025&month=0&season1=2025&ind=1&team=21&rost=0&age=0"">HOU</a>",52.2,2.0506330104119512,3.2490603743407847,3.1771563606468054,0.29126214
623433,97.95814416898429,103.9865342861239,89.86030344133907,88.23910752563503,NA,NA,NA,NA,95.5487259492631,Nick Anderson,"<a href=""leaders.aspx?pos=all&stats=pit&lg=all&qual=0&type=strType&season=2025&month=0&season1=2025&ind=1&team=19&rost=0&age=0"">COL</a>",14.2,6.136364301374208,4.839681957477401,4.282962780955321,0.13114754
623437,97.99498021884452,NA,NA,98.1973786317575,NA,104.24721554066234,93.81026520535538,NA,99.09436807692026,Justin Topa,"<a href=""leaders.aspx?pos=all&stats=pit&lg=all&qual=0&type=strType&season=2025&month=0&season1=2025&ind=1&team=8&rost=0&age=0"">MIN</a>",60,3.9000004959107075,3.035136305491128,3.886585842753986,0.11567164
623465,NA,NA,103.84671515397476,97.14590393325578,NA,111.80791102117533,92.22048136574358,NA,106.5504162315722,Evan Phillips,"<a href=""leaders.aspx?pos=all&stats=pit&lg=all&qual=0&type=strType&season=2025&month=0&season1=2025&ind=1&team=22&rost=0&age=0"">LAD</a>",5.2,0,2.0763124918029376,2.620455932005606,0.18181818
623474,88.91297833172186,101.0055528357011,93.86852805071538,95.32890890011724,102.09121956005386,NA,NA,NA,98.5226164306081,Jimmy Herget,"<a href=""leaders.aspx?pos=all&stats=pit&lg=all&qual=0&type=strType&season=2025&month=0&season1=2025&ind=1&team=19&rost=0&age=0"">COL</a>",83.1,2.484000379028378,3.3151363456726117,4.284726286706348,0.15850144
624133,91.37233605727772,94.48770947101335,84.92569399148894,92.66500270921176,99.95583769742083,NA,93.88056790968602,NA,92.15628045226137,Ranger Suárez,"<a href=""leaders.aspx?pos=all&stats=pit&lg=all&qual=0&type=strType&season=2025&month=0&season1=2025&ind=1&team=26&rost=0&age=0"">PHI</a>",157.1,3.2033899340674816,3.211407507113156,3.612699158130572,0.17357911
624512,NA,119.25817447873187,NA,NA,91.07720681049953,NA,NA,NA,99.88375920682213,Reese McGuire,"<a href=""leaders.aspx?pos=all&stats=pit&lg=all&qual=0&type=strType&season=2025&month=0&season1=2025&ind=1&team=17&rost=0&age=0"">CHC</a>",1,9,19.135136318206786,9.218614947795867,-0.16666667
625643,98.91655627602954,96.04663347453223,96.14161390353023,NA,96.26366492432852,NA,NA,NA,96.3417877882778,Reynaldo López,"<a href=""leaders.aspx?pos=all&stats=pit&lg=all&qual=0&type=strType&season=2025&month=0&season1=2025&ind=1&team=16&rost=0&age=0"">ATL</a>",5,5.4,6.535136318206787,5.785223495960236,-0.04
628317,NA,95.08778448879978,89.91383436597494,91.08818215131673,97.74182225200428,99.0022331432605,90.47621163408742,NA,96.49873834900872,Kenta Maeda,"<a href=""leaders.aspx?pos=all&stats=pit&lg=all&qual=0&type=strType&season=2025&month=0&season1=2025&ind=1&team=6&rost=0&age=0"">DET</a>",8,7.875000938773267,6.135136675834699,6.244593418026817,0.04651163
628452,97.54750985746674,NA,96.65425768302832,95.99718554927946,104.61915260143594,NA,NA,NA,97.55150970844335,Raisel Iglesias,"<a href=""leaders.aspx?pos=all&stats=pit&lg=all&qual=0&type=strType&season=2025&month=0&season1=2025&ind=1&team=16&rost=0&age=0"">ATL</a>",67.1,3.2079210344009423,3.313354153451284,3.783746164755102,0.21428572
640448,NA,NA,102.97970677651837,NA,100.20678834442228,NA,NA,NA,104.29130280536947,Kyle Finnegan,- - -,57,3.473684675475629,3.1175924562094357,3.5847627828541424,0.16157205
640451,NA,93.38228555637228,98.04972977294426,NA,102.94180773025303,NA,NA,NA,100.4630503871857,Hunter Harvey,"<a href=""leaders.aspx?pos=all&stats=pit&lg=all&qual=0&type=strType&season=2025&month=0&season1=2025&ind=1&team=7&rost=0&age=0"">KCR</a>",10.2,0,1.3538862120360073,2.799266905807292,0.25641026
640454,100.32309344154446,NA,NA,97.46755455772913,NA,114.52291854996004,97.63542788199896,NA,102.6356371754631,Matt Krook,"<a href=""leaders.aspx?pos=all&stats=pit&lg=all&qual=0&type=strType&season=2025&month=0&season1=2025&ind=1&team=10&rost=0&age=0"">ATH</a>",3.1,5.400002059937309,2.235135974883902,4.547745829266361,0.13333333
640455,93.27620690406914,NA,98.81161417062984,92.58459756523428,NA,102.95571793301339,NA,NA,99.88780158729605,Sean Manaea,"<a href=""leaders.aspx?pos=all&stats=pit&lg=all&qual=0&type=strType&season=2025&month=0&season1=2025&ind=1&team=25&rost=0&age=0"">NYM</a>",60.2,5.637363139535953,4.387883682548111,3.3048594227415804,0.23954373
640462,NA,NA,107.62594127822703,106.89817146210012,109.39160628739418,NA,NA,NA,108.27977819689217,A.J. Puk,"<a href=""leaders.aspx?pos=all&stats=pit&lg=all&qual=0&type=strType&season=2025&month=0&season1=2025&ind=1&team=15&rost=0&age=0"">ARI</a>",8,3.375,4.510136318206787,2.9945930473506452,0.28571429
640902,NA,NA,80.30318031322024,NA,NA,NA,NA,NA,56.818339617663725,Jhonny Pereda,"<a href=""leaders.aspx?pos=all&stats=pit&lg=all&qual=0&type=strType&season=2025&month=0&season1=2025&ind=1&team=10&rost=0&age=0"">ATH</a>",3,21,7.46846965154012,6.218614947795869,0.05
641154,101.7624474002634,105.44512495594621,93.80684992008486,93.37356927815584,NA,103.57128465013652,NA,NA,98.57683006004115,Pablo López,"<a href=""leaders.aspx?pos=all&stats=pit&lg=all&qual=0&type=strType&season=2025&month=0&season1=2025&ind=1&team=8&rost=0&age=0"">MIN</a>",75.2,2.735682911328653,3.187999756106858,3.8686971680959914,0.16987179
641302,95.55285674954575,NA,92.77685883106007,92.1529700401964,NA,100.26148664454558,93.76599797728214,NA,94.95415557911569,Tyler Alexander,- - -,97.2,4.976109781896189,3.6368428600029055,4.38053511932916,0.12293144
641312,99.5687936776453,NA,98.80211954231193,92.35305890149658,103.25089029978052,110.28618335956796,NA,NA,101.87193396401322,Shaun Anderson,"<a href=""leaders.aspx?pos=all&stats=pit&lg=all&qual=0&type=strType&season=2025&month=0&season1=2025&ind=1&team=1&rost=0&age=0"">LAA</a>",11.1,10.323532307437533,8.870432044560973,4.5727585138986235,0.14285714
641329,114.54979537419301,NA,100.30905974455803,NA,110.64526108116455,NA,NA,NA,106.76705188322252,Bryan Baker,- - -,68.2,4.0631071723185395,3.9215441580103763,3.07696006037182,0.24087591
641343,NA,NA,69.61200282133505,NA,NA,NA,NA,NA,77.08846638026138,Jake Bauers,"<a href=""leaders.aspx?pos=all&stats=pit&lg=all&qual=0&type=strType&season=2025&month=0&season1=2025&ind=1&team=23&rost=0&age=0"">MIL</a>",5,3.6,5.735136318206788,9.743658536672593,-0.06896552
641386,99.51596445310491,100.61177378792675,100.8821940014492,NA,103.26769377304373,NA,NA,NA,101.3293945075318,Ben Bowden,"<a href=""leaders.aspx?pos=all&stats=pit&lg=all&qual=0&type=strType&season=2025&month=0&season1=2025&ind=1&team=10&rost=0&age=0"">ATH</a>",10.2,4.218750628642831,5.666386695392487,5.830571813573762,0.04255319
641401,98.1667257936235,NA,101.05185263192003,NA,NA,NA,101.39522817142299,NA,99.91109871824578,Connor Brogdon,"<a href=""leaders.aspx?pos=all&stats=pit&lg=all&qual=0&type=strType&season=2025&month=0&season1=2025&ind=1&team=1&rost=0&age=0"">LAA</a>",47,5.553192841515928,5.241519809816277,4.429567982454096,0.15577889
641427,NA,98.04553076056746,95.6055120172551,89.36203362385956,NA,98.2208372416356,91.66328727344693,NA,92.9543126450665,NA,NA,NA,NA,NA,NA,NA
641482,93.71172173159754,NA,97.53992337149568,83.43155681232037,94.60434382306086,97.81009293054608,99.1680876640055,NA,97.55981205092677,Nestor Cortes,- - -,34.1,6.291262368924867,8.290476314964664,5.748112638789753,0.05732484
641540,92.30445547403029,NA,94.03597695980797,90.34357067552624,93.6938386124807,NA,94.51446574781443,96.91440977697634,92.83844727614404,Dane Dunning,- - -,20.2,6.967742471367503,5.070620338031093,4.34489819617132,0.14736842
641585,89.23977794714033,109.4326551198504,82.41644721784107,79.87181800361019,NA,106.56638281514682,106.61618921592364,NA,97.74902613893109,J.P. France,"<a href=""leaders.aspx?pos=all&stats=pit&lg=all&qual=0&type=strType&season=2025&month=0&season1=2025&ind=1&team=21&rost=0&age=0"">HOU</a>",4,2.25,2.1351363182067873,4.447745290398598,0.1875
641656,NA,NA,96.81282311807288,97.2113041469439,96.36839244895866,NA,NA,NA,96.83268913502779,Ian Hamilton,"<a href=""leaders.aspx?pos=all&stats=pit&lg=all&qual=0&type=strType&season=2025&month=0&season1=2025&ind=1&team=9&rost=0&age=0"">NYY</a>",40,4.275000815391696,4.385136556625412,4.3789628359821355,0.12048193
641658,NA,12.856397937507822,NA,NA,3.977447231896946,NA,NA,NA,6.937097467100571,Garrett Hampson,"<a href=""leaders.aspx?pos=all&stats=pit&lg=all&qual=0&type=strType&season=2025&month=0&season1=2025&ind=1&team=28&rost=0&age=0"">STL</a>",1,0,3.1351363182067873,4.676875633001328,0
641672,88.12799787323135,NA,102.27353598321828,94.46747856513441,98.60914691292123,100.28886790842874,101.58151817331641,NA,97.47779301341956,Thomas Hatch,- - -,34,5.823529411764706,6.017489259383257,5.290865451623412,0.03289474
641682,NA,NA,NA,101.34773442104601,102.0280555990208,NA,NA,NA,101.60939641257478,NA,NA,NA,NA,NA,NA,NA
641745,91.98058293704923,NA,99.07831668257394,94.13979175400304,111.4384551238617,116.97233875462922,NA,NA,102.0985628272508,Brad Keller,"<a href=""leaders.aspx?pos=all&stats=pit&lg=all&qual=0&type=strType&season=2025&month=0&season1=2025&ind=1&team=17&rost=0&age=0"">CHC</a>",69.2,2.06698594774835,2.9341793510645866,3.3164096229703612,0.19202899
641755,90.06074305801857,106.22208042997201,91.57571588735463,NA,107.5496324400606,NA,NA,NA,103.56659329264951,Tyler Kinley,- - -,72.2,3.9633032030835427,3.685595096412835,4.585344138327666,0.12987013
641778,98.28275793287082,93.46498512483662,90.89229988351485,NA,100.27882128754106,NA,100.69737472699538,NA,94.7666762196393,Eric Lauer,"<a href=""leaders.aspx?pos=all&stats=pit&lg=all&qual=0&type=strType&season=2025&month=0&season1=2025&ind=1&team=14&rost=0&age=0"">TOR</a>",104.2,3.1815287977006124,3.8516968582294475,4.153948583897882,0.17840376
641793,NA,NA,85.51667600071494,88.13948277633666,95.68485118687767,94.32729117613162,NA,NA,94.6369330840245,Zack Littell,- - -,186.2,3.80892870115991,4.8762078060787575,4.351301192936383,0.12911726
641816,NA,NA,101.37821565589539,NA,98.31229957406687,NA,99.85737409650055,NA,98.7995162062373,Tyler Mahle,"<a href=""leaders.aspx?pos=all&stats=pit&lg=all&qual=0&type=strType&season=2025&month=0&season1=2025&ind=1&team=13&rost=0&age=0"">TEX</a>",86.2,2.1807692947613435,3.3659055557476703,4.430414165165692,0.10693642
641835,NA,NA,86.98429159468817,96.40140949846814,98.77395057589315,NA,90.03813420727668,NA,96.89275211701673,Tim Mayza,- - -,16.2,3.780000793075728,4.155136532211349,4.167710635939932,0.13513514
641927,105.89477799001345,96.7196454829133,96.16512483124153,92.02204248424327,96.31969470925145,97.52805720749984,NA,NA,99.01598758987987,Bailey Ober,"<a href=""leaders.aspx?pos=all&stats=pit&lg=all&qual=0&type=strType&season=2025&month=0&season1=2025&ind=1&team=8&rost=0&age=0"">MIN</a>",146.1,5.104783776521227,4.898234329374762,4.751143410156666,0.14262821
641941,NA,NA,108.76162206024043,NA,NA,NA,102.5353789509549,NA,106.61532937695328,Emilio Pagán,"<a href=""leaders.aspx?pos=all&stats=pit&lg=all&qual=0&type=strType&season=2025&month=0&season1=2025&ind=1&team=18&rost=0&age=0"">CIN</a>",68.2,2.8834952524238977,3.7176606116257567,3.9125405646087312,0.21851852
642016,87.7631009879378,NA,94.07895180207717,96.25321353739797,NA,106.77160452738761,99.89598009853165,NA,100.99156968720794,Daniel Robert,"<a href=""leaders.aspx?pos=all&stats=pit&lg=all&qual=0&type=strType&season=2025&month=0&season1=2025&ind=1&team=26&rost=0&age=0"">PHI</a>",13,4.1538467632949185,5.135136611645081,4.914066557818962,0.08474576
642048,97.46375423496235,NA,94.22118300637273,95.78963524278237,96.77071322613504,99.6331407527083,NA,NA,96.68410228794957,Tayler Saucedo,"<a href=""leaders.aspx?pos=all&stats=pit&lg=all&qual=0&type=strType&season=2025&month=0&season1=2025&ind=1&team=11&rost=0&age=0"">SEA</a>",13.1,7.425000708103248,4.860136482715623,4.297701812392759,0.09090909
642100,NA,NA,95.13633876164998,99.4284674367373,97.41781652268051,NA,NA,NA,96.98501608992275,Gabe Speier,"<a href=""leaders.aspx?pos=all&stats=pit&lg=all&qual=0&type=strType&season=2025&month=0&season1=2025&ind=1&team=11&rost=0&age=0"">SEA</a>",62,2.612904029632085,2.312555419989279,2.830774560574791,0.29218107
642121,99.24115035650763,NA,99.28801578945811,NA,NA,96.7053392740069,99.60069844378731,NA,99.32641058292047,Cole Sulser,"<a href=""leaders.aspx?pos=all&stats=pit&lg=all&qual=0&type=strType&season=2025&month=0&season1=2025&ind=1&team=12&rost=0&age=0"">TBR</a>",22.2,1.985294340391085,2.6939597981198795,3.4807886935713572,0.16666667
642152,97.61249265685647,94.43364612466866,89.26449688044872,98.28864602815763,NA,105.78229036788474,97.42838523419597,NA,97.99842091696561,Lou Trivino,- - -,47.2,3.9650357318827236,4.7295422209744435,5.26023884300901,0.09178744
642207,120.96575010063336,NA,110.99895647232054,NA,NA,NA,102.56010703774045,NA,116.01988505935229,Devin Williams,"<a href=""leaders.aspx?pos=all&stats=pit&lg=all&qual=0&type=strType&season=2025&month=0&season1=2025&ind=1&team=9&rost=0&age=0"">NYY</a>",62,4.790322875381155,2.6835233871944224,2.9530747535229307,0.25096525
642216,90.54833317883914,91.43474966183665,81.58336308553783,93.04440364560375,NA,98.21485752557689,NA,NA,91.36189767795604,Allan Winans,"<a href=""leaders.aspx?pos=all&stats=pit&lg=all&qual=0&type=strType&season=2025&month=0&season1=2025&ind=1&team=9&rost=0&age=0"">NYY</a>",9.1,8.67857172416182,6.242279281178304,5.603987590759185,0.06521739
642232,91.27717244409484,NA,86.3215799233312,87.70312355804052,NA,106.37376785995417,93.54634726359619,NA,93.38103345854091,Ryan Yarbrough,"<a href=""leaders.aspx?pos=all&stats=pit&lg=all&qual=0&type=strType&season=2025&month=0&season1=2025&ind=1&team=9&rost=0&age=0"">NYY</a>",64,4.359375259839013,5.0413864318281485,4.303845854566815,0.13636364
642239,99.0916945174525,NA,102.07163974150338,NA,NA,100.32161714301719,100.4366615079442,NA,100.87288419738735,Rob Zastryzny,"<a href=""leaders.aspx?pos=all&stats=pit&lg=all&qual=0&type=strType&season=2025&month=0&season1=2025&ind=1&team=23&rost=0&age=0"">MIL</a>",22,2.454546305759189,4.589682277175196,4.84924782760109,0.10752688
642397,NA,NA,97.03180879065697,102.32191095370787,104.70583746229262,106.80961094855812,NA,NA,102.89251089963061,Gregory Soto,- - -,60.1,4.176796988571585,3.4169043690231242,3.986032764726568,0.16487455
642520,94.25029215880681,97.50271080240483,103.03074979315191,96.4800934359527,99.73416754568365,NA,NA,NA,98.64419173626821,Gerson Garabito,"<a href=""leaders.aspx?pos=all&stats=pit&lg=all&qual=0&type=strType&season=2025&month=0&season1=2025&ind=1&team=13&rost=0&age=0"">TEX</a>",8,9.000001072883734,3.885136407613765,3.4164408378368045,0.17073171
642528,94.8605372208621,107.40227786991392,102.26994454788367,98.9826992347743,NA,NA,97.07390652343392,NA,99.68550502152972,Jonathan Loáisiga,"<a href=""leaders.aspx?pos=all&stats=pit&lg=all&qual=0&type=strType&season=2025&month=0&season1=2025&ind=1&team=9&rost=0&age=0"">NYY</a>",29.2,4.247192194510011,5.831766282975048,4.167506094572134,0.11111111
642546,94.99332468946972,NA,NA,99.36949208893529,104.92732897909742,NA,NA,NA,102.49432396394823,NA,NA,NA,NA,NA,NA,NA
642547,100.14855988535403,94.89367963496449,109.44700682379428,NA,98.31107648021285,NA,NA,NA,104.11138677278153,Freddy Peralta,"<a href=""leaders.aspx?pos=all&stats=pit&lg=all&qual=0&type=strType&season=2025&month=0&season1=2025&ind=1&team=23&rost=0&age=0"">MIL</a>",176.2,2.6999999222665485,3.6445702658042487,3.853379329266389,0.19087137
642585,NA,NA,NA,115.52929273362088,112.68640657517408,NA,95.89375460338157,NA,112.8015631457258,Félix Bautista,"<a href=""leaders.aspx?pos=all&stats=pit&lg=all&qual=0&type=strType&season=2025&month=0&season1=2025&ind=1&team=2&rost=0&age=0"">BAL</a>",34.2,2.5961540366065714,3.365905565905149,3.3527368015697725,0.19014085
642701,95.67200223801457,NA,96.65757175367818,96.22962141935163,103.00376950891905,NA,97.23072376176553,NA,99.53797002151921,Dennis Santana,"<a href=""leaders.aspx?pos=all&stats=pit&lg=all&qual=0&type=strType&season=2025&month=0&season1=2025&ind=1&team=27&rost=0&age=0"">PIT</a>",70.1,2.1753556075511487,3.2062263707411387,4.167215744582492,0.15925926
642759,100.15496228400333,NA,100.15000240031051,NA,NA,NA,NA,NA,100.15158956309222,Julian Fernández,- - -,5,5.4,7.535136318206788,3.876875633001328,0.15
643338,NA,NA,103.54390340492469,90.43475074942077,104.64477991325064,NA,NA,NA,103.75057834919508,Chad Green,"<a href=""leaders.aspx?pos=all&stats=pit&lg=all&qual=0&type=strType&season=2025&month=0&season1=2025&ind=1&team=14&rost=0&age=0"">TOR</a>",43.2,5.5648867925715075,6.730557003119243,4.998801165817531,0.11578947
643361,102.20777111309798,98.0721549438669,88.65403952443778,NA,NA,NA,97.01253047599475,NA,95.07500089655314,Kevin Herget,- - -,13,2.7692311755299457,3.3659055828342828,5.9750032675988045,0.01785714
643377,106.89220954516661,113.57165885930898,105.72852359199145,95.69985001047526,NA,122.80798366278185,103.06636057466586,NA,112.01156791363528,Griffin Jax,- - -,66,4.2272732159323505,2.5139241251844706,2.186322104977641,0.27561838
643410,NA,101.38536495252664,89.23154715129859,91.52847307890339,96.80640031602505,NA,92.7833878034174,NA,98.61500547064203,Mark Leiter Jr.,"<a href=""leaders.aspx?pos=all&stats=pit&lg=all&qual=0&type=strType&season=2025&month=0&season1=2025&ind=1&team=9&rost=0&age=0"">NYY</a>",48.1,4.841380584027674,3.548929530516845,3.7990047495430077,0.16894977
643511,NA,NA,NA,110.37758004197879,102.35544735786462,NA,NA,NA,108.2580481433339,Tyler Rogers,- - -,77.1,1.9784484059858918,2.8765156115419654,3.081298338600654,0.13712375
645261,100.71329157355254,103.14939701404583,99.93325578085873,100.88728918935827,102.35404210180918,NA,NA,NA,101.30853368060514,Sandy Alcantara,"<a href=""leaders.aspx?pos=all&stats=pit&lg=all&qual=0&type=strType&season=2025&month=0&season1=2025&ind=1&team=20&rost=0&age=0"">MIA</a>",174.2,5.358778938047624,4.280174552832348,4.187451532674813,0.11409396
646242,89.65852363157238,88.40264318997538,87.06722013532948,93.73186262763969,99.4602259097064,NA,NA,NA,94.20848103589124,Jhonathan Díaz,"<a href=""leaders.aspx?pos=all&stats=pit&lg=all&qual=0&type=strType&season=2025&month=0&season1=2025&ind=1&team=11&rost=0&age=0"">SEA</a>",1.1,0,1.6351359605788334,3.9477454841397206,0.2
647315,NA,NA,NA,98.74554175381503,104.77041612432548,NA,92.38713408950645,NA,98.67266893332132,Zach Pop,- - -,6.2,14.850001416206496,11.385137104988173,4.74144095749184,0.02564103
647336,100.87789642102885,NA,100.82720278639532,97.10357622523529,NA,NA,NA,NA,99.91384892214786,Michael Soroka,- - -,89.2,4.516728944794676,4.228073198675622,4.207708120794318,0.17414248
650556,99.6647997337017,NA,106.72138504651092,97.97872903880544,112.15819958679954,NA,NA,NA,109.18041681537417,Bryan Abreu,"<a href=""leaders.aspx?pos=all&stats=pit&lg=all&qual=0&type=strType&season=2025&month=0&season1=2025&ind=1&team=21&rost=0&age=0"">HOU</a>",71,2.281690386026988,2.3886573647535134,2.9808559946208932,0.25
650633,96.217770443387,NA,104.46772459254429,98.51853560661726,99.22936773155106,105.78707525688053,NA,NA,100.97354458506425,Michael King,"<a href=""leaders.aspx?pos=all&stats=pit&lg=all&qual=0&type=strType&season=2025&month=0&season1=2025&ind=1&team=29&rost=0&age=0"">SDP</a>",73.1,3.436363874703416,4.4169545889294906,4.202840178346685,0.16233766
650644,NA,103.50251355105186,89.84111040067516,93.7738530556188,103.43845243322824,110.33567079893075,102.84759402652696,NA,98.49608902543794,Aaron Civale,- - -,102,4.852941176470588,4.625332396638159,4.7324596780187935,0.12643678
650671,87.78933009935042,NA,98.06999548082192,88.59537132581957,97.9441260891365,NA,NA,NA,96.42917140232126,José Quijada,"<a href=""leaders.aspx?pos=all&stats=pit&lg=all&qual=0&type=strType&season=2025&month=0&season1=2025&ind=1&team=1&rost=0&age=0"">LAA</a>",1.1,0,3.1351363182067873,3.1351363182067873,0.125
650893,NA,98.97207416076334,97.92434623545284,99.19400387159203,NA,NA,95.92732940191634,NA,97.90115240058606,Génesis Cabrera,- - -,42.2,6.539064059034362,6.557012134045557,5.14110173827703,0.09090909
650895,NA,NA,NA,95.80556610857482,107.33741082326759,NA,NA,NA,97.16225372206809,NA,NA,NA,NA,NA,NA,NA
650911,104.33270154689276,NA,NA,102.60602617580099,101.20288535343178,NA,NA,NA,103.00521748793906,Cristopher Sánchez,"<a href=""leaders.aspx?pos=all&stats=pit&lg=all&qual=0&type=strType&season=2025&month=0&season1=2025&ind=1&team=26&rost=0&age=0"">PHI</a>",202,2.495049504950495,2.5509779023652035,2.7709091445597096,0.20817844
655889,NA,NA,100.62871612110965,94.8450067025568,108.01777377220286,NA,NA,NA,102.21035975411004,Manuel Rodríguez,"<a href=""leaders.aspx?pos=all&stats=pit&lg=all&qual=0&type=strType&season=2025&month=0&season1=2025&ind=1&team=12&rost=0&age=0"">TBR</a>",30.1,2.076923294583341,3.036235208940914,3.1956237848499285,0.15702479
656186,103.91566346120904,NA,98.50824158831394,96.52719273252454,101.0370723072748,NA,NA,NA,99.92627048023566,Dan Altavilla,"<a href=""leaders.aspx?pos=all&stats=pit&lg=all&qual=0&type=strType&season=2025&month=0&season1=2025&ind=1&team=4&rost=0&age=0"">CHW</a>",29,2.482759110567641,5.445481601651675,4.928300242883865,0.05
656222,96.4182975819927,NA,92.88956593807023,NA,NA,NA,102.24791943516892,NA,95.06142248163891,Jalen Beeks,"<a href=""leaders.aspx?pos=all&stats=pit&lg=all&qual=0&type=strType&season=2025&month=0&season1=2025&ind=1&team=15&rost=0&age=0"">ARI</a>",57.1,3.7674426960263574,4.0072295348795555,4.287103402808286,0.11688312
656232,95.00165813350046,97.66946309947059,90.82611828230003,94.16619706531672,NA,97.56739787431626,NA,NA,93.46809873457774,NA,NA,NA,NA,NA,NA,NA
656234,NA,101.2117738010872,90.44622668278757,92.47470885327813,NA,111.54673070465289,97.27874539646112,NA,102.12186916879295,Jake Bird,- - -,55.1,5.53012109748482,3.9122448384415827,3.577216146848557,0.16532258
656240,NA,NA,91.24474857449312,85.87816929437517,98.43305163609116,NA,NA,NA,96.84219479789108,Scott Blewett,- - -,44.1,5.481203636364888,5.481001248996698,4.580707139837173,0.08762887
656257,NA,NA,102.12665219837226,NA,NA,100.54756829650114,98.7762870264839,NA,100.81153920283737,Jeff Brigham,"<a href=""leaders.aspx?pos=all&stats=pit&lg=all&qual=0&type=strType&season=2025&month=0&season1=2025&ind=1&team=15&rost=0&age=0"">ARI</a>",3.1,8.10000077247627,6.1351366043091105,4.547745425115501,0.11111111
656271,107.46095728352407,NA,96.36773201922425,92.19817459273999,102.43823643861393,NA,NA,NA,100.12068854321758,Brock Burke,"<a href=""leaders.aspx?pos=all&stats=pit&lg=all&qual=0&type=strType&season=2025&month=0&season1=2025&ind=1&team=1&rost=0&age=0"">LAA</a>",61.2,3.3567575181359515,4.156758171552512,3.870337592454117,0.13229572
656288,104.4646398170795,NA,91.24941163530313,95.2031230928732,108.70037081036448,NA,95.2418851247094,96.47593848897168,100.17178585301168,Griffin Canning,"<a href=""leaders.aspx?pos=all&stats=pit&lg=all&qual=0&type=strType&season=2025&month=0&season1=2025&ind=1&team=25&rost=0&age=0"">NYM</a>",76.1,3.7729260155907522,4.039066509442072,4.090443177087483,0.10670732
656302,81.10733554315419,NA,108.04203287528698,91.05529932242818,115.70157550910099,107.48556093518872,NA,104.79287597702532,109.71558559059893,Dylan Cease,"<a href=""leaders.aspx?pos=all&stats=pit&lg=all&qual=0&type=strType&season=2025&month=0&season1=2025&ind=1&team=29&rost=0&age=0"">SDP</a>",168,4.553571428571429,3.5577553658258347,3.5570878581986545,0.19944598
656354,NA,NA,NA,92.29327398661219,NA,102.34742670882645,NA,NA,95.16588905010197,NA,NA,NA,NA,NA,NA,NA
656420,104.70544759236006,NA,95.49056979573434,NA,101.94812318591927,100.3138273965544,NA,NA,100.3547130586876,J.P. Feyereisen,- - -,4,11.25,8.385136318206786,4.968614947795868,0.13043478
656427,89.61957024716219,NA,97.54007068240604,90.30661105332389,98.52475136037589,NA,NA,97.98574198091546,97.53488495883414,Jack Flaherty,"<a href=""leaders.aspx?pos=all&stats=pit&lg=all&qual=0&type=strType&season=2025&month=0&season1=2025&ind=1&team=6&rost=0&age=0"">DET</a>",161,4.6397515527950315,3.8494220324925017,3.68723481956476,0.18942731
656457,NA,NA,91.64914421964086,92.94710507946314,NA,97.36949409222112,93.74269842517845,NA,93.67895155574698,Tyler Gilbert,"<a href=""leaders.aspx?pos=all&stats=pit&lg=all&qual=0&type=strType&season=2025&month=0&season1=2025&ind=1&team=4&rost=0&age=0"">CHW</a>",51,3.8823536671570547,4.017489424378844,4.828862374549016,0.11627907
656458,NA,NA,90.09620330322737,NA,95.441543846796,NA,NA,NA,91.32417666084602,Lucas Gilbreath,"<a href=""leaders.aspx?pos=all&stats=pit&lg=all&qual=0&type=strType&season=2025&month=0&season1=2025&ind=1&team=19&rost=0&age=0"">COL</a>",1,9,12.135136318206786,0.6768756330013277,0.5
656464,NA,NA,96.45646090301969,97.02593142336778,106.08766323419995,NA,NA,NA,100.30613563701766,Kevin Ginkel,"<a href=""leaders.aspx?pos=all&stats=pit&lg=all&qual=0&type=strType&season=2025&month=0&season1=2025&ind=1&team=15&rost=0&age=0"">ARI</a>",25.2,7.363637093247956,3.641629874885218,4.490743676886731,0.13223141
656546,NA,NA,111.09626403097012,101.79512710387749,108.97031728828448,NA,NA,NA,107.81215378722803,Jeff Hoffman,"<a href=""leaders.aspx?pos=all&stats=pit&lg=all&qual=0&type=strType&season=2025&month=0&season1=2025&ind=1&team=14&rost=0&age=0"">TOR</a>",68,4.367647548860387,4.899842398554418,3.7326429824450904,0.19860627
656550,106.91239300871229,103.97972327341739,96.51746793466526,88.4175051324849,105.70198853558169,NA,95.05786511797383,NA,100.63908336611985,Grant Holmes,"<a href=""leaders.aspx?pos=all&stats=pit&lg=all&qual=0&type=strType&season=2025&month=0&season1=2025&ind=1&team=16&rost=0&age=0"">ATL</a>",115,3.9913046126194573,4.3960059670735,4.035204603987538,0.1402439
656557,NA,NA,92.00533523764241,99.31394023993957,NA,103.95760488121334,NA,NA,100.46449530029044,Tanner Houck,"<a href=""leaders.aspx?pos=all&stats=pit&lg=all&qual=0&type=strType&season=2025&month=0&season1=2025&ind=1&team=3&rost=0&age=0"">BOS</a>",43.2,8.038168407071435,6.158037257618267,4.734446255265152,0.07389163
656605,102.89760435310593,98.52370732771334,96.33460396733139,91.66145574459347,103.38898626298376,105.64415175984158,95.5118550414596,NA,98.84682283764468,Mitch Keller,"<a href=""leaders.aspx?pos=all&stats=pit&lg=all&qual=0&type=strType&season=2025&month=0&season1=2025&ind=1&team=27&rost=0&age=0"">PIT</a>",176.1,4.185255319209694,4.019824434462495,4.16782497032021,0.13217624
656629,99.040091010478,NA,110.497765221614,NA,NA,NA,108.93355003946226,NA,110.16198731831196,Michael Kopech,"<a href=""leaders.aspx?pos=all&stats=pit&lg=all&qual=0&type=strType&season=2025&month=0&season1=2025&ind=1&team=22&rost=0&age=0"">LAD</a>",11,2.454545880152248,4.49877291829137,5.760196212757266,-0.01886792
656638,104.74148452821468,NA,89.54940108298935,96.33940674047953,NA,NA,NA,99.42048825242082,97.8428600791613,Alex Lange,"<a href=""leaders.aspx?pos=all&stats=pit&lg=all&qual=0&type=strType&season=2025&month=0&season1=2025&ind=1&team=6&rost=0&age=0"">DET</a>",1,0,4.135136318206787,7.218614947795868,0
656641,99.79541972014707,100.77990016889144,103.3582173265917,NA,103.21281194680509,NA,NA,NA,102.3506891247283,Jacob Latz,"<a href=""leaders.aspx?pos=all&stats=pit&lg=all&qual=0&type=strType&season=2025&month=0&season1=2025&ind=1&team=13&rost=0&age=0"">TEX</a>",85.2,2.836576212316872,3.718793975062111,4.3662481558993775,0.11206897
656686,98.10905506847908,115.58830046838004,106.8813885582858,NA,100.38166519965615,NA,NA,NA,105.8337157278088,Corbin Martin,"<a href=""leaders.aspx?pos=all&stats=pit&lg=all&qual=0&type=strType&season=2025&month=0&season1=2025&ind=1&team=2&rost=0&age=0"">BAL</a>",18,6.000001271566025,5.3018034440500745,3.783349179842814,0.15730337
656730,NA,NA,114.94349489819317,NA,NA,NA,NA,126.29589703114517,119.15764417481928,Trevor Megill,"<a href=""leaders.aspx?pos=all&stats=pit&lg=all&qual=0&type=strType&season=2025&month=0&season1=2025&ind=1&team=23&rost=0&age=0"">MIL</a>",47,2.4893619041736605,2.4968383940596945,3.0775786653684936,0.22395833
656731,107.32204876109414,102.86524987446857,104.93199511049774,98.73342768161484,103.4381392329776,NA,NA,NA,103.42230995048666,Tylor Megill,"<a href=""leaders.aspx?pos=all&stats=pit&lg=all&qual=0&type=strType&season=2025&month=0&season1=2025&ind=1&team=25&rost=0&age=0"">NYM</a>",68.1,3.9512198062967294,3.42781926682136,3.730326354901573,0.18360656
656786,NA,105.73419715018304,88.08264311667646,89.43534405549808,NA,93.34886086303139,104.60451799412469,NA,100.2551703435537,NA,NA,NA,NA,NA,NA,NA
656794,94.13489770379003,95.84811546906843,91.7333328099446,100.74890789697136,NA,NA,94.95816035834518,NA,95.93969129020746,Sean Newcomb,- - -,92.1,2.7292421403560567,3.0376633846226424,3.68619288214134,0.15345269
656818,104.65637451362727,NA,99.03801647532049,95.48094917648667,99.0765495321637,103.61430110818932,92.48406513902893,NA,98.87582506763414,NA,NA,NA,NA,NA,NA,NA
656820,NA,94.20122891660007,NA,84.17022138801357,NA,106.43774837029984,94.3614938674623,NA,93.29649673531111,NA,NA,NA,NA,NA,NA,NA
656848,99.94354765171778,NA,104.82267525831416,98.45478093507926,NA,NA,109.20865701254719,NA,106.46036495880362,Michael Petersen,- - -,18,4.000000847710683,4.579581068768978,4.468566798301374,0.12658228
656849,92.22960842761438,96.3842411701655,89.9086525019808,92.3445468618398,96.59550712433544,NA,NA,NA,93.09201621666614,David Peterson,"<a href=""leaders.aspx?pos=all&stats=pit&lg=all&qual=0&type=strType&season=2025&month=0&season1=2025&ind=1&team=25&rost=0&age=0"">NYM</a>",168.2,4.215415274000524,3.484938710845368,3.7248615225123918,0.1175657
656876,105.1231688801323,98.86029383104591,104.54557561716324,96.39327732596443,NA,105.61042188232013,107.13030806889606,NA,103.33029628504491,Drew Rasmussen,"<a href=""leaders.aspx?pos=all&stats=pit&lg=all&qual=0&type=strType&season=2025&month=0&season1=2025&ind=1&team=12&rost=0&age=0"">TBR</a>",150,2.76,3.841802984873454,3.7207596786816914,0.15384615
656896,83.97674843985634,NA,NA,NA,NA,NA,NA,NA,64.06372246753051,Emmanuel Rivera,"<a href=""leaders.aspx?pos=all&stats=pit&lg=all&qual=0&type=strType&season=2025&month=0&season1=2025&ind=1&team=2&rost=0&age=0"">BAL</a>",1,72,22.135136318206786,16.84383289217949,-0.15384615
656945,92.669981581037,NA,108.65114857094021,NA,107.53851460274343,NA,NA,NA,108.11563595421157,Tanner Scott,"<a href=""leaders.aspx?pos=all&stats=pit&lg=all&qual=0&type=strType&season=2025&month=0&season1=2025&ind=1&team=22&rost=0&age=0"">LAD</a>",57,4.736842739284949,4.696540035971085,3.864747600377907,0.17647059
656986,NA,NA,95.90252591821522,89.79316246276808,107.68716559493141,NA,NA,NA,102.57863188354992,Bennett Sousa,"<a href=""leaders.aspx?pos=all&stats=pit&lg=all&qual=0&type=strType&season=2025&month=0&season1=2025&ind=1&team=21&rost=0&age=0"">HOU</a>",50.2,2.842105619795149,2.7206625819866614,3.3070873335491378,0.22110553
657006,95.30823822443946,100.65552197519135,98.3452627953639,93.03372364795358,105.73154105877552,NA,NA,NA,99.96563605167151,Justin Steele,"<a href=""leaders.aspx?pos=all&stats=pit&lg=all&qual=0&type=strType&season=2025&month=0&season1=2025&ind=1&team=17&rost=0&age=0"">CHC</a>",22.2,4.764706015999345,4.943959898354687,3.6407247547532093,0.17391304
657024,NA,NA,94.79989039913374,NA,101.62818600227348,NA,NA,NA,99.54486084344894,Erik Swanson,"<a href=""leaders.aspx?pos=all&stats=pit&lg=all&qual=0&type=strType&season=2025&month=0&season1=2025&ind=1&team=14&rost=0&age=0"">TOR</a>",5.1,15.187503620983033,10.260138016939568,9.14312733043516,-0.06666667
657044,NA,NA,93.85322756430777,101.29000210290711,108.61784843464075,NA,NA,NA,103.66595746546048,Ryan Thompson,"<a href=""leaders.aspx?pos=all&stats=pit&lg=all&qual=0&type=strType&season=2025&month=0&season1=2025&ind=1&team=15&rost=0&age=0"">ARI</a>",41.1,3.919356044448128,3.7399752139549545,3.936616402118078,0.13142857
657053,NA,98.91368631605688,NA,96.5148324776304,NA,NA,NA,NA,94.78641508208243,Touki Toussaint,"<a href=""leaders.aspx?pos=all&stats=pit&lg=all&qual=0&type=strType&season=2025&month=0&season1=2025&ind=1&team=1&rost=0&age=0"">LAA</a>",2,9,1.6351363182067873,2.4060059756040575,0.18181818
657097,100.92994906597394,NA,104.8155441919968,NA,NA,100.08479805915961,NA,NA,102.50730757240133,Jacob Webb,"<a href=""leaders.aspx?pos=all&stats=pit&lg=all&qual=0&type=strType&season=2025&month=0&season1=2025&ind=1&team=13&rost=0&age=0"">TEX</a>",66,3.0000003467907006,4.301803119736504,4.551276404718496,0.14606742
657240,89.59612058281763,NA,95.37993234815292,NA,103.73278409418472,94.96982125313623,NA,NA,99.37704936112304,Julian Merryweather,"<a href=""leaders.aspx?pos=all&stats=pit&lg=all&qual=0&type=strType&season=2025&month=0&season1=2025&ind=1&team=17&rost=0&age=0"">CHC</a>",18.2,5.785715665136394,4.688708117178597,4.6173417985588605,0.04545455
657265,103.27574799293268,101.48895144052011,97.66664779589344,90.17517222286118,NA,104.42014873066857,NA,NA,99.95826757343862,NA,NA,NA,NA,NA,NA,NA
657277,102.18072409018693,NA,88.35863638526104,96.69814663539486,NA,108.04517093808738,92.22056850990342,NA,99.96107773921898,Logan Webb,"<a href=""leaders.aspx?pos=all&stats=pit&lg=all&qual=0&type=strType&season=2025&month=0&season1=2025&ind=1&team=30&rost=0&age=0"">SFG</a>",207,3.217391304347826,2.6037353520232127,2.782126572800144,0.20794393
657376,NA,NA,101.51284428588941,94.00819804456849,106.2281719180907,106.68256864434575,104.65453928128431,111.2678209101358,105.16136427050363,Clarke Schmidt,"<a href=""leaders.aspx?pos=all&stats=pit&lg=all&qual=0&type=strType&season=2025&month=0&season1=2025&ind=1&team=9&rost=0&age=0"">NYY</a>",78.2,3.3177967174270346,3.948695666541386,4.440844040005538,0.13607595
657424,96.44656468416034,NA,91.00446905527578,90.21133388231704,103.26074513134277,99.95146788165363,NA,NA,97.85955025495619,Matt Gage,- - -,31,3.1935493695503263,2.7480394249279603,4.140578589267815,0.10948905
657510,NA,NA,79.96378878165618,NA,NA,NA,97.58570700011518,NA,89.2930396031933,NA,NA,NA,NA,NA,NA,NA
657514,85.32287165536798,102.34164945953988,NA,91.17080085465862,95.39237319995252,NA,93.84244251134889,NA,93.8693448748697,Brennan Bernardino,"<a href=""leaders.aspx?pos=all&stats=pit&lg=all&qual=0&type=strType&season=2025&month=0&season1=2025&ind=1&team=3&rost=0&age=0"">BOS</a>",51.2,3.1354847198075797,3.4061041334988005,4.586817106886555,0.07589286
657571,NA,NA,96.69119000150768,94.48065899263152,NA,NA,101.89399797562626,NA,98.5726480507628,Caleb Ferguson,- - -,65.1,3.5816336638331534,3.2575853323549286,4.063126963582366,0.10740741
657585,NA,NA,95.11151583764962,101.90460610290566,NA,109.50540062503029,103.38200355272892,NA,102.30060441702925,Reed Garrett,"<a href=""leaders.aspx?pos=all&stats=pit&lg=all&qual=0&type=strType&season=2025&month=0&season1=2025&ind=1&team=25&rost=0&age=0"">NYM</a>",55.1,3.903615354886194,3.4604375977806368,3.651014022748776,0.15966387
657612,NA,NA,95.28468827787067,103.92003601817215,83.11200542486907,NA,NA,NA,101.74142851622577,Tim Hill,"<a href=""leaders.aspx?pos=all&stats=pit&lg=all&qual=0&type=strType&season=2025&month=0&season1=2025&ind=1&team=9&rost=0&age=0"">NYY</a>",67,3.0895529424303976,4.2993156878182415,3.9206395576149933,0.07806692
657649,95.83790308261803,100.30790176672701,104.72033130825656,99.92643251799171,NA,NA,95.68060670304838,NA,98.96099732021914,Jared Koenig,"<a href=""leaders.aspx?pos=all&stats=pit&lg=all&qual=0&type=strType&season=2025&month=0&season1=2025&ind=1&team=23&rost=0&age=0"">MIL</a>",66,2.8636366946638505,3.347257554848554,3.8006174865830937,0.17910448
657746,NA,104.55213164094218,103.83260585195696,95.9610472927497,95.65182887898635,100.8761613639606,NA,NA,101.35204257615963,Joe Ryan,"<a href=""leaders.aspx?pos=all&stats=pit&lg=all&qual=0&type=strType&season=2025&month=0&season1=2025&ind=1&team=8&rost=0&age=0"">MIN</a>",171,3.4210526315789473,3.7374754994933372,3.699311480082964,0.22496372
657756,92.97128221101822,NA,95.92027170501493,NA,95.08801851800979,96.33373314375115,NA,NA,95.01322505753849,Connor Seabold,- - -,10.1,4.3548392455610765,4.199652578232829,5.477998059878718,0.08333333
660261,NA,NA,96.25431881875845,NA,NA,NA,100.60477516870947,NA,99.92110918664581,NA,NA,NA,NA,NA,NA,NA
660271,NA,101.32282482651671,106.66907415244118,95.63289086800053,110.52001394745417,112.64288081903416,100.21259252803584,NA,106.87052835215661,Shohei Ohtani,"<a href=""leaders.aspx?pos=all&stats=pit&lg=all&qual=0&type=strType&season=2025&month=0&season1=2025&ind=1&team=22&rost=0&age=0"">LAD</a>",47,2.872340425531915,1.901093765015298,2.449031025044462,0.28191489
660604,100.71825971681808,98.81202446753056,99.74490200213144,NA,104.45856895578548,NA,NA,NA,100.84908811005813,Alan Rangel,"<a href=""leaders.aspx?pos=all&stats=pit&lg=all&qual=0&type=strType&season=2025&month=0&season1=2025&ind=1&team=26&rost=0&age=0"">PHI</a>",11,2.4545454545454546,4.498772681843151,5.699642531980167,0.04347826
660730,98.91466497262458,98.3403212495966,107.5885016764241,NA,NA,99.95540748644318,99.16214711249557,NA,102.95019253662647,Elvin Rodríguez,- - -,19.2,9.152542668764234,8.47411954165259,5.6607078875710295,0.12222222
660761,100.3751230406889,96.67101811806164,102.15991435106709,96.33879377137346,102.96024092407923,NA,NA,NA,101.32381261372187,José Suarez,"<a href=""leaders.aspx?pos=all&stats=pit&lg=all&qual=0&type=strType&season=2025&month=0&season1=2025&ind=1&team=16&rost=0&age=0"">ATL</a>",19.1,1.86206899613461,3.704101844803474,4.3873553914607655,0.07407407
660787,101.8965649473536,NA,94.65581859529294,98.67631946323814,99.05492359654293,NA,NA,NA,99.08281817815605,Yerry De los Santos,"<a href=""leaders.aspx?pos=all&stats=pit&lg=all&qual=0&type=strType&season=2025&month=0&season1=2025&ind=1&team=9&rost=0&age=0"">NYY</a>",35.2,3.2803744165250146,3.4435475881364894,3.9868147581743867,0.06875
660825,NA,NA,92.0566389699607,97.44388587284716,103.09155885546528,NA,105.95271979797675,NA,98.88736181163497,Eduard Bazardo,"<a href=""leaders.aspx?pos=all&stats=pit&lg=all&qual=0&type=strType&season=2025&month=0&season1=2025&ind=1&team=11&rost=0&age=0"">SEA</a>",78.2,2.516949478013569,3.6436109602297306,3.8417836266057526,0.17571885
660853,95.49564984853367,NA,94.84165979427081,NA,98.43187375435457,NA,NA,NA,96.2151809063327,Enyel De Los Santos,- - -,66,4.363637372482155,3.816954657657124,4.260222435198089,0.13571429
660896,100.41716093304463,109.36680611305798,103.05662853997327,98.37611552496166,109.93939283090496,NA,NA,NA,104.9138839190357,Jorge Alcala,- - -,55,6.218182788565291,5.680591260894333,4.822362142758498,0.12062257
661395,NA,NA,103.1450197035857,NA,NA,114.67915198532755,NA,114.29991815791598,108.73731804709733,Jhoan Duran,- - -,70,2.057142913195553,2.349422011083486,2.5851736651158292,0.21254355
661403,NA,NA,NA,96.2558620265934,113.77260956589613,NA,116.71050015710284,NA,115.73761673310132,Emmanuel Clase,"<a href=""leaders.aspx?pos=all&stats=pit&lg=all&qual=0&type=strType&season=2025&month=0&season1=2025&ind=1&team=5&rost=0&age=0"">CLE</a>",47.1,3.232394713538233,2.712601061535123,3.596471505476475,0.17412935
661527,89.72455900895193,NA,93.54543906933158,99.41719417459066,NA,109.64394173194995,95.4722367681889,NA,99.80471836459459,Seth Martinez,"<a href=""leaders.aspx?pos=all&stats=pit&lg=all&qual=0&type=strType&season=2025&month=0&season1=2025&ind=1&team=20&rost=0&age=0"">MIA</a>",6.2,5.4000012874606345,7.185137283802263,6.291528734598736,0.03703704
661563,98.37010477521629,NA,107.86766503047401,NA,107.17744970785672,NA,NA,NA,105.52018711232398,Luis Gil,"<a href=""leaders.aspx?pos=all&stats=pit&lg=all&qual=0&type=strType&season=2025&month=0&season1=2025&ind=1&team=9&rost=0&age=0"">NYY</a>",57,3.3157894736842106,4.626364388382226,5.649858163532458,0.03278689
662253,123.02207998489921,NA,100.20921650403957,100.22914205760995,103.48548767101354,NA,NA,NA,102.27181152507349,Andrés Muñoz,"<a href=""leaders.aspx?pos=all&stats=pit&lg=all&qual=0&type=strType&season=2025&month=0&season1=2025&ind=1&team=11&rost=0&age=0"">SEA</a>",62.1,1.7326203562001183,2.4292539508659985,3.0509606676346346,0.21653543
662914,91.29061247435112,NA,NA,91.70676570011335,NA,92.09303709628279,91.68391371938016,NA,91.6286178607653,NA,NA,NA,NA,NA,NA,NA
663158,111.38897572857645,NA,107.19941430041803,101.50154148953642,NA,NA,107.71836035015687,NA,107.45468292870042,Robert Suarez,"<a href=""leaders.aspx?pos=all&stats=pit&lg=all&qual=0&type=strType&season=2025&month=0&season1=2025&ind=1&team=29&rost=0&age=0"">SDP</a>",69.2,2.9712919744935826,2.8767631030334324,3.3283921819659374,0.21933086
663302,NA,94.71781326727444,88.94059075232703,NA,100.89259953270837,NA,NA,NA,91.91754950990885,NA,NA,NA,NA,NA,NA,NA
663321,NA,NA,105.76313714966061,NA,95.51458297568148,NA,NA,NA,100.1617966019075,Nick Hernandez,"<a href=""leaders.aspx?pos=all&stats=pit&lg=all&qual=0&type=strType&season=2025&month=0&season1=2025&ind=1&team=21&rost=0&age=0"">HOU</a>",10.2,5.062500301748532,6.978886547312154,6.357935786302356,0.05769231
663362,NA,NA,84.5962647615247,87.71276144267426,NA,94.9493320222091,NA,NA,95.54604867837702,Matt Waldron,"<a href=""leaders.aspx?pos=all&stats=pit&lg=all&qual=0&type=strType&season=2025&month=0&season1=2025&ind=1&team=29&rost=0&age=0"">SDP</a>",4.2,7.714286765273879,8.492279905202537,7.028056261256074,-0.12
663372,89.74956872550288,97.9635308146757,93.57754392826786,87.02422859344348,100.28366775715457,98.76680447846924,NA,NA,94.17214094898726,Ryan Feltner,"<a href=""leaders.aspx?pos=all&stats=pit&lg=all&qual=0&type=strType&season=2025&month=0&season1=2025&ind=1&team=19&rost=0&age=0"">COL</a>",30.1,4.747252946256404,4.387883623468894,4.503354463450176,0.0962963
663399,95.05375221925983,NA,90.7543514443271,93.49963676558143,98.74804740667977,101.8355917405276,NA,NA,95.93762078495003,Brandon Waddell,"<a href=""leaders.aspx?pos=all&stats=pit&lg=all&qual=0&type=strType&season=2025&month=0&season1=2025&ind=1&team=25&rost=0&age=0"">NYM</a>",31.1,3.4468088603333067,4.53939177982406,4.946404094139847,0.08208955
663423,94.5537708649702,101.31314818359365,103.7619722531244,89.95883283155366,102.9626846883753,100.67716212164734,103.5825096973635,NA,101.8528387540801,Trent Thornton,"<a href=""leaders.aspx?pos=all&stats=pit&lg=all&qual=0&type=strType&season=2025&month=0&season1=2025&ind=1&team=11&rost=0&age=0"">SEA</a>",42.1,4.677165916282584,4.741435723798785,4.7562870260836485,0.1
663432,85.71783261270402,NA,105.26922202066216,NA,103.63563682998665,NA,NA,NA,104.44364080137703,Tanner Rainey,- - -,9.2,11.172416732371556,3.962722742826902,4.600684006440442,0.04255319
663436,106.04584091169727,98.61816152744609,96.60029771205939,94.9464210766332,104.14762228770094,NA,100.41175594220601,NA,99.96964685350214,Davis Martin,"<a href=""leaders.aspx?pos=all&stats=pit&lg=all&qual=0&type=strType&season=2025&month=0&season1=2025&ind=1&team=4&rost=0&age=0"">CHW</a>",142.2,4.100467582094252,4.635136425160924,4.574179703371856,0.09317804
663455,101.8363568601992,96.6899319439386,95.7762881884918,NA,101.15325880360105,NA,NA,NA,98.05429682770266,Konnor Pilkington,"<a href=""leaders.aspx?pos=all&stats=pit&lg=all&qual=0&type=strType&season=2025&month=0&season1=2025&ind=1&team=24&rost=0&age=0"">WSN</a>",28.1,4.447059621844056,5.958666236837933,4.651402802792872,0.13821138
663460,104.50580999948035,NA,102.55675958507987,91.85669783387705,102.46407129288912,103.1782146120842,NA,NA,102.36418430782663,Kris Bubic,"<a href=""leaders.aspx?pos=all&stats=pit&lg=all&qual=0&type=strType&season=2025&month=0&season1=2025&ind=1&team=7&rost=0&age=0"">KCR</a>",116.1,2.5530087076098034,2.894448628600476,3.6287555435268315,0.16176471
663462,NA,108.64541460191919,98.66232509286988,96.53021058317981,108.56344081066497,109.9196151551529,NA,NA,105.7733475446181,Isaiah Campbell,"<a href=""leaders.aspx?pos=all&stats=pit&lg=all&qual=0&type=strType&season=2025&month=0&season1=2025&ind=1&team=3&rost=0&age=0"">BOS</a>",7.2,7.043478844972598,4.830788632737227,4.140618563412148,0.05714286
663465,90.4553834054233,92.28048054030106,89.30264310268649,85.51146064642265,NA,NA,93.82052404069944,NA,90.46776588317111,Kolby Allard,"<a href=""leaders.aspx?pos=all&stats=pit&lg=all&qual=0&type=strType&season=2025&month=0&season1=2025&ind=1&team=5&rost=0&age=0"">CLE</a>",65,2.6307695009581713,3.535136359288147,4.669852450158236,0.10526316
663474,NA,94.44643784629618,107.25154840466118,NA,97.92902207462052,NA,NA,NA,105.34536808847037,Triston McKenzie,"<a href=""leaders.aspx?pos=all&stats=pit&lg=all&qual=0&type=strType&season=2025&month=0&season1=2025&ind=1&team=5&rost=0&age=0"">CLE</a>",5.2,11.117648306190077,7.723372127110628,7.60582761716184,-0.1
663485,NA,101.36527225256697,96.18807802224059,94.64547865924469,NA,NA,98.86335430377041,NA,99.30437894028039,Cole Sands,"<a href=""leaders.aspx?pos=all&stats=pit&lg=all&qual=0&type=strType&season=2025&month=0&season1=2025&ind=1&team=8&rost=0&age=0"">MIN</a>",72,4.500000476837209,3.5795808097462647,4.050148699864401,0.15050167
663542,90.45070100738468,NA,99.46681659939858,98.95728695641475,NA,103.35096463339005,94.3397580339239,NA,99.94927761101125,Bryan Hudson,- - -,15,4.8000009155275185,5.335136737823566,5.143542682741108,0.08
663546,NA,NA,NA,92.62686744829564,NA,NA,88.21038861689489,98.18237163237112,94.0048518960871,Sean Hjelle,"<a href=""leaders.aspx?pos=all&stats=pit&lg=all&qual=0&type=strType&season=2025&month=0&season1=2025&ind=1&team=30&rost=0&age=0"">SFG</a>",15,7.800000991821415,5.201803247663744,5.010209204762508,0.02739726
663554,NA,NA,98.94011574217123,92.971176555696,98.54866226399554,102.42199392311626,NA,NA,98.4744973568107,Casey Mize,"<a href=""leaders.aspx?pos=all&stats=pit&lg=all&qual=0&type=strType&season=2025&month=0&season1=2025&ind=1&team=6&rost=0&age=0"">DET</a>",149,3.865771812080537,3.8868141705557804,3.9688394942939684,0.16427432
663558,104.26254017113448,103.99914003336038,102.98887007155054,NA,103.35578830057295,NA,101.42663448326446,NA,103.25453964150694,Jovani Morán,"<a href=""leaders.aspx?pos=all&stats=pit&lg=all&qual=0&type=strType&season=2025&month=0&season1=2025&ind=1&team=3&rost=0&age=0"">BOS</a>",4,6.75,2.8851363182067873,4.426875633001328,0.1
663559,NA,93.7431207186263,96.28888614492595,92.1325420385198,95.62838497905568,NA,NA,NA,95.21325639061043,Bailey Falter,- - -,125.1,4.452127840250212,4.938327880745403,5.034169944891367,0.06756757
663562,NA,95.50670063972716,88.79992764247174,97.600595700634,NA,102.67498438776904,97.1646449201777,NA,98.39109489873675,Noah Davis,- - -,11,18.000001560558108,12.226046197276538,5.635215787460975,0.13846154
663568,102.29970762737985,95.45462754490987,89.90436948038779,96.88438351377411,99.8115940078185,98.81881183088761,90.97938219520752,NA,95.50588104411855,Stephen Kolek,- - -,112.2,3.5147929787448,3.818568286296054,4.16219850820267,0.09978308
663574,86.95629316732565,NA,98.27458037730916,NA,103.1199112909361,NA,NA,NA,100.20387690090728,Tony Santillan,"<a href=""leaders.aspx?pos=all&stats=pit&lg=all&qual=0&type=strType&season=2025&month=0&season1=2025&ind=1&team=18&rost=0&age=0"">CIN</a>",73.2,2.4434392514382273,3.718846806050364,4.05319683334595,0.15282392
663623,95.75590634715628,96.26023188061191,96.23888828779448,98.04152194496724,98.71739280183598,NA,97.87618609388596,NA,96.77987616669733,Jake Irvin,"<a href=""leaders.aspx?pos=all&stats=pit&lg=all&qual=0&type=strType&season=2025&month=0&season1=2025&ind=1&team=24&rost=0&age=0"">WSN</a>",180,5.7,5.635136318206787,4.817866017255518,0.07878018
663671,99.88105053071192,97.73896895518008,104.4493958171039,NA,101.97540909246197,NA,NA,NA,103.3887822476632,Nic Enright,"<a href=""leaders.aspx?pos=all&stats=pit&lg=all&qual=0&type=strType&season=2025&month=0&season1=2025&ind=1&team=5&rost=0&age=0"">CLE</a>",31,2.032258439634712,3.8125557980850244,4.394631861893539,0.14173228
663687,104.79114951171454,100.93940250079818,97.93791925801483,NA,104.32420561984786,95.39843521470257,88.96933309105358,NA,99.22255689194797,Hogan Harris,"<a href=""leaders.aspx?pos=all&stats=pit&lg=all&qual=0&type=strType&season=2025&month=0&season1=2025&ind=1&team=10&rost=0&age=0"">ATH</a>",64.2,3.201031431380035,3.7073013566660205,4.371039894617289,0.11552347
663738,102.18118682266332,NA,92.13413162869699,96.0056909247214,101.60573845784248,NA,NA,99.5292672957424,98.26853606319054,Daniel Lynch IV,"<a href=""leaders.aspx?pos=all&stats=pit&lg=all&qual=0&type=strType&season=2025&month=0&season1=2025&ind=1&team=7&rost=0&age=0"">KCR</a>",67.2,3.059113932835119,4.7607524177810046,4.818709356395898,0.06574395
663765,93.3330682372315,NA,88.47877253271446,94.2416027382443,NA,98.5791533272511,92.29670305419954,NA,93.82807336045408,Jake Woodford,"<a href=""leaders.aspx?pos=all&stats=pit&lg=all&qual=0&type=strType&season=2025&month=0&season1=2025&ind=1&team=15&rost=0&age=0"">ARI</a>",36.1,6.440367874057017,4.263576843148401,4.929943319182108,0.05882353
663767,87.90838635648284,NA,85.6220559427123,89.47494101622759,NA,100.25231681439935,103.03382540724259,NA,95.11604079272004,Chase Shugart,"<a href=""leaders.aspx?pos=all&stats=pit&lg=all&qual=0&type=strType&season=2025&month=0&season1=2025&ind=1&team=27&rost=0&age=0"">PIT</a>",45,3.40000057644324,4.690692137494544,5.081533037475454,0.07734807
663773,NA,NA,90.74773540300708,95.54169241004656,93.81225158579258,NA,NA,NA,94.23858288452321,Bryan Hoeing,"<a href=""leaders.aspx?pos=all&stats=pit&lg=all&qual=0&type=strType&season=2025&month=0&season1=2025&ind=1&team=29&rost=0&age=0"">SDP</a>",8,3.3750012069944884,3.0101362735032877,4.744593622937431,0.05555556
663795,95.2707954178029,NA,NA,94.17726927543299,95.366660972993,NA,100.99219391471068,NA,96.88352237191292,Justin Hagenman,"<a href=""leaders.aspx?pos=all&stats=pit&lg=all&qual=0&type=strType&season=2025&month=0&season1=2025&ind=1&team=25&rost=0&age=0"">NYM</a>",23.2,4.563380588167526,3.768939177674499,3.5260735040609057,0.21212121
663804,109.793881471813,NA,98.11743814257927,104.49780573129789,107.59332647941149,NA,NA,NA,102.06052172004026,Jackson Kowar,"<a href=""leaders.aspx?pos=all&stats=pit&lg=all&qual=0&type=strType&season=2025&month=0&season1=2025&ind=1&team=11&rost=0&age=0"">SEA</a>",17,4.235294592834315,5.841018974739821,5.230840170953286,0.11267606
663855,NA,NA,90.29796970405661,99.33220280939601,99.72140128110107,101.45929186915036,NA,NA,99.30154722631241,Jordan Hicks,- - -,67.1,6.950495672978589,4.352958209626113,4.385192534834173,0.08280255
663878,NA,105.52164788317123,103.08873038195954,93.52213699569157,107.6092663337867,NA,NA,NA,104.7948084684654,Nate Pearson,"<a href=""leaders.aspx?pos=all&stats=pit&lg=all&qual=0&type=strType&season=2025&month=0&season1=2025&ind=1&team=17&rost=0&age=0"">CHC</a>",14.2,9.204545853551771,6.203318269390711,7.268792963267745,-0.04
663893,NA,NA,86.43963294853825,97.24229996262463,NA,NA,93.09696635529633,102.54263055814309,98.8881744477422,Brendon Little,"<a href=""leaders.aspx?pos=all&stats=pit&lg=all&qual=0&type=strType&season=2025&month=0&season1=2025&ind=1&team=14&rost=0&age=0"">TOR</a>",68.1,3.029269194594725,2.9156240577289085,3.3699318219773935,0.1559322
663903,NA,NA,93.45068820846802,97.50089802205939,95.60944689472753,97.39702826029857,94.24069067678313,NA,96.20540008498466,Brady Singer,"<a href=""leaders.aspx?pos=all&stats=pit&lg=all&qual=0&type=strType&season=2025&month=0&season1=2025&ind=1&team=18&rost=0&age=0"">CIN</a>",169.2,4.031434426384313,3.9779654453602333,4.248675499769473,0.14385475
663941,NA,99.36189316514191,94.99995928469514,NA,100.81094667766551,109.62473494106979,NA,NA,100.9916168485382,Tristan Beck,"<a href=""leaders.aspx?pos=all&stats=pit&lg=all&qual=0&type=strType&season=2025&month=0&season1=2025&ind=1&team=30&rost=0&age=0"">SFG</a>",56.2,4.605882559647619,4.246901073983799,4.491105909755689,0.10775862
663947,92.2561235560746,109.74821734549698,96.89161427356508,95.36449327720489,NA,104.10721581499612,100.57745186301959,NA,98.66728313967747,Tyler Holton,"<a href=""leaders.aspx?pos=all&stats=pit&lg=all&qual=0&type=strType&season=2025&month=0&season1=2025&ind=1&team=6&rost=0&age=0"">DET</a>",78.2,3.661017600094967,4.635136584912364,3.5674062764033554,0.15064103
663969,NA,103.69964351697202,88.2396678974092,97.3659705275351,NA,104.08044162708246,NA,NA,99.12914419241416,Tyler Phillips,"<a href=""leaders.aspx?pos=all&stats=pit&lg=all&qual=0&type=strType&season=2025&month=0&season1=2025&ind=1&team=20&rost=0&age=0"">MIA</a>",77.2,2.7811161757907974,4.139428270575687,4.189922937352062,0.08945687
663978,101.44283624338053,93.7087612676602,96.80618082754975,90.48292113123433,98.68155717479078,NA,92.80269420433423,NA,97.05062357464725,Chris Paddack,- - -,158,5.354430444384592,5.027541404342713,4.691939023445561,0.1119403
663989,NA,99.90332611371585,NA,77.63754900551787,100.59752202602814,NA,92.90367276660004,NA,94.53687001724467,NA,NA,NA,NA,NA,NA,NA
663992,NA,NA,96.54342571997368,97.51023753010695,97.9152942819443,100.3399100841341,NA,NA,98.36433627432382,Richard Lovelady,- - -,11.2,8.485716135453607,6.992280016140246,4.970913273912584,0.10526316
664062,NA,102.93614641959647,89.41210988372808,NA,101.71040868182772,NA,NA,NA,98.33155753519749,Tony Gonsolin,"<a href=""leaders.aspx?pos=all&stats=pit&lg=all&qual=0&type=strType&season=2025&month=0&season1=2025&ind=1&team=22&rost=0&age=0"">LAD</a>",36,5,6.024025207095676,4.572721074355973,0.12738854
664076,NA,NA,100.22668137900837,99.68300081257246,107.9120346235669,105.60746436811044,104.47015239590473,NA,103.60046546898178,Garrett Cleavinger,"<a href=""leaders.aspx?pos=all&stats=pit&lg=all&qual=0&type=strType&season=2025&month=0&season1=2025&ind=1&team=12&rost=0&age=0"">TBR</a>",61.1,2.347826573709109,3.5916581519835584,2.8906279051804726,0.26337449
664123,97.89232270929196,NA,91.94810233304517,99.74559186965729,NA,96.20314338028007,NA,NA,98.00360059059233,Scott Effross,"<a href=""leaders.aspx?pos=all&stats=pit&lg=all&qual=0&type=strType&season=2025&month=0&season1=2025&ind=1&team=9&rost=0&age=0"">NYY</a>",10.2,8.43750050291422,4.072636374086145,4.443805064591393,0.05882353
664126,95.18537835366763,NA,108.23586443754746,NA,118.71557957514524,NA,115.9724967542092,NA,111.97490521002716,Pete Fairbanks,"<a href=""leaders.aspx?pos=all&stats=pit&lg=all&qual=0&type=strType&season=2025&month=0&season1=2025&ind=1&team=12&rost=0&age=0"">TBR</a>",60.1,2.8342543825817113,3.632373929186035,3.7595228263169185,0.16803279
664129,NA,NA,101.4472252524462,98.1632795289227,100.9663402676731,NA,NA,NA,100.75992942372592,Geoff Hartlieb,- - -,3.1,21.60000205993672,13.335137290954684,8.310267578375937,-0.04166667
664139,98.84661069170153,NA,95.54743938689543,NA,102.77554651038245,108.66307720571314,97.24556884605458,NA,99.08309767045864,Ian Gibaut,"<a href=""leaders.aspx?pos=all&stats=pit&lg=all&qual=0&type=strType&season=2025&month=0&season1=2025&ind=1&team=18&rost=0&age=0"">CIN</a>",25.1,4.6184219798885104,4.437768158688162,5.3326198880263025,0.06422018
664141,93.27810820999379,100.53830325043059,NA,92.80702768035033,104.65003625879521,NA,NA,NA,96.49451415248042,JT Brubaker,- - -,28.2,3.767442069355392,2.960717703884778,4.46660269950525,0.08547009
664192,NA,96.7044858678694,91.43335840459494,92.84848109683875,NA,NA,NA,NA,93.45579206402425,Joey Lucchesi,"<a href=""leaders.aspx?pos=all&stats=pit&lg=all&qual=0&type=strType&season=2025&month=0&season1=2025&ind=1&team=30&rost=0&age=0"">SFG</a>",38.1,3.756522237565047,3.9699190376656865,4.061291623683473,0.11515152
664199,109.07999904431662,NA,95.3828054075659,92.9854437349772,105.63639990277561,96.81955829728184,NA,NA,101.73367477374406,Taylor Clarke,"<a href=""leaders.aspx?pos=all&stats=pit&lg=all&qual=0&type=strType&season=2025&month=0&season1=2025&ind=1&team=7&rost=0&age=0"">KCR</a>",55.1,3.2530123472110195,3.9664616958273813,3.675120842721103,0.16990291
664208,NA,105.68020868326398,NA,93.49125306494862,NA,107.53144328396105,106.41102799600921,NA,104.70538289594693,Phil Maton,- - -,61.1,2.7880439695767474,2.5970927451305728,3.0421165822955785,0.23387097
664285,96.60703408263163,109.59496743025261,86.24548352724412,96.63715531871814,102.8916648329936,NA,NA,NA,100.89102355008394,Framber Valdez,"<a href=""leaders.aspx?pos=all&stats=pit&lg=all&qual=0&type=strType&season=2025&month=0&season1=2025&ind=1&team=21&rost=0&age=0"">HOU</a>",192,3.65625,3.374719651540121,3.3387415078158185,0.14837905
664294,90.94936433115534,NA,97.68823704763786,NA,101.2794817922919,NA,NA,NA,99.65213891714035,Dauri Moreta,"<a href=""leaders.aspx?pos=all&stats=pit&lg=all&qual=0&type=strType&season=2025&month=0&season1=2025&ind=1&team=27&rost=0&age=0"">PIT</a>",16.2,3.2400008651735708,3.6751364624023823,3.8727193340284773,0.17647059
664299,94.7545143020712,NA,101.86973388913543,92.2839182805452,NA,100.30925753508019,NA,97.03408558310942,98.74983160504705,Cristian Javier,"<a href=""leaders.aspx?pos=all&stats=pit&lg=all&qual=0&type=strType&season=2025&month=0&season1=2025&ind=1&team=21&rost=0&age=0"">HOU</a>",37,4.621621621621622,3.648649831720301,4.96970769505243,0.12101911
664351,90.65771941835486,NA,110.32603770844038,91.71635075755677,97.61607029178296,98.62314023006765,NA,NA,103.38524576094116,Luis Contreras,"<a href=""leaders.aspx?pos=all&stats=pit&lg=all&qual=0&type=strType&season=2025&month=0&season1=2025&ind=1&team=21&rost=0&age=0"">HOU</a>",12,6.750000536441846,5.135136477152519,5.409557080719532,0.09259259
664353,101.07417003730228,98.77940365968355,102.32733484722553,NA,NA,NA,98.73287345151132,NA,100.6285560330987,José Urquidy,"<a href=""leaders.aspx?pos=all&stats=pit&lg=all&qual=0&type=strType&season=2025&month=0&season1=2025&ind=1&team=6&rost=0&age=0"">DET</a>",2.1,7.714286765273879,4.420850779085767,6.403087311022757,0
664744,NA,NA,94.16500251904897,NA,102.30299004737323,NA,NA,NA,96.03025591163187,Jose Espada,"<a href=""leaders.aspx?pos=all&stats=pit&lg=all&qual=0&type=strType&season=2025&month=0&season1=2025&ind=1&team=2&rost=0&age=0"">BAL</a>",3,0,0.4684696515401212,2.0102089663346616,0.44444444
664747,NA,NA,113.7287934948307,NA,107.53166926139811,NA,NA,NA,111.28485717742066,Alexis Díaz,- - -,17.2,8.150945009562566,8.512495873126536,6.279107668983439,0.05882353
664849,NA,NA,NA,100.75264294281126,NA,106.8762648481426,95.2015319707821,NA,103.17145562814265,Danny Young,"<a href=""leaders.aspx?pos=all&stats=pit&lg=all&qual=0&type=strType&season=2025&month=0&season1=2025&ind=1&team=25&rost=0&age=0"">NYM</a>",8.1,4.320001153564761,1.455135869598269,1.6401446367762846,0.27027027
664854,NA,106.88246107744922,116.58507500745237,NA,117.05818839710031,NA,104.45794511494881,NA,116.05745006517428,Ryan Helsley,- - -,56,4.500000306538194,4.135136386326386,3.7922017614247423,0.15079365
664875,NA,NA,93.46856234718454,94.07098954362742,NA,106.18023270616533,NA,NA,99.90090658323798,Justin Lawrence,"<a href=""leaders.aspx?pos=all&stats=pit&lg=all&qual=0&type=strType&season=2025&month=0&season1=2025&ind=1&team=27&rost=0&age=0"">PIT</a>",17.2,0.5094340355976084,2.2294758104777057,3.538499945436496,0.21739131
664948,87.05950553728985,110.22001512191474,87.76066939386968,NA,NA,NA,98.91747201470942,NA,98.06065729279238,Anthony Misiewicz,"<a href=""leaders.aspx?pos=all&stats=pit&lg=all&qual=0&type=strType&season=2025&month=0&season1=2025&ind=1&team=8&rost=0&age=0"">MIN</a>",4.2,9.64285845659235,9.135137135642026,6.206689847749101,0.04347826
664991,NA,105.67946817840918,92.41759057787395,98.66471862278148,107.25295265042318,105.77385154678984,NA,NA,101.25983118091371,Grant Wolfram,"<a href=""leaders.aspx?pos=all&stats=pit&lg=all&qual=0&type=strType&season=2025&month=0&season1=2025&ind=1&team=2&rost=0&age=0"">BAL</a>",26.2,5.40000090122238,3.585136393308652,4.286778015246794,0.12030075
665152,NA,97.90743412194286,96.25949214243258,92.52791130671758,101.54827201835067,NA,103.84481649603458,NA,97.28728365224802,Dean Kremer,"<a href=""leaders.aspx?pos=all&stats=pit&lg=all&qual=0&type=strType&season=2025&month=0&season1=2025&ind=1&team=2&rost=0&age=0"">BAL</a>",171.2,4.194174889316324,3.968146053168224,4.242023879240255,0.13700565
665625,79.80221211407095,NA,NA,98.0271138764546,104.21312013109066,NA,NA,NA,101.02807204537676,Elvis Peguero,- - -,9.1,6.750001630879268,5.063708212743721,5.487901079098669,0.04255319
665645,NA,97.35989178754068,103.16149336373161,NA,NA,104.4918542038669,106.27037819302248,NA,104.59625338835968,NA,NA,NA,NA,NA,NA,NA
665660,103.74348913483493,NA,105.4872205180865,100.92481454936934,103.28179922559764,NA,NA,NA,103.99001558825294,Elvis Alvarado,"<a href=""leaders.aspx?pos=all&stats=pit&lg=all&qual=0&type=strType&season=2025&month=0&season1=2025&ind=1&team=10&rost=0&age=0"">ATH</a>",42.1,3.1889767611017614,4.316238822318551,4.0761568214486195,0.15300546
665665,101.0525490807495,NA,92.42571303274372,98.4767449412382,98.11402430361164,NA,NA,NA,96.89287872970732,Reiver Sanmartin,"<a href=""leaders.aspx?pos=all&stats=pit&lg=all&qual=0&type=strType&season=2025&month=0&season1=2025&ind=1&team=18&rost=0&age=0"">CIN</a>",1.2,0,2.535136089324864,4.385223972830832,0.125
665795,100.58548317588233,106.68387522334471,97.44436371458045,101.84161072179141,106.66558249876454,NA,NA,NA,102.90522639976398,Edward Cabrera,"<a href=""leaders.aspx?pos=all&stats=pit&lg=all&qual=0&type=strType&season=2025&month=0&season1=2025&ind=1&team=20&rost=0&age=0"">MIA</a>",137.2,3.5302666046856825,3.8252090084231245,3.619766482462699,0.17555938
665871,93.49533198862915,93.33184946128095,91.74938641232457,87.98663069231914,98.71270178583525,98.66106558295388,93.05326657248129,NA,91.60508573455799,Javier Assad,"<a href=""leaders.aspx?pos=all&stats=pit&lg=all&qual=0&type=strType&season=2025&month=0&season1=2025&ind=1&team=17&rost=0&age=0"">CHC</a>",37,3.648648930780225,4.2432445119993005,4.689261177098418,0.07189543
666120,84.34915833567199,95.4716225718687,86.30173317311743,NA,NA,NA,NA,NA,86.89968607264319,Ian Anderson,"<a href=""leaders.aspx?pos=all&stats=pit&lg=all&qual=0&type=strType&season=2025&month=0&season1=2025&ind=1&team=1&rost=0&age=0"">LAA</a>",9.1,11.571428965549092,6.456565002762545,5.818273312343427,0.01960784
666121,NA,NA,62.162075523930305,NA,76.20202135347935,NA,80.34531794724265,NA,73.36827450440651,NA,NA,NA,NA,NA,NA,NA
666142,107.98832805433506,NA,106.62959798570195,NA,109.50793694028528,NA,101.96751232979283,103.21910792958627,106.67412707636905,Cole Ragans,"<a href=""leaders.aspx?pos=all&stats=pit&lg=all&qual=0&type=strType&season=2025&month=0&season1=2025&ind=1&team=7&rost=0&age=0"">KCR</a>",61.2,4.670270462872086,2.502703859692859,2.4520953323617993,0.30350195
666151,NA,NA,86.50728946952256,90.32159735031497,104.19935198573054,NA,97.81439206023313,NA,98.48247692254323,NA,NA,NA,NA,NA,NA,NA
666157,92.33618893072126,96.56343109307703,97.24752646814858,94.72835300091899,NA,NA,NA,NA,95.47022586453903,Nick Lodolo,"<a href=""leaders.aspx?pos=all&stats=pit&lg=all&qual=0&type=strType&season=2025&month=0&season1=2025&ind=1&team=18&rost=0&age=0"">CIN</a>",156.2,3.331915109961659,3.811732106819691,3.6591513533916493,0.19470405
666168,94.45403109744544,100.77031861992877,97.86380773142342,96.6673277778436,99.01525668904135,NA,NA,NA,97.83033315826114,Mason Thompson,"<a href=""leaders.aspx?pos=all&stats=pit&lg=all&qual=0&type=strType&season=2025&month=0&season1=2025&ind=1&team=24&rost=0&age=0"">WSN</a>",10.2,11.812502816320137,5.6663869217039595,6.326631869024467,-0.01666667
666171,NA,NA,101.20279967798838,98.15893942019066,108.72948659248782,111.75553427314942,105.55601064166736,NA,106.20624908349893,Ryan Zeferjahn,"<a href=""leaders.aspx?pos=all&stats=pit&lg=all&qual=0&type=strType&season=2025&month=0&season1=2025&ind=1&team=1&rost=0&age=0"">LAA</a>",57,4.736842739284949,5.363206791870448,4.303344150311698,0.14785992
666200,98.00777400467953,NA,97.88535382379332,100.21688225542857,105.329048984878,104.85797162380159,NA,NA,100.85439393390631,Jesús Luzardo,"<a href=""leaders.aspx?pos=all&stats=pit&lg=all&qual=0&type=strType&season=2025&month=0&season1=2025&ind=1&team=26&rost=0&age=0"">PHI</a>",183.2,3.9201454076830196,2.8955718766261582,3.2488633229737087,0.20976253
666214,98.53772742304086,102.07728223450532,96.57980763044064,NA,104.50596892541051,NA,100.56343346341201,NA,99.87929133954745,Joey Wentz,- - -,98,5.602041415997482,4.063707846177225,4.5081003130343875,0.11085973
666215,105.57923101807748,105.49845294253846,101.22690372000652,98.12103810448443,NA,NA,110.20698168307064,NA,104.23463795145135,Forrest Whitley,- - -,12,13.500002145767553,6.635136874516894,6.08318058767625,0.06060606
666277,109.68560115795025,NA,96.48286523346738,99.27296873082494,105.46565703985554,NA,NA,NA,103.84564414486799,George Soriano,"<a href=""leaders.aspx?pos=all&stats=pit&lg=all&qual=0&type=strType&season=2025&month=0&season1=2025&ind=1&team=20&rost=0&age=0"">MIA</a>",36.2,8.345455124279724,6.435136547088639,4.361342112830737,0.0982659
666374,106.02429348792512,NA,93.90279994888635,99.47825259892291,112.87492504091207,NA,NA,112.15686472790951,108.35568304115442,Matt Brash,"<a href=""leaders.aspx?pos=all&stats=pit&lg=all&qual=0&type=strType&season=2025&month=0&season1=2025&ind=1&team=11&rost=0&age=0"">SEA</a>",47.1,2.4718314507395824,3.050629260061844,3.026912299015001,0.20100503
666619,89.43506573211529,NA,NA,93.3846671192315,107.13720888841347,NA,NA,NA,101.63847998780092,Gregory Santos,"<a href=""leaders.aspx?pos=all&stats=pit&lg=all&qual=0&type=strType&season=2025&month=0&season1=2025&ind=1&team=11&rost=0&age=0"">SEA</a>",7,5.14285784351592,6.563708213884068,7.885199235175394,-0.22222222
666659,93.00427039010167,NA,87.82520322789897,92.8465246199459,94.3070999955013,NA,NA,NA,92.00657973281061,Sauryn Lao,- - -,11,4.9090921859114,4.680591265623339,4.139010314973657,0.14285714
666661,101.34703146736919,NA,104.61537334141059,97.70977838999477,113.56666979408914,NA,NA,NA,105.02968138363323,Juan Morillo,"<a href=""leaders.aspx?pos=all&stats=pit&lg=all&qual=0&type=strType&season=2025&month=0&season1=2025&ind=1&team=15&rost=0&age=0"">ARI</a>",34.1,4.19417584462697,3.630282077641916,4.130341454299851,0.10526316
666711,NA,NA,89.06481590353025,101.91277857738963,123.20474778923105,NA,NA,NA,104.3921730278521,Joel Peguero,"<a href=""leaders.aspx?pos=all&stats=pit&lg=all&qual=0&type=strType&season=2025&month=0&season1=2025&ind=1&team=30&rost=0&age=0"">SFG</a>",22.1,2.4179109984237894,3.851554391813836,4.275136767697081,0.10465116
666785,103.31050000162953,101.91803859458533,96.57141037788976,96.19709689068804,NA,NA,NA,NA,98.9547988182794,NA,NA,NA,NA,NA,NA,NA
666808,NA,NA,NA,90.43382686815383,111.5840322589708,NA,101.84368727220247,NA,105.12054469754837,Camilo Doval,- - -,65.1,3.581633036457406,3.4718710481301334,3.737864992405837,0.13309353
666974,94.6519680879113,NA,90.90353850152403,102.49487564886216,107.63759834977095,NA,87.75478405964243,NA,100.89012317448545,Yennier Cano,"<a href=""leaders.aspx?pos=all&stats=pit&lg=all&qual=0&type=strType&season=2025&month=0&season1=2025&ind=1&team=2&rost=0&age=0"">BAL</a>",58,5.12069066554576,4.273067577216956,3.900279041001923,0.11553785
667280,NA,NA,93.445521545286,NA,96.45171038327237,NA,NA,NA,95.18594666201496,NA,NA,NA,NA,NA,NA,NA
667297,NA,115.29220024067902,NA,97.47075835850957,105.11731016400363,NA,NA,NA,105.81109567203184,Tommy Nance,"<a href=""leaders.aspx?pos=all&stats=pit&lg=all&qual=0&type=strType&season=2025&month=0&season1=2025&ind=1&team=14&rost=0&age=0"">TOR</a>",31.2,1.9894740836442815,1.8719781698612117,2.845708458914936,0.1984127
667434,NA,96.94742233485024,NA,79.43950771087896,NA,NA,97.0177231252702,NA,91.97528992389556,NA,NA,NA,NA,NA,NA,NA
667463,91.8894994955526,103.37344845084338,90.23982389952657,94.62990786137114,104.5746143710445,NA,NA,NA,95.7897263971033,John King,"<a href=""leaders.aspx?pos=all&stats=pit&lg=all&qual=0&type=strType&season=2025&month=0&season1=2025&ind=1&team=28&rost=0&age=0"">STL</a>",48.1,4.655173638488148,4.9972057736020465,4.057607470455473,0.06306306
667755,104.76957270303019,NA,94.62956425181174,94.91149184864261,104.3942652439465,NA,NA,109.15111679637528,99.29765311944986,José Soriano,"<a href=""leaders.aspx?pos=all&stats=pit&lg=all&qual=0&type=strType&season=2025&month=0&season1=2025&ind=1&team=1&rost=0&age=0"">LAA</a>",169,4.260355029585799,3.7327694543014625,3.539509958346215,0.10220995
668390,NA,109.53215519142906,104.10956573941058,96.11517193791127,109.06674004436962,NA,98.76219025427083,NA,102.05976526296537,Cole Winn,"<a href=""leaders.aspx?pos=all&stats=pit&lg=all&qual=0&type=strType&season=2025&month=0&season1=2025&ind=1&team=13&rost=0&age=0"">TEX</a>",41.2,1.5120002307129259,3.9031364353943054,4.373202762213356,0.11111111
668674,102.61975403091249,NA,95.77948842982013,98.82413416393503,102.83311425852979,NA,NA,NA,99.55998414296877,Lucas Erceg,"<a href=""leaders.aspx?pos=all&stats=pit&lg=all&qual=0&type=strType&season=2025&month=0&season1=2025&ind=1&team=7&rost=0&age=0"">KCR</a>",61.1,2.641304731143726,3.493832022436182,3.9531328125046743,0.12048193
668678,97.80647402286213,NA,101.82145193540906,88.83147019240596,101.97114177646374,NA,97.56768410956076,99.98435419155133,100.16644214885167,Zac Gallen,"<a href=""leaders.aspx?pos=all&stats=pit&lg=all&qual=0&type=strType&season=2025&month=0&season1=2025&ind=1&team=15&rost=0&age=0"">ARI</a>",192,4.828125,4.504927984873454,4.1163367038903145,0.13407134
668716,85.16856776192081,NA,85.45885359944612,93.90413799161296,NA,103.65113019761998,97.0719840123555,NA,96.17954690615032,Noah Murdock,"<a href=""leaders.aspx?pos=all&stats=pit&lg=all&qual=0&type=strType&season=2025&month=0&season1=2025&ind=1&team=10&rost=0&age=0"">ATH</a>",17,13.235297087567742,4.54690134088068,6.270022138191296,0.01020408
668820,NA,97.16661016351779,103.42208786317373,95.48290231740201,97.64901927639276,101.62340245193515,NA,NA,100.10036419634218,Max Kranick,"<a href=""leaders.aspx?pos=all&stats=pit&lg=all&qual=0&type=strType&season=2025&month=0&season1=2025&ind=1&team=25&rost=0&age=0"">NYM</a>",37,3.648649400999616,3.945947296206702,4.355959390732652,0.13513514
668831,84.74463307737136,94.46749647740816,86.95231687848306,87.72694146658942,98.8809288113917,NA,93.93102578950106,NA,90.5555108325559,NA,NA,NA,NA,NA,NA,NA
668834,93.07137524941314,97.5827227077999,97.97484330719891,97.02671527748386,NA,102.63382525503734,94.88250860156651,NA,97.1979875621439,Easton McGee,"<a href=""leaders.aspx?pos=all&stats=pit&lg=all&qual=0&type=strType&season=2025&month=0&season1=2025&ind=1&team=23&rost=0&age=0"">MIL</a>",14.2,5.522727512131063,3.2714999604816284,3.961915198722921,0.12903226
668881,NA,105.71002717143827,109.99229720060657,NA,114.5007539917142,NA,NA,NA,111.60472917492635,Hunter Greene,"<a href=""leaders.aspx?pos=all&stats=pit&lg=all&qual=0&type=strType&season=2025&month=0&season1=2025&ind=1&team=18&rost=0&age=0"">CIN</a>",107.2,2.7585139970457946,3.274455206946474,3.2675742810636224,0.25238095
668909,102.78996230800772,103.76331564651859,101.66817694326053,94.54270299894029,NA,105.10336780027458,93.89245932088743,NA,101.1823399256758,Gavin Williams,"<a href=""leaders.aspx?pos=all&stats=pit&lg=all&qual=0&type=strType&season=2025&month=0&season1=2025&ind=1&team=5&rost=0&age=0"">CLE</a>",167.2,3.0596423327492523,4.393585698733283,4.081527769465145,0.12784091
668933,NA,NA,NA,NA,113.77918175881743,NA,94.46419032746259,NA,102.92828833787976,Graham Ashcraft,"<a href=""leaders.aspx?pos=all&stats=pit&lg=all&qual=0&type=strType&season=2025&month=0&season1=2025&ind=1&team=18&rost=0&age=0"">CIN</a>",65.1,3.994898736700474,2.7218709316515657,3.2914319390329774,0.13732394
668941,87.64544196066313,NA,89.31562579661333,97.08568836610345,107.13137831690801,NA,95.41802617861467,NA,98.44689753951981,JoJo Romero,"<a href=""leaders.aspx?pos=all&stats=pit&lg=all&qual=0&type=strType&season=2025&month=0&season1=2025&ind=1&team=28&rost=0&age=0"">STL</a>",61,2.065574287182989,3.282677338719858,4.120168789848258,0.10196078
668964,98.169475907572,97.82522453980543,102.7367783094275,NA,100.01705536422503,NA,97.10952651311395,NA,100.0053917252512,Tobias Myers,"<a href=""leaders.aspx?pos=all&stats=pit&lg=all&qual=0&type=strType&season=2025&month=0&season1=2025&ind=1&team=23&rost=0&age=0"">MIL</a>",50.2,3.552631891004954,3.9246100717634436,4.741320920886707,0.10454545
668970,NA,NA,105.66255689980929,100.18804097255884,NA,99.45468795788973,NA,NA,102.40074112658468,Gavin Hollowell,"<a href=""leaders.aspx?pos=all&stats=pit&lg=all&qual=0&type=strType&season=2025&month=0&season1=2025&ind=1&team=17&rost=0&age=0"">CHC</a>",9.1,4.821429228296175,4.635136522565597,4.56377021123803,0.06976744
668984,98.49871865280963,NA,106.24762183499958,98.05487835757671,103.947819043034,105.64655545088706,NA,NA,103.51867583327183,Casey Legumina,"<a href=""leaders.aspx?pos=all&stats=pit&lg=all&qual=0&type=strType&season=2025&month=0&season1=2025&ind=1&team=11&rost=0&age=0"">SEA</a>",49.2,5.617450383519215,4.383458625655502,4.382705999509719,0.1369863
669020,86.9694946098347,101.93407380009346,96.81818991445346,NA,103.24944972235349,NA,NA,NA,99.17731522419965,Ryan Rolison,"<a href=""leaders.aspx?pos=all&stats=pit&lg=all&qual=0&type=strType&season=2025&month=0&season1=2025&ind=1&team=19&rost=0&age=0"">COL</a>",42.1,7.015748874423876,6.749309980788784,5.11947089780487,0.02590674
669022,95.61876469638078,103.39608855895244,99.43187995422561,NA,100.92247813332551,NA,92.0025669038676,NA,99.77272408507199,MacKenzie Gore,"<a href=""leaders.aspx?pos=all&stats=pit&lg=all&qual=0&type=strType&season=2025&month=0&season1=2025&ind=1&team=24&rost=0&age=0"">WSN</a>",159.2,4.171190244873954,3.7426520145322733,3.7750893577971834,0.17794118
669060,98.63580005091613,96.7130577454904,96.44245552022689,98.90555759013802,NA,NA,96.434563822505,NA,97.46711387373888,Bryse Wilson,"<a href=""leaders.aspx?pos=all&stats=pit&lg=all&qual=0&type=strType&season=2025&month=0&season1=2025&ind=1&team=4&rost=0&age=0"">CHW</a>",47.1,6.654930292578715,6.304150743244271,5.53048895702827,0.04017857
669062,109.48639971173775,NA,98.60724369931404,112.24724857867655,112.29332404636321,NA,NA,NA,106.6399746114475,Erik Miller,"<a href=""leaders.aspx?pos=all&stats=pit&lg=all&qual=0&type=strType&season=2025&month=0&season1=2025&ind=1&team=30&rost=0&age=0"">SFG</a>",30,1.5000004768373099,3.9684699164497372,5.150470433540063,0.015625
669084,96.84553009706907,103.15845335854081,95.79083613462224,92.0515554162821,101.72315691504406,NA,91.87044892857163,NA,96.83039324738655,DL Hall,"<a href=""leaders.aspx?pos=all&stats=pit&lg=all&qual=0&type=strType&season=2025&month=0&season1=2025&ind=1&team=23&rost=0&age=0"">MIL</a>",38.2,3.49137971219783,3.7299639728775285,4.851815890770649,0.06451613
669093,NA,NA,114.08236718450748,NA,107.98073538118746,NA,NA,NA,110.07610957564843,Jeremiah Estrada,"<a href=""leaders.aspx?pos=all&stats=pit&lg=all&qual=0&type=strType&season=2025&month=0&season1=2025&ind=1&team=29&rost=0&age=0"">SDP</a>",73,3.452055516084753,3.546095308216877,3.1831651288314844,0.26644737
669111,NA,NA,107.5854816874632,NA,101.96232065747107,NA,NA,NA,104.96133987346687,NA,NA,NA,NA,NA,NA,NA
669145,NA,97.51555127896265,92.09648045635242,95.71756849231089,99.87058563492214,NA,93.00181235531215,NA,94.28995953898483,Bruce Zimmermann,"<a href=""leaders.aspx?pos=all&stats=pit&lg=all&qual=0&type=strType&season=2025&month=0&season1=2025&ind=1&team=23&rost=0&age=0"">MIL</a>",6,7.5,8.135136318206788,6.114411957065265,-0.03571429
669160,93.75150901486566,NA,95.30167527025952,99.50172217810378,NA,113.39475627225842,96.63780273188395,NA,103.84354913440487,Dustin May,- - -,132.1,4.964735778751391,4.880728350005222,4.530368225253444,0.11472603
669188,NA,NA,107.12249253562398,NA,104.17398294026488,NA,104.31461301110699,NA,104.67962160965311,NA,NA,NA,NA,NA,NA,NA
669193,NA,NA,96.8999729236065,NA,98.8682929894728,NA,NA,NA,97.68790997108349,Jack Little,"<a href=""leaders.aspx?pos=all&stats=pit&lg=all&qual=0&type=strType&season=2025&month=0&season1=2025&ind=1&team=22&rost=0&age=0"">LAD</a>",3,6,3.8018029848734542,6.371368509531022,0.07142857
669194,95.50940288739649,98.70046906865677,103.79899627412429,NA,105.0562000894073,NA,99.69718254820721,NA,102.68542749369868,Ryne Nelson,"<a href=""leaders.aspx?pos=all&stats=pit&lg=all&qual=0&type=strType&season=2025&month=0&season1=2025&ind=1&team=15&rost=0&age=0"">ARI</a>",154,3.3896104315920055,3.7325389230084434,4.049450485953284,0.14701131
669199,NA,NA,107.75548482184004,NA,107.67256951426593,112.28055537621638,NA,NA,107.6805775004988,Lake Bachar,"<a href=""leaders.aspx?pos=all&stats=pit&lg=all&qual=0&type=strType&season=2025&month=0&season1=2025&ind=1&team=20&rost=0&age=0"">MIA</a>",71,3.9295778870464795,4.247812494108837,4.219141549168061,0.15202703
669203,95.59300303215177,105.29854191872995,NA,95.59535071999878,109.55600086514849,NA,107.03938456500246,NA,105.16608220200396,Corbin Burnes,"<a href=""leaders.aspx?pos=all&stats=pit&lg=all&qual=0&type=strType&season=2025&month=0&season1=2025&ind=1&team=15&rost=0&age=0"">ARI</a>",64.1,2.6580312982297354,3.943426537551502,3.7271617392056062,0.13962264
669211,98.0166435236938,NA,100.51520632958007,NA,104.70500484216187,NA,NA,NA,101.21340410951308,Keegan Akin,"<a href=""leaders.aspx?pos=all&stats=pit&lg=all&qual=0&type=strType&season=2025&month=0&season1=2025&ind=1&team=2&rost=0&age=0"">BAL</a>",63.1,3.4105268978214993,4.935136625390356,4.659562420151046,0.09701493
669212,104.94744375606298,NA,97.54057904939441,NA,102.23463081772181,NA,NA,NA,101.88065744132767,Eli Morgan,"<a href=""leaders.aspx?pos=all&stats=pit&lg=all&qual=0&type=strType&season=2025&month=0&season1=2025&ind=1&team=17&rost=0&age=0"">CHC</a>",7.1,12.2727309967872,8.589683427889987,6.004584156053061,0.02857143
669270,83.57955266676672,98.32133702666391,89.07384565014732,98.23416819508736,101.10690183914504,NA,NA,NA,97.46186692394902,NA,NA,NA,NA,NA,NA,NA
669276,93.82855845782474,NA,103.30844011754432,NA,107.43611553506888,NA,NA,NA,104.32210285547859,Dylan Lee,"<a href=""leaders.aspx?pos=all&stats=pit&lg=all&qual=0&type=strType&season=2025&month=0&season1=2025&ind=1&team=16&rost=0&age=0"">ATL</a>",68.1,3.2926835395410192,3.9985511130197655,3.2175331424602556,0.23308271
669298,95.26760231305336,NA,83.02122501737315,93.06974448835003,98.09552889932232,NA,99.64507092013778,NA,93.77446808170417,NA,NA,NA,NA,NA,NA,NA
669302,NA,100.93648839686045,100.85636131173541,101.34448343438933,107.35876737126301,NA,NA,NA,104.1376697426124,Logan Gilbert,"<a href=""leaders.aspx?pos=all&stats=pit&lg=all&qual=0&type=strType&season=2025&month=0&season1=2025&ind=1&team=11&rost=0&age=0"">SEA</a>",131,3.435114503816794,3.3488767762220544,2.952959276201161,0.26542056
669308,108.87184327490846,NA,101.27595957989037,NA,108.60531403932615,111.0991981024804,NA,NA,104.99611613343168,Sean Reynolds,"<a href=""leaders.aspx?pos=all&stats=pit&lg=all&qual=0&type=strType&season=2025&month=0&season1=2025&ind=1&team=29&rost=0&age=0"">SDP</a>",27,5.333334840374654,5.431433263368097,5.218550960393028,0.06837607
669330,101.25251340416719,98.9324975634572,97.38616411533455,NA,107.75933688012327,NA,99.95047228046352,NA,100.63871897649406,Tyler Wells,"<a href=""leaders.aspx?pos=all&stats=pit&lg=all&qual=0&type=strType&season=2025&month=0&season1=2025&ind=1&team=2&rost=0&age=0"">BAL</a>",21.2,2.907692393015125,4.150520963386672,4.169865734862677,0.19512195
669358,101.34045212765655,NA,104.5302018287727,NA,104.32334730783414,NA,102.8181969620783,108.38287683221851,104.93498665191628,Shane Baz,"<a href=""leaders.aspx?pos=all&stats=pit&lg=all&qual=0&type=strType&season=2025&month=0&season1=2025&ind=1&team=12&rost=0&age=0"">TBR</a>",166.1,4.869739627868396,4.367601285753727,3.8834557733781567,0.15752461
669371,104.49204916587803,99.78504402363535,102.62016826417279,100.04455067252471,NA,NA,99.65507380357988,NA,101.38536255143647,Cole Henry,"<a href=""leaders.aspx?pos=all&stats=pit&lg=all&qual=0&type=strType&season=2025&month=0&season1=2025&ind=1&team=24&rost=0&age=0"">WSN</a>",52.2,4.272153033333389,5.337668548725334,5.658967723339913,0.08298755
669372,92.6963206402098,NA,82.92848471989493,91.60856954099836,98.6177378253025,NA,88.18155274834963,NA,93.03504575007457,J.T. Ginn,"<a href=""leaders.aspx?pos=all&stats=pit&lg=all&qual=0&type=strType&season=2025&month=0&season1=2025&ind=1&team=10&rost=0&age=0"">ATH</a>",90.1,5.081180936976171,4.618531188696563,3.5203474627745655,0.17346939
669373,109.41673548575794,104.136400122651,106.57702273560163,98.42444403864313,107.20694384468496,NA,NA,NA,105.52378459535502,Tarik Skubal,"<a href=""leaders.aspx?pos=all&stats=pit&lg=all&qual=0&type=strType&season=2025&month=0&season1=2025&ind=1&team=6&rost=0&age=0"">DET</a>",195.1,2.2116041531508555,2.4491294744053644,2.663999807721626,0.27807487
669387,NA,105.72051235759947,92.41846510571696,96.21749369200384,101.8806854833371,103.2414775436719,90.743281071394,NA,98.15617555965774,Carmen Mlodzinski,"<a href=""leaders.aspx?pos=all&stats=pit&lg=all&qual=0&type=strType&season=2025&month=0&season1=2025&ind=1&team=27&rost=0&age=0"">PIT</a>",99,3.545454818683572,3.3270555249161546,3.600266068774407,0.14797136
669391,95.95913865340528,101.11890093102919,96.01903578259454,91.01743728495151,NA,107.08710689662779,100.77581458046693,NA,99.84412195756146,Owen White,"<a href=""leaders.aspx?pos=all&stats=pit&lg=all&qual=0&type=strType&season=2025&month=0&season1=2025&ind=1&team=4&rost=0&age=0"">CHW</a>",7,9.00000122615286,4.563707941405655,4.028055852538455,0.08571429
669422,NA,96.29550063231709,101.50831510153245,92.90824077246062,99.45292876106268,NA,104.86877763832786,NA,99.75175330982636,Matt Sauer,"<a href=""leaders.aspx?pos=all&stats=pit&lg=all&qual=0&type=strType&season=2025&month=0&season1=2025&ind=1&team=22&rost=0&age=0"">LAD</a>",29.2,6.370787062980314,5.157608401692601,4.243363291462521,0.12403101
669432,103.54054769890956,NA,96.48401891052733,99.6554500477068,96.00264299003558,101.28080167944995,NA,NA,98.9540696632511,Trevor Rogers,"<a href=""leaders.aspx?pos=all&stats=pit&lg=all&qual=0&type=strType&season=2025&month=0&season1=2025&ind=1&team=2&rost=0&age=0"">BAL</a>",109.2,1.8054711664883034,2.8159873746356228,3.637108232393889,0.1749409
669434,NA,96.65372770144174,90.92177599771072,NA,NA,NA,104.84462722275288,NA,95.71858373397006,NA,NA,NA,NA,NA,NA,NA
669438,105.16367633155687,99.37253409361426,96.90989406053531,96.06530312469235,NA,95.467401378078,101.90535504536341,NA,100.6749639840073,Mason Englert,"<a href=""leaders.aspx?pos=all&stats=pit&lg=all&qual=0&type=strType&season=2025&month=0&season1=2025&ind=1&team=12&rost=0&age=0"">TBR</a>",44.2,3.8283584269257975,3.1351363182067873,3.5932351755280343,0.17837838
669449,86.39812978564578,NA,85.75571678146696,NA,94.68963832115452,NA,87.80197820821695,NA,88.19829538238959,Jake Palisch,"<a href=""leaders.aspx?pos=all&stats=pit&lg=all&qual=0&type=strType&season=2025&month=0&season1=2025&ind=1&team=4&rost=0&age=0"">CHW</a>",1,18,3.1351363182067873,4.676875633001328,0
669456,116.07570407794479,NA,102.52123969838469,NA,103.60724696216636,NA,99.23072790427007,103.0687463747673,104.33917328866706,Shane Bieber,"<a href=""leaders.aspx?pos=all&stats=pit&lg=all&qual=0&type=strType&season=2025&month=0&season1=2025&ind=1&team=14&rost=0&age=0"">TOR</a>",40.1,3.57024804644145,4.473979335622331,3.3480146876170696,0.18867925
669459,NA,NA,91.11494125562653,NA,104.09578449128453,NA,82.53989717410774,NA,97.35803478454318,Kyle Nelson,"<a href=""leaders.aspx?pos=all&stats=pit&lg=all&qual=0&type=strType&season=2025&month=0&season1=2025&ind=1&team=15&rost=0&age=0"">ARI</a>",2,9,13.635136318206786,10.989484605193137,-0.18181818
669461,96.4692320412409,110.5399123754856,87.12977286254618,88.1991586614477,112.31947705278407,NA,99.14009269491706,NA,98.20830552159865,Matthew Liberatore,"<a href=""leaders.aspx?pos=all&stats=pit&lg=all&qual=0&type=strType&season=2025&month=0&season1=2025&ind=1&team=28&rost=0&age=0"">STL</a>",151.2,4.213187095772014,4.025246268017776,4.307753921128919,0.12654321
669467,NA,NA,94.18293663268409,91.23340117273683,102.10001050093001,98.44624919221492,NA,106.66812966380908,97.60000740109089,Andre Pallante,"<a href=""leaders.aspx?pos=all&stats=pit&lg=all&qual=0&type=strType&season=2025&month=0&season1=2025&ind=1&team=28&rost=0&age=0"">STL</a>",162.2,5.311475741994623,4.684316742955219,4.162342507884342,0.06853147
669618,NA,NA,121.9757190215604,NA,100.31845437810713,NA,NA,NA,107.53754259259155,NA,NA,NA,NA,NA,NA,NA
669620,109.68426945048111,104.39809234598295,93.52145692887672,86.93194657424299,NA,NA,99.74741411400613,NA,97.5361385047724,Brady Basso,"<a href=""leaders.aspx?pos=all&stats=pit&lg=all&qual=0&type=strType&season=2025&month=0&season1=2025&ind=1&team=10&rost=0&age=0"">ATH</a>",11.2,2.314286029582164,4.07799358951804,5.399484610809367,-0.01785714
669622,102.61011941378382,NA,95.16790461848355,100.29256252900372,108.97188611509515,112.34653880061923,NA,NA,107.84908270058071,Anthony Bender,"<a href=""leaders.aspx?pos=all&stats=pit&lg=all&qual=0&type=strType&season=2025&month=0&season1=2025&ind=1&team=20&rost=0&age=0"">MIA</a>",50,2.160000329589894,3.615136391448986,4.469380195478459,0.10294118
669674,NA,100.11223098265408,95.93640111360928,95.23966746706218,101.92561643022496,104.79771805778,NA,NA,98.01120692543942,Sam Long,"<a href=""leaders.aspx?pos=all&stats=pit&lg=all&qual=0&type=strType&season=2025&month=0&season1=2025&ind=1&team=7&rost=0&age=0"">KCR</a>",40.1,5.355372576169426,5.54009529917176,5.118694100001032,0.05820106
669684,100.26272426835078,102.88032748640829,100.41766558201624,95.17427633254593,98.83164523830197,99.56282382313792,NA,NA,100.4724708303032,Chris Murphy,"<a href=""leaders.aspx?pos=all&stats=pit&lg=all&qual=0&type=strType&season=2025&month=0&season1=2025&ind=1&team=3&rost=0&age=0"">BOS</a>",34.2,3.1153848439278855,5.0678287676805684,4.857552986746415,0.06756757
669704,NA,105.0682817309895,105.27751643300057,97.45966904110703,NA,109.40824743538217,106.7601763513419,NA,105.18978829170653,Kade Strowd,"<a href=""leaders.aspx?pos=all&stats=pit&lg=all&qual=0&type=strType&season=2025&month=0&season1=2025&ind=1&team=2&rost=0&age=0"">BAL</a>",26.1,1.7088610895588723,3.4009591543603896,3.96113550305049,0.10476191
669711,98.89635183328606,100.47188944792656,94.0163583190681,99.70053690290956,99.75841047832148,109.91006833690794,NA,NA,98.6585999075254,Greg Weissert,"<a href=""leaders.aspx?pos=all&stats=pit&lg=all&qual=0&type=strType&season=2025&month=0&season1=2025&ind=1&team=3&rost=0&age=0"">BOS</a>",67,2.8208958436078704,3.672449812227334,4.326142511571337,0.1294964
669713,94.161674457146475,101.13051688971971,91.20829774877457,87.26145732169972,NA,111.51339860812486,100.63241573806621,NA,97.6977778820093,Hayden Wesneski,"<a href=""leaders.aspx?pos=all&stats=pit&lg=all&qual=0&type=strType&season=2025&month=0&season1=2025&ind=1&team=21&rost=0&age=0"">HOU</a>",32,4.5,4.822636318206787,3.809701754525304,0.17557252
669717,68.31981270055707,57.67426319679899,NA,NA,77.6346530743959,NA,NA,NA,72.87487064671346,Will Wilson,"<a href=""leaders.aspx?pos=all&stats=pit&lg=all&qual=0&type=strType&season=2025&month=0&season1=2025&ind=1&team=5&rost=0&age=0"">CLE</a>",2,9,9.635136318206786,6.218614947795868,0
669721,NA,NA,93.57909634373404,NA,93.21898097008939,98.64259198854195,NA,NA,97.49022649416983,Davis Daniel,"<a href=""leaders.aspx?pos=all&stats=pit&lg=all&qual=0&type=strType&season=2025&month=0&season1=2025&ind=1&team=16&rost=0&age=0"">ATL</a>",10,5.4,5.035136318206787,5.893571358919144,0.04347826
669724,91.1080863135323,NA,91.2396282600406,95.61806220464165,99.2755674448943,NA,NA,NA,95.61115061602541,Brenan Hanifee,"<a href=""leaders.aspx?pos=all&stats=pit&lg=all&qual=0&type=strType&season=2025&month=0&season1=2025&ind=1&team=6&rost=0&age=0"">DET</a>",60,3.000000572204699,3.251803007125859,3.912281550677503,0.1
669735,92.72305222053059,96.31733397807767,82.59878568175681,89.34935901151172,96.88033498374882,NA,NA,NA,94.65356609592637,NA,NA,NA,NA,NA,NA,NA
669854,99.14259934460924,93.75762398821668,99.12209192593122,NA,98.12511947874643,NA,NA,NA,97.72833190590991,Ronel Blanco,"<a href=""leaders.aspx?pos=all&stats=pit&lg=all&qual=0&type=strType&season=2025&month=0&season1=2025&ind=1&team=21&rost=0&age=0"">HOU</a>",48.1,4.09655183191107,4.273067382626529,4.399886216970968,0.14070352
669920,93.0493815551435,NA,92.81369651220871,95.40985952073295,101.64933137017248,99.7223466788039,89.92608118908471,NA,95.0160359830776,Jason Alexander,- - -,77.1,4.771552096808737,5.1006537130981915,4.193940941829261,0.11607143
669923,93.15054012995516,NA,92.45145243779733,98.4940450783216,108.36384050538301,NA,NA,104.33306184232647,100.13323217034466,George Kirby,"<a href=""leaders.aspx?pos=all&stats=pit&lg=all&qual=0&type=strType&season=2025&month=0&season1=2025&ind=1&team=11&rost=0&age=0"">SEA</a>",126,4.214285714285714,3.3652950483655175,3.249291078769972,0.20610687
669947,NA,NA,94.36537353359071,NA,102.86263726404005,98.58291117302903,NA,NA,98.52670217398126,Jesse Scholtens,"<a href=""leaders.aspx?pos=all&stats=pit&lg=all&qual=0&type=strType&season=2025&month=0&season1=2025&ind=1&team=12&rost=0&age=0"">TBR</a>",8.1,5.40000020599366,2.8951363090515136,2.815206048205175,0.23684211
670036,NA,NA,103.5804098346313,91.23972048276185,NA,104.45940612144734,100.71770247518695,NA,102.60825458411935,Matt Festa,"<a href=""leaders.aspx?pos=all&stats=pit&lg=all&qual=0&type=strType&season=2025&month=0&season1=2025&ind=1&team=5&rost=0&age=0"">CLE</a>",54.2,4.115854998843727,3.1351363182067873,3.7068546080224354,0.18141593
670059,NA,NA,94.54446759482559,98.9659106541641,102.58553494084114,107.00918471612772,103.25274275451791,NA,102.03301851945984,Colin Holderman,"<a href=""leaders.aspx?pos=all&stats=pit&lg=all&qual=0&type=strType&season=2025&month=0&season1=2025&ind=1&team=27&rost=0&age=0"">PIT</a>",25.2,7.012988750157728,5.862409721045904,5.338129702990615,0.016
670102,NA,97.565273729000893,99.72098109255606,90.94018164472905,97.88220352621211,NA,NA,NA,99.23899258749026,Bowden Francis,"<a href=""leaders.aspx?pos=all&stats=pit&lg=all&qual=0&type=strType&season=2025&month=0&season1=2025&ind=1&team=14&rost=0&age=0"">TOR</a>",64,6.046875360421858,6.853886539861573,5.210761706940853,0.09375
670167,108.8259698759379,NA,95.69621237725175,102.9624834970573,NA,100.24238556830696,95.93537304976759,NA,98.65133971073506,John Schreiber,"<a href=""leaders.aspx?pos=all&stats=pit&lg=all&qual=0&type=strType&season=2025&month=0&season1=2025&ind=1&team=7&rost=0&age=0"">KCR</a>",64,3.7968761315572652,4.166386625543328,3.9900416861006227,0.16226415
670174,107.53623646146823,NA,92.42198077219162,100.98648957869695,103.10718369750153,NA,103.77759080437778,NA,100.26086344546232,Josh Winckowski,"<a href=""leaders.aspx?pos=all&stats=pit&lg=all&qual=0&type=strType&season=2025&month=0&season1=2025&ind=1&team=3&rost=0&age=0"">BOS</a>",11.2,3.857143067340473,3.1351363182067873,4.456627231474791,0.07692308
670183,96.97931807613782,NA,101.65813099735843,NA,NA,NA,NA,NA,100.76692853617355,Garrett Acton,"<a href=""leaders.aspx?pos=all&stats=pit&lg=all&qual=0&type=strType&season=2025&month=0&season1=2025&ind=1&team=12&rost=0&age=0"">TBR</a>",1,0,9.135136318206786,13.760354262590408,-0.4
670280,NA,98.29820423823512,107.76177844827771,NA,NA,NA,NA,NA,102.825455697912,David Bednar,- - -,62.2,2.2978725735555376,2.177689412558647,2.701024502574199,0.26693227
670329,98.40677228110427,107.8808099256644,108.63085779087945,NA,105.799948884655,NA,NA,NA,105.57921609074307,Rico Garcia,- - -,34.1,3.145631533966292,3.6885344584415978,3.2771964573555756,0.1971831
670389,NA,98.46961127025943,NA,88.54983322193956,102.57866671947339,NA,97.92681759508845,NA,96.88934412367725,NA,NA,NA,NA,NA,NA,NA
670766,86.92422105372052,NA,93.49091424548223,92.96638411418343,NA,103.57343883389045,NA,NA,96.82280442419014,Darren McCaughan,"<a href=""leaders.aspx?pos=all&stats=pit&lg=all&qual=0&type=strType&season=2025&month=0&season1=2025&ind=1&team=8&rost=0&age=0"">MIN</a>",5.1,1.6875004023314482,1.4476359158753391,4.627474010771559,0.21739131
670810,97.33966173982103,101.56854054344663,96.91594257460999,89.708045972383,103.3666228522611,101.8990113571912,90.80129234553036,NA,97.86561044428471,Logan Gillaspie,"<a href=""leaders.aspx?pos=all&stats=pit&lg=all&qual=0&type=strType&season=2025&month=0&season1=2025&ind=1&team=29&rost=0&age=0"">SDP</a>",7,2.57142892175796,5.992279564604521,5.456627475737321,0
670871,105.71320343576404,NA,100.8272085028972,107.98126074389434,114.32280561174713,NA,NA,NA,108.72834056386014,NA,NA,NA,NA,NA,NA,NA
670912,96.81809854435933,98.99237969868912,109.81505351165451,101.40323655056034,105.14441395583624,NA,NA,NA,105.04794315366091,Johan Oviedo,"<a href=""leaders.aspx?pos=all&stats=pit&lg=all&qual=0&type=strType&season=2025&month=0&season1=2025&ind=1&team=27&rost=0&age=0"">PIT</a>",40.1,3.57024804644145,4.920260341427513,4.897623127649222,0.11176471
670950,104.07770127016627,NA,97.22086741088393,NA,96.5138422991035,NA,NA,NA,99.00575319986356,Trevor Richards,- - -,5.2,7.94117736156434,2.429253886067735,4.87789895488376,0.10344828
670955,100.43963687273649,NA,98.77721730464812,94.95716241562464,NA,99.81665268675974,96.08527262241684,NA,98.9212937234426,Edwin Uceta,"<a href=""leaders.aspx?pos=all&stats=pit&lg=all&qual=0&type=strType&season=2025&month=0&season1=2025&ind=1&team=12&rost=0&age=0"">TBR</a>",76,3.789474064623588,3.6877679526310607,3.4290724685504466,0.23676013
670970,102.20797288011917,NA,103.0752919070458,103.86317068391409,109.9548162436939,NA,99.40753700952504,NA,105.08639732143712,Adrian Morejon,"<a href=""leaders.aspx?pos=all&stats=pit&lg=all&qual=0&type=strType&season=2025&month=0&season1=2025&ind=1&team=29&rost=0&age=0"">SDP</a>",73.2,2.0769235788221074,2.2799324916329784,3.0780638471348434,0.18531469
670990,NA,105.32788851240392,104.49041119428358,100.1363442831555,104.64181081373223,109.98193647143097,100.5610031180498,NA,105.59976907304808,Yohan Ramírez,"<a href=""leaders.aspx?pos=all&stats=pit&lg=all&qual=0&type=strType&season=2025&month=0&season1=2025&ind=1&team=27&rost=0&age=0"">PIT</a>",33.1,5.400000823974735,3.7951364189148107,3.761458335422538,0.18709677
671096,95.61676760517969,99.9743092233537,94.60855099997366,NA,NA,107.72396080286804,96.34232142627124,NA,97.4467031006058,Andrew Abbott,"<a href=""leaders.aspx?pos=all&stats=pit&lg=all&qual=0&type=strType&season=2025&month=0&season1=2025&ind=1&team=18&rost=0&age=0"">CIN</a>",166.1,2.867735558633611,3.6581824263852445,4.305076488667916,0.15497076
671106,93.80411381059886,NA,94.84403641735668,87.34552614914973,NA,95.17722263163338,94.95250220897162,NA,93.74850488989958,Logan Allen,"<a href=""leaders.aspx?pos=all&stats=pit&lg=all&qual=0&type=strType&season=2025&month=0&season1=2025&ind=1&team=5&rost=0&age=0"">CLE</a>",156.2,4.251064105813151,4.373434270951158,4.720063560691634,0.0887574
671109,95.66441949756718,NA,87.06642532508597,NA,96.15289783017346,100.55228203493694,NA,NA,92.76060379167299,Jake Eder,"<a href=""leaders.aspx?pos=all&stats=pit&lg=all&qual=0&type=strType&season=2025&month=0&season1=2025&ind=1&team=1&rost=0&age=0"">LAA</a>",18.1,4.909091249576308,5.2624091930231875,5.405698012022483,0.07692308
671111,95.3229730856048,NA,90.40383431519032,94.46712756897158,100.90681042998189,107.92079973074149,NA,NA,97.4928734243863,Sammy Peralta,"<a href=""leaders.aspx?pos=all&stats=pit&lg=all&qual=0&type=strType&season=2025&month=0&season1=2025&ind=1&team=1&rost=0&age=0"">LAA</a>",10.2,7.593750452622798,3.322636329382659,5.346169300662456,0.03846154
671131,NA,NA,98.12339106073425,98.44805415842262,99.85143513600026,NA,97.2413410452225,NA,98.59311162514143,Jackson Rutledge,"<a href=""leaders.aspx?pos=all&stats=pit&lg=all&qual=0&type=strType&season=2025&month=0&season1=2025&ind=1&team=24&rost=0&age=0"">WSN</a>",73.1,5.768182818357783,5.466954904351423,4.69091549046979,0.12424242
671162,91.33260848649282,NA,87.62568415791928,94.3836006456552,NA,101.47741955844812,97.23403759730384,NA,95.45486006285364,Connor Thomas,"<a href=""leaders.aspx?pos=all&stats=pit&lg=all&qual=0&type=strType&season=2025&month=0&season1=2025&ind=1&team=23&rost=0&age=0"">MIL</a>",5.1,20.250001206994128,10.260136742889907,4.971169278310714,0.09677419
671212,NA,NA,103.73548208432005,NA,113.51935197909722,103.08253737582622,NA,NA,107.99522785516768,Joe Boyle,"<a href=""leaders.aspx?pos=all&stats=pit&lg=all&qual=0&type=strType&season=2025&month=0&season1=2025&ind=1&team=12&rost=0&age=0"">TBR</a>",52,4.673076923076923,4.192828625899095,4.382812105577726,0.13274336
671305,NA,NA,107.03154228247948,98.34897634303985,100.65230392563281,NA,NA,NA,103.00660799581229,Michel Otañez,"<a href=""leaders.aspx?pos=all&stats=pit&lg=all&qual=0&type=strType&season=2025&month=0&season1=2025&ind=1&team=10&rost=0&age=0"">ATH</a>",5.1,13.500003218651585,9.135137748718602,6.57274610998864,0.03571429
671345,NA,NA,92.05394376236902,96.342676698242,98.2939128872447,NA,NA,NA,95.95356851185088,NA,NA,NA,NA,NA,NA,NA
671737,NA,102.35101450336983,101.77555025807388,89.16241572986806,NA,NA,104.7552850189861,NA,100.52365952192784,Taj Bradley,- - -,142.2,5.046729196866169,4.347753194676019,4.367111389440915,0.11735537
671922,NA,NA,107.55048190845125,NA,NA,103.73470309876919,NA,NA,109.81246839170038,Cade Smith,"<a href=""leaders.aspx?pos=all&stats=pit&lg=all&qual=0&type=strType&season=2025&month=0&season1=2025&ind=1&team=5&rost=0&age=0"">CLE</a>",73.2,2.932127101725873,1.954140680011644,2.65047381812976,0.28333333
672277,NA,NA,86.72553961754774,93.08492260061033,101.87581751616122,NA,108.81760892840086,NA,99.99096902563761,NA,NA,NA,NA,NA,NA,NA
672282,101.64263582505089,100.40120724620111,101.00485231021781,94.47592287303064,111.50127779089664,NA,NA,NA,103.82777913220227,Reid Detmers,"<a href=""leaders.aspx?pos=all&stats=pit&lg=all&qual=0&type=strType&season=2025&month=0&season1=2025&ind=1&team=1&rost=0&age=0"">LAA</a>",63.2,3.958115578508185,3.1194295103555643,3.080872853493719,0.20676692
672335,NA,NA,91.35245646139828,94.22198056541441,105.21748359723863,NA,101.42739258762357,NA,98.19200462676528,Cionel Pérez,"<a href=""leaders.aspx?pos=all&stats=pit&lg=all&qual=0&type=strType&season=2025&month=0&season1=2025&ind=1&team=2&rost=0&age=0"">BAL</a>",21.2,8.30769401414895,5.765906089353955,5.175578353550815,0.02727273
672391,98.49499701808757,NA,110.1853870533262,NA,NA,101.39812313543783,98.86154060946272,NA,105.69093734200726,Kaleb Ort,"<a href=""leaders.aspx?pos=all&stats=pit&lg=all&qual=0&type=strType&season=2025&month=0&season1=2025&ind=1&team=21&rost=0&age=0"">HOU</a>",46,4.891305159080366,5.0264409797178615,4.642471386218704,0.11340206
672456,95.42615725924419,NA,97.17802349272151,95.15112019417501,104.84159308546464,109.49386739062534,NA,99.08985396439384,98.44596087069175,Keider Montero,"<a href=""leaders.aspx?pos=all&stats=pit&lg=all&qual=0&type=strType&season=2025&month=0&season1=2025&ind=1&team=6&rost=0&age=0"">DET</a>",90.2,4.3676471813327336,4.932930486280615,4.458291943735919,0.10539846
672578,NA,NA,107.29213417769121,105.64319707789376,104.20398522821273,103.94898752772365,NA,100.59604275183962,105.04465477715746,Carlos Hernández,- - -,43.1,6.230770099233714,4.196674927705865,5.1669696368517,0.08374384
672582,87.5267957630971,NA,86.10503180900226,96.83649093346457,103.23566136086414,NA,NA,NA,96.06718810008127,Angel Zerpa,"<a href=""leaders.aspx?pos=all&stats=pit&lg=all&qual=0&type=strType&season=2025&month=0&season1=2025&ind=1&team=7&rost=0&age=0"">KCR</a>",64.2,4.175258881355056,3.861940641998223,3.503742551395323,0.13090909
672710,97.15864183316049,97.19568004916161,96.68236230089728,96.35163860594142,102.02426098094604,107.36701611832355,NA,NA,97.79954415890121,Roansy Contreras,- - -,12.2,5.684211239590298,5.977241938001937,5.576052276512944,0.07843137
672724,NA,16.40702917910737,NA,NA,34.39755345122958,NA,NA,NA,20.00513403353181,Oswald Peraza,"<a href=""leaders.aspx?pos=all&stats=pit&lg=all&qual=0&type=strType&season=2025&month=0&season1=2025&ind=1&team=1&rost=0&age=0"">LAA</a>",2.1,30.857147061095517,9.992280109561346,6.403087311022757,0
672782,97.36864826221414,99.94132722944927,101.6911275619453,94.92633537488062,101.9211362904299,106.1932035848852,95.8407194007667,NA,100.22666488966576,Yoendrys Gómez,- - -,62.2,5.170212897093065,5.257476797569064,4.810099602093425,0.11191336
672841,95.20237333881606,NA,92.81450139590424,98.27935662956558,106.73009432456452,NA,98.832985726180965,NA,99.56580723291432,Carlos Vargas,"<a href=""leaders.aspx?pos=all&stats=pit&lg=all&qual=0&type=strType&season=2025&month=0&season1=2025&ind=1&team=11&rost=0&age=0"">SEA</a>",77,3.9740267615433256,4.589682060993887,4.242883733714818,0.09365559
672851,92.0448011812298,92.47923188775556,90.62284014881473,93.75627624457061,NA,NA,NA,NA,92.30916191118712,NA,NA,NA,NA,NA,NA,NA
673380,96.05134477517973,NA,103.84580942475102,118.4689113223606,104.54163551105829,NA,NA,NA,104.12192159432573,Dedniel Núñez,"<a href=""leaders.aspx?pos=all&stats=pit&lg=all&qual=0&type=strType&season=2025&month=0&season1=2025&ind=1&team=25&rost=0&age=0"">NYM</a>",9.2,4.655173179227431,4.066170954052273,5.113697649250579,0.12195122
673394,104.65177404062926,NA,86.3785776689267,NA,97.19906412027252,NA,NA,NA,97.07016659932373,NA,NA,NA,NA,NA,NA,NA
673513,NA,97.24768667596051,105.06832367846705,93.30313801975122,104.51971322176635,105.79994626637148,NA,NA,104.11456205905145,Yuki Matsui,"<a href=""leaders.aspx?pos=all&stats=pit&lg=all&qual=0&type=strType&season=2025&month=0&season1=2025&ind=1&team=29&rost=0&age=0"">SDP</a>",63.1,3.978948167288563,4.871978772181953,4.937210159812243,0.10294118
673540,NA,77.32845034877539,99.65509972687177,99.07126435211761,99.49848179270859,95.3216517768974,94.67983964078883,NA,98.21730138550747,Kodai Senga,"<a href=""leaders.aspx?pos=all&stats=pit&lg=all&qual=0&type=strType&season=2025&month=0&season1=2025&ind=1&team=25&rost=0&age=0"">NYM</a>",113.1,3.017647194251888,4.123371656675242,4.35212377705097,0.1120332
673820,NA,NA,99.67995204919329,99.80736483102643,98.36224164206409,NA,NA,NA,98.76128450378877,Robinson Piña,- - -,2.1,7.714286765273879,9.135137135642026,6.867435358394765,0
673929,NA,NA,110.37047405555596,98.73537890734771,106.02939171447706,NA,NA,NA,108.28137450912197,Jordan Leasure,"<a href=""leaders.aspx?pos=all&stats=pit&lg=all&qual=0&type=strType&season=2025&month=0&season1=2025&ind=1&team=4&rost=0&age=0"">CHW</a>",64.1,3.9170994520887636,4.487468271904099,3.907891862451911,0.18959108
673965,NA,108.83134990901762,96.36820557764287,NA,114.17977984213515,NA,NA,NA,103.40826133787127,Caleb Freeman,"<a href=""leaders.aspx?pos=all&stats=pit&lg=all&qual=0&type=strType&season=2025&month=0&season1=2025&ind=1&team=4&rost=0&age=0"">CHW</a>",3.1,5.400002059937309,6.135137462616404,4.547745829266361,0.125
674072,95.42235555407764,95.08686576608719,88.62766151552856,80.18961490268337,92.20803030783212,NA,NA,NA,92.57479946552426,Tommy Henry,"<a href=""leaders.aspx?pos=all&stats=pit&lg=all&qual=0&type=strType&season=2025&month=0&season1=2025&ind=1&team=15&rost=0&age=0"">ARI</a>",6.2,4.050000386238135,7.485136733055155,2.5601798522513906,0.26923077
674285,87.71064102887976,NA,90.51714449906173,93.51688959752312,101.27875551553184,NA,NA,NA,95.22446697354567,Eduardo Salazar,"<a href=""leaders.aspx?pos=all&stats=pit&lg=all&qual=0&type=strType&season=2025&month=0&season1=2025&ind=1&team=24&rost=0&age=0"">WSN</a>",29,8.37931144705298,6.445481581240064,5.008779946510529,0.04666667
674370,93.51776906740423,NA,100.42163385007834,95.61292241466938,101.03620339564254,NA,99.64551296338335,NA,99.10209386047485,Osvaldo Bido,"<a href=""leaders.aspx?pos=all&stats=pit&lg=all&qual=0&type=strType&season=2025&month=0&season1=2025&ind=1&team=10&rost=0&age=0"">ATH</a>",79.2,5.874477456262617,6.072375046338095,5.46841313548382,0.09090909
674384,NA,110.96095934499756,104.90164770207585,NA,114.03660428656964,NA,NA,NA,108.06296191944145,Eduarniel Núñez,- - -,12.2,7.105265119399932,6.766716268122307,6.6615448472498295,0
674444,NA,NA,104.9600813818758,NA,108.00934221059163,NA,95.99095101277776,NA,103.42304690593394,Steven Cruz,"<a href=""leaders.aspx?pos=all&stats=pit&lg=all&qual=0&type=strType&season=2025&month=0&season1=2025&ind=1&team=7&rost=0&age=0"">KCR</a>",45.2,3.7445263815611414,4.142435812661831,4.474635398398146,0.10582011
674841,99.34231852572094,108.45820939902733,91.40772511169155,97.96496631312044,105.06232453017152,NA,NA,NA,100.48882236713104,Andrew Alvarez,"<a href=""leaders.aspx?pos=all&stats=pit&lg=all&qual=0&type=strType&season=2025&month=0&season1=2025&ind=1&team=24&rost=0&age=0"">WSN</a>",23.1,2.314285840404284,3.392279189362819,4.156627215126086,0.10204082
674944,NA,NA,88.54639327119982,86.7232858821177,94.55287401175332,NA,NA,NA,89.27748990866543,Sean Guenther,"<a href=""leaders.aspx?pos=all&stats=pit&lg=all&qual=0&type=strType&season=2025&month=0&season1=2025&ind=1&team=6&rost=0&age=0"">DET</a>",10.1,5.225807592040419,3.038362103539372,4.3811676062394564,0.06976744
675512,NA,104.79982716922497,100.22222864106773,91.09073981378009,102.582527109376,NA,102.03601767629904,NA,101.26962412510707,Troy Melton,"<a href=""leaders.aspx?pos=all&stats=pit&lg=all&qual=0&type=strType&season=2025&month=0&season1=2025&ind=1&team=6&rost=0&age=0"">DET</a>",45.2,2.759124356483828,4.602289745860886,4.5339497598567196,0.11666667
675540,NA,94.69201699644967,91.90851800601824,NA,94.93895796795796,97.30159729700173,NA,NA,93.12312128499632,Xzavion Curry,"<a href=""leaders.aspx?pos=all&stats=pit&lg=all&qual=0&type=strType&season=2025&month=0&season1=2025&ind=1&team=20&rost=0&age=0"">MIA</a>",3,6.000001907349239,5.468470393287047,8.038036734787756,-0.125
675650,NA,102.73785871238069,102.11248809925776,NA,NA,NA,107.32534874608507,NA,104.07320665928268,Michael Mercado,"<a href=""leaders.aspx?pos=all&stats=pit&lg=all&qual=0&type=strType&season=2025&month=0&season1=2025&ind=1&team=26&rost=0&age=0"">PHI</a>",3,15,8.801802984873454,6.524122071266175,0
675848,NA,NA,102.80332179182452,NA,106.41376677396146,NA,NA,NA,103.95293448705225,Juan Mejia,"<a href=""leaders.aspx?pos=all&stats=pit&lg=all&qual=0&type=strType&season=2025&month=0&season1=2025&ind=1&team=19&rost=0&age=0"">COL</a>",61.1,3.9619568502970863,3.705788539442993,4.067957952003874,0.16475096
675911,97.53831796488433,98.9569146334497,99.82458896588244,NA,98.70805611386083,NA,NA,NA,99.27465931829848,Spencer Strider,"<a href=""leaders.aspx?pos=all&stats=pit&lg=all&qual=0&type=strType&season=2025&month=0&season1=2025&ind=1&team=16&rost=0&age=0"">ATL</a>",125.1,4.452127840250212,4.5314129706150075,4.240606049067837,0.14842301
675916,NA,107.6913176976085,102.20596301784069,NA,NA,NA,NA,NA,105.53635693055685,NA,NA,NA,NA,NA,NA,NA
675919,85.69570774523172,NA,85.4801758012232,91.38535333294598,NA,102.9032004295514,NA,NA,95.6426697365593,Nick Raquet,"<a href=""leaders.aspx?pos=all&stats=pit&lg=all&qual=0&type=strType&season=2025&month=0&season1=2025&ind=1&team=28&rost=0&age=0"">STL</a>",2,0,3.6351363182067873,5.176875633001328,0
675989,NA,NA,94.67500505804544,93.07818822700926,NA,106.93933495376015,106.06903437206064,NA,99.61341447038357,Cody Bolton,"<a href=""leaders.aspx?pos=all&stats=pit&lg=all&qual=0&type=strType&season=2025&month=0&season1=2025&ind=1&team=5&rost=0&age=0"">CLE</a>",2,13.5,2.1351363182067873,4.447745290398598,0.1
676051,99.05676607461767,NA,99.72120921085941,NA,98.26840256846963,NA,NA,NA,98.92688705454361,Codi Heuer,- - -,4.2,5.785716256317499,10.635138872692433,4.260230106147286,0.14285714
676083,97.92599848484873,102.93599980326492,102.40540552856577,NA,103.0855432523044,102.55245306310017,NA,NA,102.32133506516702,Janson Junk,"<a href=""leaders.aspx?pos=all&stats=pit&lg=all&qual=0&type=strType&season=2025&month=0&season1=2025&ind=1&team=20&rost=0&age=0"">MIA</a>",110,4.172727489786711,3.1442272277705934,4.062875719808981,0.14317673
676092,NA,NA,102.41797880297563,90.30177029678956,NA,102.41128900885259,98.79544762886901,NA,100.5735963159393,Collin Snider,"<a href=""leaders.aspx?pos=all&stats=pit&lg=all&qual=0&type=strType&season=2025&month=0&season1=2025&ind=1&team=11&rost=0&age=0"">SEA</a>",26.1,5.4683550905101015,3.704756640134923,4.0972500320764995,0.1512605
676106,94.75208395860005,NA,94.33561244671579,98.89821595962363,96.63534495823393,88.49831926590807,NA,NA,96.28240068644342,Emerson Hancock,"<a href=""leaders.aspx?pos=all&stats=pit&lg=all&qual=0&type=strType&season=2025&month=0&season1=2025&ind=1&team=11&rost=0&age=0"">SEA</a>",90,4.9000003115336295,5.0795808862756875,4.608827435953318,0.08571429
676130,97.66176961402806,NA,101.42357691034036,92.97798342579543,104.6017089351941,101.78907249136466,NA,NA,100.30818520373977,José Buttó,- - -,67,3.8955232752383275,3.702300626479034,4.375876553494095,0.0915493
676206,108.09331993999865,100.28290836890733,97.78663198108767,88.96119480588689,108.9863290161752,NA,NA,NA,102.16486977900405,Freddy Tarnok,"<a href=""leaders.aspx?pos=all&stats=pit&lg=all&qual=0&type=strType&season=2025&month=0&season1=2025&ind=1&team=20&rost=0&age=0"">MIA</a>",7.1,2.454545560947139,4.226045456405516,3.0840296720436857,0.21428572
676249,97.02877243579202,NA,89.64627364089208,NA,96.84581503058027,NA,105.64253626749974,NA,97.40814065515357,NA,NA,NA,NA,NA,NA,NA
676254,NA,NA,NA,97.52707555875794,108.21985799029615,NA,NA,NA,101.44776245032196,Ryan Walker,"<a href=""leaders.aspx?pos=all&stats=pit&lg=all&qual=0&type=strType&season=2025&month=0&season1=2025&ind=1&team=30&rost=0&age=0"">SFG</a>",61.1,4.108696248445796,3.2981798201292394,3.63179532172992,0.15789474
676263,NA,100.12422255102209,106.34907543268397,NA,102.4734770489154,NA,NA,NA,104.06681974864671,Jack Dreyer,"<a href=""leaders.aspx?pos=all&stats=pit&lg=all&qual=0&type=strType&season=2025&month=0&season1=2025&ind=1&team=22&rost=0&age=0"">LAD</a>",76.1,2.9475988547660124,2.820725773698413,3.997669467505927,0.16286645
676272,116.96571955443214,105.88085454932305,100.91755885742808,103.030158718287,108.35494973074947,NA,NA,NA,105.39166118420908,Bobby Miller,"<a href=""leaders.aspx?pos=all&stats=pit&lg=all&qual=0&type=strType&season=2025&month=0&season1=2025&ind=1&team=22&rost=0&age=0"">LAD</a>",5,12.6,7.3351363182067875,4.293571358919143,0.17857143
676282,99.5002484295803,105.2283017046185,90.22704773475162,NA,96.2496974605636,NA,NA,NA,96.25308474928153,Joey Cantillo,"<a href=""leaders.aspx?pos=all&stats=pit&lg=all&qual=0&type=strType&season=2025&month=0&season1=2025&ind=1&team=5&rost=0&age=0"">CLE</a>",95.1,3.20979038104026,3.5547167601728344,3.662740657330958,0.16458853
676395,97.47069554580598,NA,95.15071044261555,NA,98.78510352479124,NA,NA,NA,96.78677646716793,Robert Garcia,"<a href=""leaders.aspx?pos=all&stats=pit&lg=all&qual=0&type=strType&season=2025&month=0&season1=2025&ind=1&team=13&rost=0&age=0"">TEX</a>",64,2.9531257040800343,3.713261456042561,3.6781801160603877,0.17100372
676428,91.56162588882007,NA,89.56404053429563,95.12644100873936,NA,101.2074797437792,NA,NA,96.51117928121306,Brant Hurter,"<a href=""leaders.aspx?pos=all&stats=pit&lg=all&qual=0&type=strType&season=2025&month=0&season1=2025&ind=1&team=6&rost=0&age=0"">DET</a>",63,2.4285719432529147,3.611326895315202,4.082948958504797,0.14801444
676440,97.4568423531203,98.65201634048098,90.31251379935641,93.51824900054704,NA,108.26243253703706,108.44625256680735,NA,98.76288751612796,Tanner Bibee,"<a href=""leaders.aspx?pos=all&stats=pit&lg=all&qual=0&type=strType&season=2025&month=0&season1=2025&ind=1&team=5&rost=0&age=0"">CLE</a>",182.1,4.244972696111779,4.336233243850817,4.169954139453331,0.14173228
676467,87.76293057263364,96.88283587261975,90.05341190618647,93.34965599159815,NA,105.38497404183997,NA,NA,95.51309060111215,Colton Gordon,"<a href=""leaders.aspx?pos=all&stats=pit&lg=all&qual=0&type=strType&season=2025&month=0&season1=2025&ind=1&team=21&rost=0&age=0"">HOU</a>",86,5.337209302325581,5.3676944577416705,4.434176019943037,0.13984169
676475,36.078685353448,NA,NA,NA,NA,NA,NA,NA,36.078685353448,Alec Burleson,"<a href=""leaders.aspx?pos=all&stats=pit&lg=all&qual=0&type=strType&season=2025&month=0&season1=2025&ind=1&team=28&rost=0&age=0"">STL</a>",1,0,6.135136318206787,7.676875633001328,0
676477,109.5046491481227,NA,NA,101.64345044643365,104.46998959328099,96.10212625290997,NA,NA,104.10532662236486,Garrett Whitlock,"<a href=""leaders.aspx?pos=all&stats=pit&lg=all&qual=0&type=strType&season=2025&month=0&season1=2025&ind=1&team=3&rost=0&age=0"">BOS</a>",72,2.2500002384186044,2.176802883324789,3.100474632418242,0.22866894
676508,NA,107.43618491532561,99.57235715507275,86.77054367425029,NA,117.1794674627915,111.30909282780912,NA,108.74475258822861,Ben Casparius,"<a href=""leaders.aspx?pos=all&stats=pit&lg=all&qual=0&type=strType&season=2025&month=0&season1=2025&ind=1&team=22&rost=0&age=0"">LAD</a>",77.2,4.635193626317996,3.57290460513682,4.357876019354981,0.15015015
676510,100.07845851902893,96.27182327806787,NA,96.12747552161852,NA,NA,93.46760757112553,NA,96.42976518301401,Nolan Hoffman,"<a href=""leaders.aspx?pos=all&stats=pit&lg=all&qual=0&type=strType&season=2025&month=0&season1=2025&ind=1&team=26&rost=0&age=0"">PHI</a>",1,27,2.1351363182067873,2.1351363182067873,0.14285714
676534,87.44139156711843,108.20323215756217,97.7513478448021,97.32783362483926,NA,112.12505549542583,111.44848461045342,NA,106.86339505846608,Calvin Faucher,"<a href=""leaders.aspx?pos=all&stats=pit&lg=all&qual=0&type=strType&season=2025&month=0&season1=2025&ind=1&team=20&rost=0&age=0"">MIA</a>",60.1,3.281768232463034,4.245633649393774,3.927329683007951,0.1372549
676571,87.92605473952518,NA,94.07630377611964,95.20653441292782,97.87255946754884,99.22114647745896,NA,NA,94.23435177882315,PJ Poulin,"<a href=""leaders.aspx?pos=all&stats=pit&lg=all&qual=0&type=strType&season=2025&month=0&season1=2025&ind=1&team=24&rost=0&age=0"">WSN</a>",24.2,3.648649589087406,3.8243256850344083,4.3328453919105465,0.12727273
676604,98.99088390616168,NA,99.68511001262442,95.13503368194102,104.55311603221303,110.56204618064491,100.31222165741231,NA,103.53156592989409,Tyler Zuber,- - -,12,11.250001788139627,5.551803368992337,4.357455598881925,0.13559322
676609,11.714186554285902,NA,NA,NA,NA,NA,NA,NA,68.126380640307,José Caballero,"<a href=""leaders.aspx?pos=all&stats=pit&lg=all&qual=0&type=strType&season=2025&month=0&season1=2025&ind=1&team=12&rost=0&age=0"">TBR</a>",1,54,32.13513631820679,13.843832892179488,-0.11111111
676617,101.7953921142183,106.39094681042772,NA,98.48336868774246,108.12650791825573,NA,NA,NA,102.99116378890648,Riley O'Brien,"<a href=""leaders.aspx?pos=all&stats=pit&lg=all&qual=0&type=strType&season=2025&month=0&season1=2025&ind=1&team=28&rost=0&age=0"">STL</a>",48,2.0625003278255982,3.6143030610349567,3.8756256623598886,0.11557789
676661,NA,NA,107.1324239799459,NA,NA,NA,102.92044265769984,104.51667966161625,105.59245729645026,Max Lazar,"<a href=""leaders.aspx?pos=all&stats=pit&lg=all&qual=0&type=strType&season=2025&month=0&season1=2025&ind=1&team=26&rost=0&age=0"">PHI</a>",41.1,4.790323170117184,4.949652670523903,4.57574681221299,0.08235294
676664,89.68759762928752,94.91278358576069,90.0095669099163,90.98834932919013,102.99115779632504,103.46983424543227,84.96978765268231,NA,94.63227032669394,JP Sears,- - -,135.2,5.041769136279228,5.213760435795592,4.759636157390231,0.13893654
676679,NA,NA,NA,NA,12.033511969600426,NA,NA,NA,58.252495988856104,Luis Vázquez,"<a href=""leaders.aspx?pos=all&stats=pit&lg=all&qual=0&type=strType&season=2025&month=0&season1=2025&ind=1&team=2&rost=0&age=0"">BAL</a>",4.1,0,3.8274440613018728,4.894802126768245,-0.07142857
676680,NA,NA,91.22698826202449,88.61248694964279,NA,97.9152551248379,NA,NA,93.19071760164864,Tom Cosgrove,"<a href=""leaders.aspx?pos=all&stats=pit&lg=all&qual=0&type=strType&season=2025&month=0&season1=2025&ind=1&team=17&rost=0&age=0"">CHC</a>",4,2.25,2.3851363182067873,3.5414408043026926,0.125
676684,103.99936155177404,NA,102.51178847909517,93.13692239545769,110.8690502014433,NA,NA,NA,103.00168485560624,Will Vest,"<a href=""leaders.aspx?pos=all&stats=pit&lg=all&qual=0&type=strType&season=2025&month=0&season1=2025&ind=1&team=6&rost=0&age=0"">DET</a>",68.2,3.0145635533843627,2.7128061585539056,3.0332453386968257,0.18661972
676697,NA,NA,102.9571836094274,NA,98.46276584352412,NA,95.61195575600426,NA,98.76822024213698,NA,NA,NA,NA,NA,NA,NA
676701,59.156755588921335,NA,NA,NA,NA,NA,NA,NA,74.8576040866809,Alan Trejo,"<a href=""leaders.aspx?pos=all&stats=pit&lg=all&qual=0&type=strType&season=2025&month=0&season1=2025&ind=1&team=19&rost=0&age=0"">COL</a>",1,0,3.1351363182067873,3.1351363182067873,0
676702,NA,NA,100.56601724255998,95.45880883324216,106.33780317397468,NA,100.0616237119992,NA,101.78718400388992,Hunter Stratton,- - -,19,5.210527361925499,5.082505130239549,5.301910480303345,0.1011236
676742,111.83066146302704,NA,107.96136392891432,NA,106.5060834050621,103.06085047760487,NA,NA,107.49397947976165,Cam Sanders,"<a href=""leaders.aspx?pos=all&stats=pit&lg=all&qual=0&type=strType&season=2025&month=0&season1=2025&ind=1&team=27&rost=0&age=0"">PIT</a>",6.2,8.10000193119095,8.085137498379035,7.191528949175509,-0.02941177
676755,95.16204659272124,93.27737949930682,102.39191496866636,NA,99.47458158178102,NA,NA,NA,101.21252844633352,Isaac Mattson,"<a href=""leaders.aspx?pos=all&stats=pit&lg=all&qual=0&type=strType&season=2025&month=0&season1=2025&ind=1&team=27&rost=0&age=0"">PIT</a>",47.2,2.4545457819352827,3.6596119126374034,4.9298282354867595,0.13131313
676760,96.0697932901796,NA,101.67047567089514,NA,NA,98.7147839006872,98.08011262205423,NA,99.47846946350502,Ron Marinaccio,"<a href=""leaders.aspx?pos=all&stats=pit&lg=all&qual=0&type=strType&season=2025&month=0&season1=2025&ind=1&team=29&rost=0&age=0"">SDP</a>",10.2,0.843750050291422,2.010136251151558,3.6000550142999708,0.19047619
676775,NA,NA,91.08473962148639,93.25449456837242,104.01064273364986,NA,NA,NA,99.27650788988832,Keaton Winn,"<a href=""leaders.aspx?pos=all&stats=pit&lg=all&qual=0&type=strType&season=2025&month=0&season1=2025&ind=1&team=30&rost=0&age=0"">SFG</a>",10,4.5,3.2351363182067874,3.6310495644807816,0.16666667
676879,91.48601514442153,107.98519169271428,86.03297949221118,99.52303718177508,102.65304979004999,NA,NA,NA,100.32538418214199,Aaron Ashby,"<a href=""leaders.aspx?pos=all&stats=pit&lg=all&qual=0&type=strType&season=2025&month=0&season1=2025&ind=1&team=23&rost=0&age=0"">MIL</a>",66.2,2.160000329589894,2.7001362518310446,2.970801612842271,0.19259259
676917,110.75859787437909,NA,101.10839703100059,97.46042229760995,NA,NA,95.47809314066137,108.22851190269999,103.42461178684397,Cade Cavalli,"<a href=""leaders.aspx?pos=all&stats=pit&lg=all&qual=0&type=strType&season=2025&month=0&season1=2025&ind=1&team=24&rost=0&age=0"">WSN</a>",48.2,4.253424879801757,4.532396665194804,3.929716618463715,0.11415525
676961,90.52946534165575,93.21434139521159,96.77182893476046,93.3111376416584,98.96153423762034,99.6595009089663,96.57046290112285,NA,94.95307073699061,Caleb Boushley,"<a href=""leaders.aspx?pos=all&stats=pit&lg=all&qual=0&type=strType&season=2025&month=0&season1=2025&ind=1&team=13&rost=0&age=0"">TEX</a>",43.1,6.02307763003747,3.850521017559897,3.951558010167321,0.13989637
676962,96.58243384073688,NA,95.44126597601668,NA,NA,NA,NA,112.03777301778165,101.7453544941393,Ben Brown,"<a href=""leaders.aspx?pos=all&stats=pit&lg=all&qual=0&type=strType&season=2025&month=0&season1=2025&ind=1&team=17&rost=0&age=0"">CHC</a>",106.1,5.924765173682577,4.075575234664339,3.556845684925516,0.18855932
676969,NA,NA,NA,95.57088700712029,NA,NA,92.32528822578992,99.1256703209054,95.75648842598281,Brett de Geus,"<a href=""leaders.aspx?pos=all&stats=pit&lg=all&qual=0&type=strType&season=2025&month=0&season1=2025&ind=1&team=26&rost=0&age=0"">PHI</a>",2,4.5,7.635136318206787,9.176875633001327,-0.3
676974,104.6031966779141,NA,100.00713858492844,98.49898873310961,107.37146710865073,109.2661775781064,NA,NA,104.24704497736117,Max Meyer,"<a href=""leaders.aspx?pos=all&stats=pit&lg=all&qual=0&type=strType&season=2025&month=0&season1=2025&ind=1&team=20&rost=0&age=0"">MIA</a>",64.2,4.731958948979287,4.465033277723842,3.506983212249919,0.16842105
676979,103.88716018828842,NA,102.27982242358493,101.0897140628853,NA,103.3649887307748,104.74825264325435,NA,103.01773269467371,Garrett Crochet,"<a href=""leaders.aspx?pos=all&stats=pit&lg=all&qual=0&type=strType&season=2025&month=0&season1=2025&ind=1&team=3&rost=0&age=0"">BOS</a>",205.1,2.586039025097117,2.8867596886776856,2.643719180295724,0.25675676
677020,NA,97.34534006091755,93.32806845180966,91.17768578704052,NA,NA,NA,NA,95.35001637869995,Josh Walker,"<a href=""leaders.aspx?pos=all&stats=pit&lg=all&qual=0&type=strType&season=2025&month=0&season1=2025&ind=1&team=14&rost=0&age=0"">TOR</a>",5,7.200001373291277,1.7351360511779277,3.276875660035962,0.24
677161,96.92211844227594,93.15416324989941,100.02481339989507,98.74168333962223,NA,108.45534466747398,104.04783851992605,NA,102.41643259764693,Zack Kelly,"<a href=""leaders.aspx?pos=all&stats=pit&lg=all&qual=0&type=strType&season=2025&month=0&season1=2025&ind=1&team=3&rost=0&age=0"">BOS</a>",35.1,4.584906320378476,3.5313627903382603,4.0420521463259504,0.15131579
677312,NA,NA,NA,100.66359182422342,97.84147444213903,NA,NA,NA,99.43658426679542,NA,NA,NA,NA,NA,NA,NA
677334,104.85213604025053,NA,84.60400326959481,NA,92.7224290707866,NA,NA,NA,94.22665950888864,NA,NA,NA,NA,NA,NA,NA
677649,NA,NA,NA,NA,13.330542286583075,NA,NA,NA,46.90846365460399,Ezequiel Duran,"<a href=""leaders.aspx?pos=all&stats=pit&lg=all&qual=0&type=strType&season=2025&month=0&season1=2025&ind=1&team=13&rost=0&age=0"">TEX</a>",3.1,0,3.1351363182067877,5.910267349494079,0
677651,94.48523881964786,93.2807171389284,98.06959168901766,NA,NA,96.24071153271137,96.12144090204053,NA,96.66169427247851,Luis Garcia,"<a href=""leaders.aspx?pos=all&stats=pit&lg=all&qual=0&type=strType&season=2025&month=0&season1=2025&ind=1&team=21&rost=0&age=0"">HOU</a>",7.2,3.521739422486299,5.48296259986432,4.303718910255233,0.21428572
677865,NA,NA,NA,98.39566754681745,NA,98.92167659447735,95.13116884875332,NA,98.31852696314516,Justin Bruihl,"<a href=""leaders.aspx?pos=all&stats=pit&lg=all&qual=0&type=strType&season=2025&month=0&season1=2025&ind=1&team=14&rost=0&age=0"">TOR</a>",13.2,5.2682940308927755,4.159526824213716,3.3851895393531017,0.16923077
677944,98.32008134503057,97.17883860020898,98.33010874616592,94.38100803263464,101.47535976106866,99.42635688227026,96.47818866110359,NA,98.25241959254228,Slade Cecconi,"<a href=""leaders.aspx?pos=all&stats=pit&lg=all&qual=0&type=strType&season=2025&month=0&season1=2025&ind=1&team=5&rost=0&age=0"">CLE</a>",132,4.295454545454546,4.642712075782545,4.089451422700376,0.1412844
677952,96.82770232645817,109.52867186092338,98.26821960324695,101.70207695950315,106.14712433203364,NA,NA,NA,103.53124104530902,Braxton Ashcraft,"<a href=""leaders.aspx?pos=all&stats=pit&lg=all&qual=0&type=strType&season=2025&month=0&season1=2025&ind=1&team=27&rost=0&age=0"">PIT</a>",69.2,2.7129187593202273,2.7762846304660167,3.544289809999183,0.1609589
677955,96.97247540120013,NA,93.9920479596366,97.05765751086494,107.38467981345009,NA,NA,NA,98.91844700418278,Jaden Hill,"<a href=""leaders.aspx?pos=all&stats=pit&lg=all&qual=0&type=strType&season=2025&month=0&season1=2025&ind=1&team=19&rost=0&age=0"">COL</a>",29.1,3.375000585209341,3.4419545532258184,4.079810577317131,0.14728682
677958,90.66628179957637,99.0204041940521,89.82881614108763,97.70063549129188,99.4985526380796,NA,96.0056775625962,NA,95.54017756777348,Kumar Rocker,"<a href=""leaders.aspx?pos=all&stats=pit&lg=all&qual=0&type=strType&season=2025&month=0&season1=2025&ind=1&team=13&rost=0&age=0"">TEX</a>",64.1,5.735751748811534,4.876069098333865,4.13909242116502,0.11498258
677960,103.19559101489531,NA,104.25144825303941,94.25452871251969,103.71773141330958,106.11020352237566,NA,NA,103.8860852483239,Ryan Weathers,"<a href=""leaders.aspx?pos=all&stats=pit&lg=all&qual=0&type=strType&season=2025&month=0&season1=2025&ind=1&team=20&rost=0&age=0"">MIA</a>",38.1,3.9913044802227677,4.596005931883094,4.031960760975281,0.15060241
677961,NA,NA,84.10203822727743,98.43618671678175,103.01153918910191,105.00586076353909,NA,NA,97.14683120845741,Cole Wilcox,"<a href=""leaders.aspx?pos=all&stats=pit&lg=all&qual=0&type=strType&season=2025&month=0&season1=2025&ind=1&team=12&rost=0&age=0"">TBR</a>",1,27,10.135136318206786,13.218614947795867,-0.16666667
677976,94.42254888209507,NA,83.92883409616736,95.00631794563746,94.78914436958007,NA,NA,NA,93.31857521341257,Randy Dobnak,"<a href=""leaders.aspx?pos=all&stats=pit&lg=all&qual=0&type=strType&season=2025&month=0&season1=2025&ind=1&team=8&rost=0&age=0"">MIN</a>",5.1,1.687500100582844,6.322636508196604,5.330517056681558,-0.05263158
678020,NA,NA,100.18070964860969,NA,113.05201409849953,NA,NA,NA,104.89622304539921,Seth Halvorsen,"<a href=""leaders.aspx?pos=all&stats=pit&lg=all&qual=0&type=strType&season=2025&month=0&season1=2025&ind=1&team=19&rost=0&age=0"">COL</a>",39.2,4.991597438715677,5.2023635403011586,4.307471346428018,0.0867052
678022,110.78156868885742,103.12347490788245,97.23995237371409,NA,NA,113.23161904801276,93.84706988815135,NA,103.32017263765594,Jack Perkins,"<a href=""leaders.aspx?pos=all&stats=pit&lg=all&qual=0&type=strType&season=2025&month=0&season1=2025&ind=1&team=10&rost=0&age=0"">ATH</a>",38.2,4.189655241302872,4.117894955055609,4.64707809639498,0.11801242
678024,94.83243688818983,99.37970873828944,90.6843889377304,92.89507096885418,NA,103.5250317136876,100.02543462472198,NA,95.71507730956715,Mike Vasil,"<a href=""leaders.aspx?pos=all&stats=pit&lg=all&qual=0&type=strType&season=2025&month=0&season1=2025&ind=1&team=4&rost=0&age=0"">CHW</a>",101,2.495049716982015,4.323255231055366,4.667379402195466,0.07092199
678215,NA,NA,95.17278903574268,95.84754097035473,100.61245427827093,NA,NA,NA,98.30567839418238,Luarbert Arias,"<a href=""leaders.aspx?pos=all&stats=pit&lg=all&qual=0&type=strType&season=2025&month=0&season1=2025&ind=1&team=20&rost=0&age=0"">MIA</a>",10.1,11.322580993485635,5.74803962439578,5.469919266347976,0.09090909
678226,NA,NA,100.11484112011091,NA,111.33146701043229,NA,NA,NA,106.24611572253738,Daysbel Hernández,"<a href=""leaders.aspx?pos=all&stats=pit&lg=all&qual=0&type=strType&season=2025&month=0&season1=2025&ind=1&team=16&rost=0&age=0"">ATL</a>",37,3.4054061075996414,5.000001567606591,5.6543614837943235,0.01829268
678316,99.03595238802015,95.79953239611378,102.07881209941291,NA,103.38127271854526,NA,NA,NA,100.64811094464048,Omar Cruz,"<a href=""leaders.aspx?pos=all&stats=pit&lg=all&qual=0&type=strType&season=2025&month=0&season1=2025&ind=1&team=29&rost=0&age=0"">SDP</a>",3.2,4.909091760304496,2.8624089981898706,4.964781155633031,0.11111111
678368,92.19952122005716,96.61815655632586,86.54265997491508,NA,NA,103.20741496458517,99.55613677688139,NA,94.86727567903516,Valente Bellozo,"<a href=""leaders.aspx?pos=all&stats=pit&lg=all&qual=0&type=strType&season=2025&month=0&season1=2025&ind=1&team=20&rost=0&age=0"">MIA</a>",81.1,4.647541165255764,5.200710169431572,5.3432478985576,0.08908046
678394,92.52492724718964,NA,89.81370459711417,96.21051242953658,NA,103.85860079622114,101.03931550946417,NA,96.87924796261854,Brayan Bello,"<a href=""leaders.aspx?pos=all&stats=pit&lg=all&qual=0&type=strType&season=2025&month=0&season1=2025&ind=1&team=3&rost=0&age=0"">BOS</a>",166.2,3.3480002043457158,4.191136382659916,4.386204393213612,0.09285714
678493,NA,NA,60.257152593104564,54.243082011210035,NA,NA,99.92964710867396,NA,89.5103509312904,NA,NA,NA,NA,NA,NA,NA
678495,NA,NA,115.18481977585043,97.70404848900621,113.03265907377481,NA,NA,NA,114.21166504097097,Randy Rodríguez,"<a href=""leaders.aspx?pos=all&stats=pit&lg=all&qual=0&type=strType&season=2025&month=0&season1=2025&ind=1&team=30&rost=0&age=0"">SFG</a>",50.2,1.7763160123719683,2.404873068676089,2.9000106125128013,0.28282828
678606,103.63732384418233,NA,100.81336176201502,103.16381344435841,102.25189709358723,NA,NA,NA,102.99238715835659,Jose A. Ferrer,"<a href=""leaders.aspx?pos=all&stats=pit&lg=all&qual=0&type=strType&season=2025&month=0&season1=2025&ind=1&team=24&rost=0&age=0"">WSN</a>",76.1,4.480350091317871,3.030332807298767,3.0876900548326898,0.16975309
678692,106.7410915191461,NA,112.01047080775446,100.23000353275138,105.2641818090012,108.71203936579752,NA,NA,108.42586571362698,Ronny Henriquez,"<a href=""leaders.aspx?pos=all&stats=pit&lg=all&qual=0&type=strType&season=2025&month=0&season1=2025&ind=1&team=20&rost=0&age=0"">MIA</a>",73,2.2191785460544837,3.1488349512071236,3.3926350825614175,0.23432343
678821,86.95277334987608,95.39756451696024,94.78600618211357,NA,NA,NA,NA,NA,94.80199662999253,Luis Peralta,"<a href=""leaders.aspx?pos=all&stats=pit&lg=all&qual=0&type=strType&season=2025&month=0&season1=2025&ind=1&team=19&rost=0&age=0"">COL</a>",19,9.473687063624853,8.714085366785866,6.880858541756346,-0.01980198
678868,NA,NA,88.98919703943254,96.8484795560655,107.66279616465124,NA,NA,NA,98.3784074116809,NA,NA,NA,NA,NA,NA,NA
678906,99.00756246987216,104.23677381871964,96.30902650165062,97.80023253194517,NA,108.95816871770566,NA,NA,102.89184412552964,Kai-Wei Teng,"<a href=""leaders.aspx?pos=all&stats=pit&lg=all&qual=0&type=strType&season=2025&month=0&season1=2025&ind=1&team=30&rost=0&age=0"">SFG</a>",29.2,6.370787062980314,3.809293679368725,4.439982726547384,0.15827338
679066,NA,NA,104.5003421292835,NA,102.82938107706119,NA,NA,NA,103.9990538136168,NA,NA,NA,NA,NA,NA,NA
679358,NA,NA,97.1831392538159,98.35968512209837,102.58883499219436,NA,NA,NA,102.67424033740357,Eric Orze,"<a href=""leaders.aspx?pos=all&stats=pit&lg=all&qual=0&type=strType&season=2025&month=0&season1=2025&ind=1&team=12&rost=0&age=0"">TBR</a>",41.2,3.024000184570324,4.0471363738708535,4.649223588372789,0.11797753
679702,NA,NA,88.58698986705932,87.95248673880427,NA,NA,93.86118774083012,NA,91.32932670243513,NA,NA,NA,NA,NA,NA,NA
679712,NA,100.80786132843397,86.44774050507891,NA,98.15581884345849,NA,NA,NA,92.3589232430052,NA,NA,NA,NA,NA,NA,NA
679758,NA,NA,89.59941763633475,NA,94.0708556674644,NA,90.40426124397715,NA,91.06466527840288,NA,NA,NA,NA,NA,NA,NA
679775,94.97722071790345,NA,NA,102.44044402540744,NA,100.19996478129623,NA,NA,101.19118542749416,Kyle Backhus,"<a href=""leaders.aspx?pos=all&stats=pit&lg=all&qual=0&type=strType&season=2025&month=0&season1=2025&ind=1&team=15&rost=0&age=0"">ARI</a>",25.1,4.618422675331454,4.240399864439956,4.2832375973066,0.12173913
679883,100.23749442033065,103.94264524264122,101.69611913313736,94.11610366152756,NA,NA,NA,NA,100.82890811994383,Luinder Avila,"<a href=""leaders.aspx?pos=all&stats=pit&lg=all&qual=0&type=strType&season=2025&month=0&season1=2025&ind=1&team=7&rost=0&age=0"">KCR</a>",14,1.285714373296627,2.1351362500871884,3.34650293708642,0.17857143
679885,NA,NA,103.16179424206176,102.39678090522465,108.48246189287532,NA,NA,NA,105.3934596626522,Justin Martinez,"<a href=""leaders.aspx?pos=all&stats=pit&lg=all&qual=0&type=strType&season=2025&month=0&season1=2025&ind=1&team=15&rost=0&age=0"">ARI</a>",15.1,4.108696248445796,4.0481799289725195,4.1052877959440135,0.14925373
679922,NA,NA,94.23351265988704,94.78176524615947,107.93707244133911,NA,NA,NA,97.4614990289672,Carlos Duran,"<a href=""leaders.aspx?pos=all&stats=pit&lg=all&qual=0&type=strType&season=2025&month=0&season1=2025&ind=1&team=10&rost=0&age=0"">ATH</a>",0.1,81.0000844896721,30.13516448143082,34.76038725029775,-0.6
679928,91.97226930094175,92.28148843821195,86.77589265807549,94.50344533584072,NA,96.96585406411612,88.38097868726666,NA,90.63109412449207,NA,NA,NA,NA,NA,NA,NA
680573,108.9899025356266,99.8805946867303,94.86896644752281,NA,101.88534125289017,NA,NA,NA,98.40175368093225,Simeon Woods Richardson,"<a href=""leaders.aspx?pos=all&stats=pit&lg=all&qual=0&type=strType&season=2025&month=0&season1=2025&ind=1&team=8&rost=0&age=0"">MIN</a>",111.1,4.041916456188018,4.51836994988002,4.707469416277359,0.12951168
680604,92.96506947814994,NA,92.51904877828356,96.30408334676804,NA,110.86965973931703,101.28767828530285,NA,98.71336857644755,Blas Castaño,"<a href=""leaders.aspx?pos=all&stats=pit&lg=all&qual=0&type=strType&season=2025&month=0&season1=2025&ind=1&team=11&rost=0&age=0"">SEA</a>",3,9,9.801802984873454,9.065861386060716,-0.0625
680684,106.59108557438289,NA,101.83199423164491,95.82111223316686,97.14728214271251,102.62603445757847,NA,NA,101.76591635596978,Gunnar Hoglund,"<a href=""leaders.aspx?pos=all&stats=pit&lg=all&qual=0&type=strType&season=2025&month=0&season1=2025&ind=1&team=10&rost=0&age=0"">ATH</a>",32.1,6.402062107442565,6.7536931615438895,4.783428873838053,0.08633094
680689,95.90709864675908,95.4843034398445,92.43235568554918,96.08382132218169,101.68445658754027,NA,NA,NA,95.23385245259054,Lyon Richardson,"<a href=""leaders.aspx?pos=all&stats=pit&lg=all&qual=0&type=strType&season=2025&month=0&season1=2025&ind=1&team=18&rost=0&age=0"">CIN</a>",37.2,4.539823315363745,4.064339920766618,4.602008437878069,0.05232558
680694,NA,108.30718238212738,97.41669777365189,89.03880586896423,113.77357714262722,NA,NA,NA,101.0635828624423,Kyle Bradish,"<a href=""leaders.aspx?pos=all&stats=pit&lg=all&qual=0&type=strType&season=2025&month=0&season1=2025&ind=1&team=2&rost=0&age=0"">BAL</a>",32,2.53125,2.4476363182067873,2.674266925826669,0.29365079
680701,NA,NA,90.39051639065926,97.34252871746911,NA,106.09375633379408,NA,NA,101.4603172966565,John Rooney,"<a href=""leaders.aspx?pos=all&stats=pit&lg=all&qual=0&type=strType&season=2025&month=0&season1=2025&ind=1&team=21&rost=0&age=0"">HOU</a>",1.1,6.750001609325793,12.13513846397451,4.6977456629536976,0.16666667
680702,92.97329766701179,NA,102.33627249808634,NA,97.79358197219821,NA,NA,NA,100.8931272685668,Joey Gerber,"<a href=""leaders.aspx?pos=all&stats=pit&lg=all&qual=0&type=strType&season=2025&month=0&season1=2025&ind=1&team=12&rost=0&age=0"">TBR</a>",4.1,2.076923229285257,4.288982556698596,3.4236984675526365,0.26666667
680704,NA,NA,102.05921371813452,99.98173751320637,107.38930902434613,NA,NA,NA,103.40803030080492,Nick Sandlin,"<a href=""leaders.aspx?pos=all&stats=pit&lg=all&qual=0&type=strType&season=2025&month=0&season1=2025&ind=1&team=14&rost=0&age=0"">TOR</a>",16.1,2.2040823190128,4.604524530881987,4.9005319472980515,0.11594203
680729,NA,100.22686087825198,NA,88.60522820409356,101.88236081701132,NA,NA,NA,95.45901004128703,Garrett McDaniels,"<a href=""leaders.aspx?pos=all&stats=pit&lg=all&qual=0&type=strType&season=2025&month=0&season1=2025&ind=1&team=1&rost=0&age=0"">LAA</a>",10.2,5.9062514081600686,6.978887234628419,5.264077129595771,-0.04
680730,NA,100.95944926843552,93.33097856478847,NA,100.00633807527296,NA,NA,NA,95.96166034664336,Mitchell Parker,"<a href=""leaders.aspx?pos=all&stats=pit&lg=all&qual=0&type=strType&season=2025&month=0&season1=2025&ind=1&team=24&rost=0&age=0"">WSN</a>",164.2,5.68421074578485,4.987363110369586,5.0828553523334525,0.06206897
680732,101.79487090822826,100.8804189737509,105.40542766281713,95.15259834347638,105.01545002543428,NA,NA,NA,103.55856427151882,Sean Burke,"<a href=""leaders.aspx?pos=all&stats=pit&lg=all&qual=0&type=strType&season=2025&month=0&season1=2025&ind=1&team=4&rost=0&age=0"">CHW</a>",134.1,4.220843712410027,4.921736831396217,4.704399708413732,0.11744967
680735,NA,103.51252610848759,92.43208095334039,102.61528686865094,103.2174071528453,NA,90.60725124938044,NA,98.27704524570542,Austin Cox,"<a href=""leaders.aspx?pos=all&stats=pit&lg=all&qual=0&type=strType&season=2025&month=0&season1=2025&ind=1&team=16&rost=0&age=0"">ATL</a>",21.1,8.859375936481328,7.541386783969987,4.0082752307888745,0.14705882
680736,104.5234324291108,96.76417375414093,102.16355244216554,91.35846659088321,105.51506987540715,NA,95.13809793857443,NA,99.43073841833326,Justin Wrobleski,"<a href=""leaders.aspx?pos=all&stats=pit&lg=all&qual=0&type=strType&season=2025&month=0&season1=2025&ind=1&team=22&rost=0&age=0"">LAD</a>",66.2,4.320000164794928,2.925136310195923,2.865188614561169,0.21071429
680742,103.58979040179209,97.0345857203005,102.62829055085294,95.13547699396537,104.54313307823581,NA,NA,NA,101.51476697199611,Jonathan Bowlan,"<a href=""leaders.aspx?pos=all&stats=pit&lg=all&qual=0&type=strType&season=2025&month=0&season1=2025&ind=1&team=7&rost=0&age=0"">KCR</a>",44.1,3.8571432996641803,3.9697228801224287,3.5665912536537125,0.16111111
680755,NA,107.77033217614694,94.53125083416624,NA,109.18798176264272,NA,90.38297324824153,NA,104.86293357494051,Braydon Fisher,"<a href=""leaders.aspx?pos=all&stats=pit&lg=all&qual=0&type=strType&season=2025&month=0&season1=2025&ind=1&team=14&rost=0&age=0"">TOR</a>",50,2.7000005664826627,3.01513629302978,3.640214884154591,0.21287129
680767,106.74804811321498,NA,100.43408562523811,NA,106.96448719182335,NA,107.01399764599614,NA,103.12292557708018,Victor Vodnik,"<a href=""leaders.aspx?pos=all&stats=pit&lg=all&qual=0&type=strType&season=2025&month=0&season1=2025&ind=1&team=19&rost=0&age=0"">COL</a>",50.2,3.019737221032346,3.7667153448279316,4.018420334729273,0.10697674
680770,97.14120663427374,NA,NA,97.35252668790693,NA,NA,100.27844602318926,NA,98.04878651278865,NA,NA,NA,NA,NA,NA,NA
680837,NA,48.667287102346705,NA,NA,41.10192790681324,NA,NA,NA,39.02116798156673,Ryan Fitzgerald,"<a href=""leaders.aspx?pos=all&stats=pit&lg=all&qual=0&type=strType&season=2025&month=0&season1=2025&ind=1&team=8&rost=0&age=0"">MIN</a>",2,0,3.1351363182067873,6.218614947795868,0
680880,NA,NA,92.77081890512135,96.83712778965207,103.53682302558511,NA,NA,NA,101.52574112004578,Grant Holman,"<a href=""leaders.aspx?pos=all&stats=pit&lg=all&qual=0&type=strType&season=2025&month=0&season1=2025&ind=1&team=10&rost=0&age=0"">ATH</a>",23,5.086957576369737,4.656875764129358,4.9721879792320545,0.0776699
680885,NA,103.11615461435915,101.69700407892653,97.365316307474,107.06851926637577,NA,91.95259945064446,NA,102.01448932991792,Spencer Schwellenbach,"<a href=""leaders.aspx?pos=all&stats=pit&lg=all&qual=0&type=strType&season=2025&month=0&season1=2025&ind=1&team=16&rost=0&age=0"">ATL</a>",110.2,3.0903615167999616,3.2526062004243297,3.0071846613004602,0.20737327
680951,95.049326563486,108.3209985651219,94.53831549118149,NA,102.29158593548136,108.33778163938474,NA,NA,98.94048702464222,Doug Nikhazy,"<a href=""leaders.aspx?pos=all&stats=pit&lg=all&qual=0&type=strType&season=2025&month=0&season1=2025&ind=1&team=5&rost=0&age=0"">CLE</a>",4,13.5,5.135136318206787,7.447745290398598,-0.04347826
681004,76.78853115523592,NA,91.03012030788172,NA,83.21131851987388,NA,101.04579390827313,NA,94.48772491349034,NA,NA,NA,NA,NA,NA,NA
681006,94.98976240023897,101.20189789789511,93.78845388637708,94.7401067593901,99.52018240478021,101.1375075098902,NA,NA,98.15422431655901,Josh Simpson,"<a href=""leaders.aspx?pos=all&stats=pit&lg=all&qual=0&type=strType&season=2025&month=0&season1=2025&ind=1&team=20&rost=0&age=0"">MIA</a>",30.2,7.336958042840966,5.3525280822653905,4.439541269780232,0.09271523
681097,NA,109.76072763818334,107.17715087124925,104.56942790669875,99.31900123995642,NA,NA,NA,105.25621480320953,NA,NA,NA,NA,NA,NA,NA
681151,101.52556090923514,99.9353881229721,98.2599071578844,97.67925688283641,NA,102.25408269053862,90.91707173351942,NA,98.6601125727209,Jayden Murray,"<a href=""leaders.aspx?pos=all&stats=pit&lg=all&qual=0&type=strType&season=2025&month=0&season1=2025&ind=1&team=21&rost=0&age=0"">HOU</a>",11.2,1.542857353054776,2.5351362364632632,4.517372768400254,0.10638298
681168,92.00628235623444,NA,102.71125437781185,99.30540645717748,101.20111066889719,NA,NA,NA,100.75142106600632,Luis Curvelo,"<a href=""leaders.aspx?pos=all&stats=pit&lg=all&qual=0&type=strType&season=2025&month=0&season1=2025&ind=1&team=13&rost=0&age=0"">TEX</a>",19,5.68421166755509,4.661452414124358,5.043146145697108,0.11904762
681190,101.22593327452671,99.17033585539573,96.82750803558459,96.6649566237069,103.16348420346624,106.86991371383748,100.7346008147436,NA,99.79493612507792,Randy Vásquez,"<a href=""leaders.aspx?pos=all&stats=pit&lg=all&qual=0&type=strType&season=2025&month=0&season1=2025&ind=1&team=29&rost=0&age=0"">SDP</a>",133.2,3.8379052551626516,4.848353283961655,5.506811754229897,0.04561404
681217,NA,NA,97.38986044593963,89.00140999423736,NA,107.3913779911799,NA,NA,99.90016224744129,Chase Silseth,"<a href=""leaders.aspx?pos=all&stats=pit&lg=all&qual=0&type=strType&season=2025&month=0&season1=2025&ind=1&team=1&rost=0&age=0"">LAA</a>",11,1.6363639201014988,3.862409171585231,3.942014079311156,0.14285714
681293,96.89500316212592,103.29642781494556,108.00524938173066,98.97741838892466,NA,102.70691850467182,100.66572202545017,NA,103.33334767532152,Spencer Arrighetti,"<a href=""leaders.aspx?pos=all&stats=pit&lg=all&qual=0&type=strType&season=2025&month=0&season1=2025&ind=1&team=21&rost=0&age=0"">HOU</a>",35.1,5.3490567962738895,5.5407967821394895,5.034980724605773,0.07051282
681343,105.81429120369008,99.33784369053586,96.21244944418464,95.016381508284,100.08019136224537,112.7621994078094,NA,NA,98.43135377348285,Shane Smith,"<a href=""leaders.aspx?pos=all&stats=pit&lg=all&qual=0&type=strType&season=2025&month=0&season1=2025&ind=1&team=4&rost=0&age=0"">CHW</a>",146.1,3.8132119776423625,4.09868988244975,4.232024737480213,0.14123377
681347,100.89020733548251,102.7391969767794,97.34535095798576,94.25573447071461,104.66691486254481,NA,NA,NA,100.0661953416465,Mike Burrows,"<a href=""leaders.aspx?pos=all&stats=pit&lg=all&qual=0&type=strType&season=2025&month=0&season1=2025&ind=1&team=27&rost=0&age=0"">PIT</a>",96,3.937500117346648,3.9997196773067127,3.8613412439561365,0.16417911
681402,115.48272490587041,NA,105.24944868381097,98.97523608529896,104.16462888481695,NA,NA,NA,107.03586738926838,NA,NA,NA,NA,NA,NA,NA
681415,NA,NA,NA,94.74091368714062,116.68673627973669,NA,NA,NA,109.37146208220467,NA,NA,NA,NA,NA,NA,NA
681432,NA,NA,98.14676474258964,NA,NA,103.34972090271323,NA,NA,100.64133276456671,Luke Little,"<a href=""leaders.aspx?pos=all&stats=pit&lg=all&qual=0&type=strType&season=2025&month=0&season1=2025&ind=1&team=17&rost=0&age=0"">CHC</a>",2.2,3.3750008046628963,6.885137212276672,8.041441974057115,-0.13333333
681517,97.25207196667554,105.18687146259406,106.74281770226861,94.81487369115173,100.43723692216716,119.39044362506674,NA,NA,105.13385333833128,Kyle Leahy,"<a href=""leaders.aspx?pos=all&stats=pit&lg=all&qual=0&type=strType&season=2025&month=0&season1=2025&ind=1&team=28&rost=0&age=0"">STL</a>",88,3.0681823501903103,3.0442272115344817,3.7597314620535194,0.14325069000000001
681676,99.87474881843829,NA,98.68782868757084,NA,107.3996881144286,NA,96.24231794667001,NA,102.57782481565287,Ryan Fernandez,"<a href=""leaders.aspx?pos=all&stats=pit&lg=all&qual=0&type=strType&season=2025&month=0&season1=2025&ind=1&team=28&rost=0&age=0"">STL</a>",30.1,7.71428700780965,5.1461256663964825,4.506106678711459,0.12857143
681739,93.81624122784397,91.78297243116565,95.66412553493807,NA,NA,NA,93.67308654294492,NA,94.32975090541176,NA,NA,NA,NA,NA,NA,NA
681751,NA,98.86928377782644,99.49806709444624,NA,101.38615277472005,NA,NA,NA,100.25301012214761,Lazaro Estrada,"<a href=""leaders.aspx?pos=all&stats=pit&lg=all&qual=0&type=strType&season=2025&month=0&season1=2025&ind=1&team=14&rost=0&age=0"">TOR</a>",7.1,8.590909463314986,5.180590952329403,3.527270948816847,0.25714286
681799,NA,NA,NA,90.6172506877242,NA,107.39499792202567,105.65101015925083,NA,106.00403756177974,Ethan Roberts,"<a href=""leaders.aspx?pos=all&stats=pit&lg=all&qual=0&type=strType&season=2025&month=0&season1=2025&ind=1&team=17&rost=0&age=0"">CHC</a>",9,6.000001271566025,7.13513716591747,5.20006457883586,0.1025641
681810,89.75720258188774,NA,100.03063108924783,98.85305594273488,NA,101.7474917713727,95.07256399734187,NA,98.83735952249667,Austin Warren,"<a href=""leaders.aspx?pos=all&stats=pit&lg=all&qual=0&type=strType&season=2025&month=0&season1=2025&ind=1&team=25&rost=0&age=0"">NYM</a>",9.1,0.9642858456592349,3.8851364203861922,4.144142864381456,0.14705882
681857,101.52585521376368,96.35065967273056,97.28550339516529,96.69059118370728,103.82010779475323,100.03469968550034,NA,NA,99.55558913228477,Reese Olson,"<a href=""leaders.aspx?pos=all&stats=pit&lg=all&qual=0&type=strType&season=2025&month=0&season1=2025&ind=1&team=6&rost=0&age=0"">DET</a>",68.2,3.1456311844624336,3.499214001593643,4.034478023016262,0.14035088
681867,103.90087743153495,NA,NA,98.8568331769663,NA,103.24120655113272,97.94389316650071,NA,100.637528748861,Cooper Criswell,"<a href=""leaders.aspx?pos=all&stats=pit&lg=all&qual=0&type=strType&season=2025&month=0&season1=2025&ind=1&team=3&rost=0&age=0"">BOS</a>",17.2,3.5660380566829155,5.172872350597025,4.797958672188125,0.05
681869,113.50817841715626,101.31088605013663,93.79675181014531,93.78548410889347,NA,107.54907016786896,101.46318271514843,NA,100.21908368616268,Shawn Dubin,- - -,33.2,5.079209167739551,4.947017951143119,4.232984390238015,0.11724138
681870,NA,104.58963454264101,111.91228683703496,NA,104.88926068574841,NA,NA,NA,109.6490748801215,Erik Sabrowski,"<a href=""leaders.aspx?pos=all&stats=pit&lg=all&qual=0&type=strType&season=2025&month=0&season1=2025&ind=1&team=5&rost=0&age=0"">CLE</a>",29.1,1.8409098889220363,3.6124092523717595,4.040028171939461,0.17355372
681882,NA,NA,98.85918332131378,93.61877523904728,104.9322171395958,NA,NA,106.67108087250037,99.79201575686854,Colin Selby,"<a href=""leaders.aspx?pos=all&stats=pit&lg=all&qual=0&type=strType&season=2025&month=0&season1=2025&ind=1&team=2&rost=0&age=0"">BAL</a>",14,3.214285933241567,3.4208506233838154,3.105447059550336,0.2
681892,98.71738231332107,NA,NA,96.45537313019155,98.8951382483052,97.78153416710981,93.02861875376601,NA,96.35822199007595,Kody Funderburk,"<a href=""leaders.aspx?pos=all&stats=pit&lg=all&qual=0&type=strType&season=2025&month=0&season1=2025&ind=1&team=8&rost=0&age=0"">MIN</a>",41,3.5121957755104205,3.354648554176188,3.9614144570414638,0.12021858
681895,NA,96.98554676595053,95.02081347077653,94.39021136222496,101.18239534679904,111.67626865686317,94.92453807899076,NA,99.45332994993163,Evan Sisk,- - -,17.2,3.5660386341840073,3.078532530362597,3.6517075646732886,0.1875
681911,95.11661356540134,NA,111.58267402985308,NA,105.08962663563521,NA,NA,NA,108.26370628697879,Alex Vesia,"<a href=""leaders.aspx?pos=all&stats=pit&lg=all&qual=0&type=strType&season=2025&month=0&season1=2025&ind=1&team=22&rost=0&age=0"">LAD</a>",59.2,3.016760483733562,3.7720079758838727,3.5681801080912945,0.24472574
681916,NA,NA,102.95185496707936,88.30159959578178,NA,106.84236900953542,NA,NA,102.84651629968687,Dylan Smith,"<a href=""leaders.aspx?pos=all&stats=pit&lg=all&qual=0&type=strType&season=2025&month=0&season1=2025&ind=1&team=6&rost=0&age=0"">DET</a>",13,1.3846154861901714,4.365905639264717,5.551859045338464,-0.02083333
681982,106.57800905552367,NA,100.93619113533266,102.29675037600286,NA,100.68147872749547,NA,NA,101.39379928938246,Grant Anderson,"<a href=""leaders.aspx?pos=all&stats=pit&lg=all&qual=0&type=strType&season=2025&month=0&season1=2025&ind=1&team=23&rost=0&age=0"">MIL</a>",69.2,3.2296655433567967,3.8384857032044897,3.87264857021424,0.15050167
682052,93.78470802651815,NA,100.39167609964048,99.10988925857043,97.61109061171256,NA,90.54918455396034,NA,97.14543820892823,Jacob Lopez,"<a href=""leaders.aspx?pos=all&stats=pit&lg=all&qual=0&type=strType&season=2025&month=0&season1=2025&ind=1&team=10&rost=0&age=0"">ATH</a>",92.2,4.0791367606145315,4.257438495730362,4.132981426623144,0.19047619
682120,NA,98.76228993200803,94.12348550074907,100.68121490223005,99.99665375606631,NA,NA,NA,98.04998075578173,Tim Herrin,"<a href=""leaders.aspx?pos=all&stats=pit&lg=all&qual=0&type=strType&season=2025&month=0&season1=2025&ind=1&team=5&rost=0&age=0"">CLE</a>",42.2,4.851564090466648,5.080449455930129,5.2191997001788675,0.07731959
682144,NA,NA,96.77793591007949,98.54484178467729,104.55856939760537,NA,NA,NA,100.78312735405939,Jayvien Sandridge,"<a href=""leaders.aspx?pos=all&stats=pit&lg=all&qual=0&type=strType&season=2025&month=0&season1=2025&ind=1&team=9&rost=0&age=0"">NYY</a>",0.2,27.000028163224034,30.13516448143082,12.947755525758037,0
682171,106.09003802772787,NA,101.46425822066577,93.3041383533924,NA,102.79273999162454,NA,NA,101.21709299688693,Penn Murfee,"<a href=""leaders.aspx?pos=all&stats=pit&lg=all&qual=0&type=strType&season=2025&month=0&season1=2025&ind=1&team=4&rost=0&age=0"">CHW</a>",12.2,7.815791042888248,5.58250523062634,4.93788296666831,0.12698413
682243,NA,NA,106.8216109332891,96.85175839823037,104.80568894314221,102.64042418498276,100.81790547321528,102.57804357357914,104.32443658727695,Bryce Miller,"<a href=""leaders.aspx?pos=all&stats=pit&lg=all&qual=0&type=strType&season=2025&month=0&season1=2025&ind=1&team=11&rost=0&age=0"">SEA</a>",90.1,5.678967109424949,5.172036801899167,4.602937042483761,0.10204082
682254,NA,NA,112.37771408869986,NA,115.79590039125871,NA,NA,NA,113.43867804744153,Mason Montgomery,"<a href=""leaders.aspx?pos=all&stats=pit&lg=all&qual=0&type=strType&season=2025&month=0&season1=2025&ind=1&team=12&rost=0&age=0"">TBR</a>",46,5.673914455060824,3.9177452085600044,3.5627358287561277,0.1722488
682274,99.38512833271744,NA,105.19566040448825,NA,107.53830708954807,NA,NA,NA,103.79418155339543,Yaramil Hiraldo,"<a href=""leaders.aspx?pos=all&stats=pit&lg=all&qual=0&type=strType&season=2025&month=0&season1=2025&ind=1&team=2&rost=0&age=0"">BAL</a>",19.2,4.576272222030949,5.0164926761528434,4.489049921173814,0.14285714
682515,NA,62.23890262675408,NA,NA,58.3192966297366,NA,NA,NA,58.62080478335333,Logan Porter,"<a href=""leaders.aspx?pos=all&stats=pit&lg=all&qual=0&type=strType&season=2025&month=0&season1=2025&ind=1&team=30&rost=0&age=0"">SFG</a>",1,9,16.135136318206786,4.676875633001328,0
682610,86.04741834323586,NA,94.08744837663157,96.2082527481417,103.80542916905132,NA,97.62014348920192,NA,98.21256515936736,Roddery Muñoz,"<a href=""leaders.aspx?pos=all&stats=pit&lg=all&qual=0&type=strType&season=2025&month=0&season1=2025&ind=1&team=28&rost=0&age=0"">STL</a>",11,8.181818891162775,7.771500356532361,4.7261247995539994,0.09803922
682769,99.79633657450727,104.4401692899101,101.08346081950464,94.87314193193373,NA,NA,NA,NA,100.16666675584501,NA,NA,NA,NA,NA,NA,NA
682790,94.56748068532296,NA,101.89725178958764,NA,101.36704503403607,NA,NA,NA,100.6226755021432,Wikelman González,"<a href=""leaders.aspx?pos=all&stats=pit&lg=all&qual=0&type=strType&season=2025&month=0&season1=2025&ind=1&team=4&rost=0&age=0"">CHW</a>",20.1,2.6557381201162684,3.0859559826490788,4.114723270969227,0.14942529
682825,NA,NA,95.41688362467495,97.56347223479902,106.79917036524466,NA,NA,NA,99.82042859456362,Luis Mey,"<a href=""leaders.aspx?pos=all&stats=pit&lg=all&qual=0&type=strType&season=2025&month=0&season1=2025&ind=1&team=18&rost=0&age=0"">CIN</a>",21,3.4285720513792586,5.563708187933762,4.881223732373813,0.04166667
682840,90.8713201396455,NA,84.8710223035364,NA,89.96691456824846,NA,NA,NA,88.52495627717,NA,NA,NA,NA,NA,NA,NA
682842,NA,NA,99.60261561783895,96.66274610143218,115.0539408553773,NA,NA,NA,105.1410111316421,Abner Uribe,"<a href=""leaders.aspx?pos=all&stats=pit&lg=all&qual=0&type=strType&season=2025&month=0&season1=2025&ind=1&team=23&rost=0&age=0"">MIL</a>",75.1,1.6725664846076955,2.750180540003429,2.9603999769971163,0.2114094
682847,99.0881737146103,NA,97.8402573421058,99.27462287280667,102.09460089383305,NA,96.48561255747937,NA,99.18606017827352,Luis L. Ortiz,"<a href=""leaders.aspx?pos=all&stats=pit&lg=all&qual=0&type=strType&season=2025&month=0&season1=2025&ind=1&team=5&rost=0&age=0"">CLE</a>",88.2,4.364661779322281,4.1840085287415985,3.833041050611538,0.14136126
682989,92.90973188977111,NA,NA,99.92604253846865,99.13472917815652,103.4577996328796,NA,NA,100.07046807444793,Victor Mederos,"<a href=""leaders.aspx?pos=all&stats=pit&lg=all&qual=0&type=strType&season=2025&month=0&season1=2025&ind=1&team=1&rost=0&age=0"">LAA</a>",17,7.411764705882353,7.193959847618552,6.402400016434052,0.02469136
682990,89.0944919026638,97.14009132733553,NA,91.03830335572215,102.11329436279308,NA,95.53476586025761,NA,95.46248357027032,Quinn Priester,"<a href=""leaders.aspx?pos=all&stats=pit&lg=all&qual=0&type=strType&season=2025&month=0&season1=2025&ind=1&team=23&rost=0&age=0"">MIL</a>",157.1,3.3177968380917786,4.012255022529901,3.8086608363280527,0.12557427
682995,NA,NA,NA,98.4631710822977,100.98011798266752,NA,NA,NA,99.85736105151351,Hunter Barco,"<a href=""leaders.aspx?pos=all&stats=pit&lg=all&qual=0&type=strType&season=2025&month=0&season1=2025&ind=1&team=27&rost=0&age=0"">PIT</a>",3,0,1.1351363182067877,2.676875633001328,0.25
682999,NA,NA,76.9438930563521,NA,NA,NA,115.97588681152646,NA,102.96522222646834,NA,NA,NA,NA,NA,NA,NA
683004,109.26441564841302,102.8902627732778,109.07726751490539,96.55544719563407,107.4766954927554,NA,NA,NA,106.60214731577766,Jack Leiter,"<a href=""leaders.aspx?pos=all&stats=pit&lg=all&qual=0&type=strType&season=2025&month=0&season1=2025&ind=1&team=13&rost=0&age=0"">TEX</a>",151.2,3.8571431158476184,4.150521001694878,4.528908261114586,0.125387
683085,NA,NA,99.85555363603243,NA,95.26589872140775,104.63981009289722,NA,NA,99.89093573462154,NA,NA,NA,NA,NA,NA,NA
683094,NA,95.21542738028904,89.07546708115122,90.30334329742033,95.16727943436575,NA,NA,NA,92.48939072880798,NA,NA,NA,NA,NA,NA,NA
683155,90.21457537311072,NA,96.8734500150416,88.06631525318443,96.5914675527082,99.76698786633598,NA,NA,95.85419634394067,Joey Estes,"<a href=""leaders.aspx?pos=all&stats=pit&lg=all&qual=0&type=strType&season=2025&month=0&season1=2025&ind=1&team=10&rost=0&age=0"">ATH</a>",11,9.818181818181818,8.680590863661333,7.457271124558016,0
683175,NA,107.01305170681525,106.13564529493814,NA,NA,111.78256970569419,NA,NA,108.74110222631468,Connor Phillips,"<a href=""leaders.aspx?pos=all&stats=pit&lg=all&qual=0&type=strType&season=2025&month=0&season1=2025&ind=1&team=18&rost=0&age=0"">CIN</a>",25,2.880000439453192,3.8151364219665687,3.8585453159765626,0.20408163000000001
683232,NA,102.40116257088197,100.25910459512984,NA,106.97438845181182,NA,NA,NA,103.1624652999022,Nick Mears,"<a href=""leaders.aspx?pos=all&stats=pit&lg=all&qual=0&type=strType&season=2025&month=0&season1=2025&ind=1&team=23&rost=0&age=0"">MIL</a>",56.2,3.494118509523809,3.8586659085627275,4.320528162407825,0.14932127
683409,91.38208089778725,NA,96.13552400478008,NA,99.62481124192846,NA,NA,NA,95.00836742824382,Angel Chivilli,"<a href=""leaders.aspx?pos=all&stats=pit&lg=all&qual=0&type=strType&season=2025&month=0&season1=2025&ind=1&team=19&rost=0&age=0"">COL</a>",58.2,7.0568198642951465,6.032864281806244,4.8603592658100325,0.07272727
683510,NA,106.6085997897479,87.47797536063294,88.85202909049717,94.00688855704725,NA,NA,NA,91.66693672209777,NA,NA,NA,NA,NA,NA,NA
683618,NA,107.09891603291834,112.20198159803084,100.45775931696224,118.91498009121376,NA,104.10670098506252,NA,107.89029022925895,Edgardo Henriquez,"<a href=""leaders.aspx?pos=all&stats=pit&lg=all&qual=0&type=strType&season=2025&month=0&season1=2025&ind=1&team=22&rost=0&age=0"">LAD</a>",19,2.3684217659062132,3.3982942921963666,3.652756805456208,0.16666667
683627,96.77453683716176,99.26524187264052,89.19420453252516,NA,100.52010081825885,NA,85.70648551331311,NA,93.61991255160846,Anthony Molina,"<a href=""leaders.aspx?pos=all&stats=pit&lg=all&qual=0&type=strType&season=2025&month=0&season1=2025&ind=1&team=19&rost=0&age=0"">COL</a>",34.2,7.269231302498399,6.942828905229758,4.577544706044446,0.1125
683769,102.5937727860878,NA,97.72090662937421,NA,102.68860331313171,NA,NA,NA,101.04506537440274,Hunter Gaddis,"<a href=""leaders.aspx?pos=all&stats=pit&lg=all&qual=0&type=strType&season=2025&month=0&season1=2025&ind=1&team=5&rost=0&age=0"">CLE</a>",66.2,3.1050004737854726,3.495136373138436,3.6927192221529626,0.18978102
684007,NA,96.1405356475885,103.52167273943495,87.68754408147923,98.61330720601104,97.41986557397036,NA,NA,98.84303173909262,Shota Imanaga,"<a href=""leaders.aspx?pos=all&stats=pit&lg=all&qual=0&type=strType&season=2025&month=0&season1=2025&ind=1&team=17&rost=0&age=0"">CHC</a>",144.2,3.7327191564828306,4.86324703880069,4.507370726494198,0.16049383
684320,NA,NA,99.17424396440933,98.78809575056307,106.16297511160721,NA,NA,NA,102.13808966585026,Yariel Rodríguez,"<a href=""leaders.aspx?pos=all&stats=pit&lg=all&qual=0&type=strType&season=2025&month=0&season1=2025&ind=1&team=14&rost=0&age=0"">TOR</a>",73,3.082192425075672,4.395410554237729,4.596971243480902,0.10738255
684384,NA,NA,NA,88.33645683728693,100.40314398759243,NA,NA,NA,95.04017192078999,NA,NA,NA,NA,NA,NA,NA
684483,91.86633591391296,NA,NA,100.68890493142432,98.63096592411887,NA,NA,NA,98.01801234091091,NA,NA,NA,NA,NA,NA,NA
684974,89.80970155812425,NA,98.56459954472199,NA,NA,98.48675493673248,96.83016741162892,NA,94.4522819415262,Craig Yoho,"<a href=""leaders.aspx?pos=all&stats=pit&lg=all&qual=0&type=strType&season=2025&month=0&season1=2025&ind=1&team=23&rost=0&age=0"">MIL</a>",8.2,7.269232102399991,6.4812907780417035,6.760220807806252,-0.04878049
685001,87.63070344917026,NA,85.44226257949768,NA,90.61334014423115,93.30653967237046,NA,NA,88.5464916758689,NA,NA,NA,NA,NA,NA,NA
685005,99.67374175364334,NA,101.57651749454459,96.77195920086035,107.09848621984098,NA,NA,NA,101.27354178600747,Christian Roa,"<a href=""leaders.aspx?pos=all&stats=pit&lg=all&qual=0&type=strType&season=2025&month=0&season1=2025&ind=1&team=20&rost=0&age=0"">MIA</a>",3,0,4.135136318206788,5.162962528069815,0
685045,NA,NA,106.1505209608201,102.05184609251432,102.74427780024092,NA,NA,NA,103.5092846269199,NA,NA,NA,NA,NA,NA,NA
685068,NA,99.50799547295203,94.14967380960002,88.06427355544407,98.48273147999666,NA,NA,NA,95.37929593150804,Carson Ragsdale,"<a href=""leaders.aspx?pos=all&stats=pit&lg=all&qual=0&type=strType&season=2025&month=0&season1=2025&ind=1&team=2&rost=0&age=0"">BAL</a>",5,14.4,4.735136318206788,5.218614947795868,0.12
685107,103.24995811835957,NA,91.74014245814482,98.03297504795587,104.15121172631932,103.77749125868712,NA,NA,99.40200284537005,Anthony Veneziano,- - -,25,4.680001428223092,4.775136818695222,4.175206377813739,0.11965812
685112,NA,99.53561469917412,88.8052367004582,NA,102.35123737909653,NA,111.05018805897885,NA,101.77404924600933,NA,NA,NA,NA,NA,NA,NA
685126,99.79080284988835,NA,99.70936194993347,96.10454362428698,95.96548499462564,NA,NA,NA,98.26258219655985,Brandon Eisert,"<a href=""leaders.aspx?pos=all&stats=pit&lg=all&qual=0&type=strType&season=2025&month=0&season1=2025&ind=1&team=4&rost=0&age=0"">CHW</a>",69.2,4.3923456199835575,4.541835242253809,4.0508887895597265,0.16013072
685299,92.81213823119406,93.28609193295593,91.434107667836,NA,96.83970130091106,NA,NA,NA,93.03211400529263,Tanner Gordon,"<a href=""leaders.aspx?pos=all&stats=pit&lg=all&qual=0&type=strType&season=2025&month=0&season1=2025&ind=1&team=19&rost=0&age=0"">COL</a>",75.1,6.331858834586276,5.046640872044153,4.332135489459531,0.13353116
685314,NA,96.12138443511012,93.06133401768606,85.14238632697224,NA,NA,NA,NA,90.89981422881492,Andrew Saalfrank,"<a href=""leaders.aspx?pos=all&stats=pit&lg=all&qual=0&type=strType&season=2025&month=0&season1=2025&ind=1&team=15&rost=0&age=0"">ARI</a>",29,1.2413794736374788,3.3075501339897704,4.613667457116047,0.07964602
685326,96.62241006649435,95.88859690098894,NA,99.45647619946303,99.06280301044224,NA,NA,NA,98.5751464872748,McCade Brown,"<a href=""leaders.aspx?pos=all&stats=pit&lg=all&qual=0&type=strType&season=2025&month=0&season1=2025&ind=1&team=19&rost=0&age=0"">COL</a>",25.2,7.363637093247956,6.953318514705727,6.136864718772557,0.04761905
685801,NA,105.04905366218644,109.179171731566,90.97191901270863,107.88352066036103,NA,NA,NA,107.68886709643769,Hunter Bigge,"<a href=""leaders.aspx?pos=all&stats=pit&lg=all&qual=0&type=strType&season=2025&month=0&season1=2025&ind=1&team=12&rost=0&age=0"">TBR</a>",15,2.4,6.201802984873455,4.585223495960236,0.11666667
686218,111.7445957093642,103.85730692853879,106.59052485948762,NA,102.90701024471258,NA,NA,NA,106.05539273889413,Emmet Sheehan,"<a href=""leaders.aspx?pos=all&stats=pit&lg=all&qual=0&type=strType&season=2025&month=0&season1=2025&ind=1&team=22&rost=0&age=0"">LAD</a>",73.1,2.822727431797793,2.9305908521344834,3.3715792203979396,0.23024055
686228,92.7434865759779,103.03747265113945,NA,92.55894217617399,NA,105.55539413217352,98.19702692396599,NA,98.63784666342198,Juan Burgos,- - -,13.1,6.0750014483932135,5.01013676524173,4.794593442996055,0.09230769
686249,83.62502835746118,NA,99.99511557452884,NA,99.38932603511047,NA,95.36545570773038,NA,91.72876818580752,Nathan Wiles,"<a href=""leaders.aspx?pos=all&stats=pit&lg=all&qual=0&type=strType&season=2025&month=0&season1=2025&ind=1&team=16&rost=0&age=0"">ATL</a>",1,27,1.1351363182067873,2.6768756330013277,0.14285714
686463,NA,90.08273455602523,98.01593335747889,60.858555863149675,93.21932375205523,NA,93.86978854216706,NA,89.40659241229376,NA,NA,NA,NA,NA,NA,NA
686563,97.04129694914167,NA,93.10916033873883,95.69050599364284,NA,104.03801342379676,96.70871236715774,NA,96.9926749431129,Jonathan Cannon,"<a href=""leaders.aspx?pos=all&stats=pit&lg=all&qual=0&type=strType&season=2025&month=0&season1=2025&ind=1&team=4&rost=0&age=0"">CHW</a>",103.2,5.816720613971515,5.131921006585069,4.920608517355303,0.10300429
686580,NA,113.42154570052072,109.74575833774972,NA,NA,113.2211328998104,104.74128983284315,NA,109.11660838138903,Justin Slaten,"<a href=""leaders.aspx?pos=all&stats=pit&lg=all&qual=0&type=strType&season=2025&month=0&season1=2025&ind=1&team=3&rost=0&age=0"">BOS</a>",34,4.235294592834315,3.6939599103168703,4.406057399229002,0.10948905
686613,99.35591367465905,NA,100.86695529232195,93.52579844134458,103.9596762938725,NA,100.38969045345765,105.51883638619304,99.88267111085489,Hunter Brown,"<a href=""leaders.aspx?pos=all&stats=pit&lg=all&qual=0&type=strType&season=2025&month=0&season1=2025&ind=1&team=21&rost=0&age=0"">HOU</a>",185.1,2.4280576205921207,3.1405320018081033,3.1875778191300848,0.20438958
686642,97.5969549216936,NA,98.33054420169978,95.19537005532408,100.74273912514575,NA,97.96646145510863,NA,98.52809103756533,Fraser Ellard,"<a href=""leaders.aspx?pos=all&stats=pit&lg=all&qual=0&type=strType&season=2025&month=0&season1=2025&ind=1&team=4&rost=0&age=0"">CHW</a>",17,4.235295305615399,4.841019149635211,5.1645999331933226,0.04054054
686643,NA,99.31391241170402,94.59973685661357,NA,NA,NA,NA,NA,96.72111585640428,NA,NA,NA,NA,NA,NA,NA
686654,NA,NA,99.08270940071498,85.62193068786883,107.67671787871961,NA,96.93719648292598,NA,101.25885399602662,Ty Adcock,"<a href=""leaders.aspx?pos=all&stats=pit&lg=all&qual=0&type=strType&season=2025&month=0&season1=2025&ind=1&team=25&rost=0&age=0"">NYM</a>",3,3.0000009536746197,6.135137271881407,4.3713689025187765,0.21428572
686676,NA,NA,79.06463263127878,NA,NA,NA,NA,NA,73.70523531368953,Korey Lee,"<a href=""leaders.aspx?pos=all&stats=pit&lg=all&qual=0&type=strType&season=2025&month=0&season1=2025&ind=1&team=4&rost=0&age=0"">CHW</a>",3,3,5.135136318206788,8.732528052727382,-0.14285714
686678,90.43269936666489,96.28602926129437,91.16005291974928,NA,97.95171574812527,NA,89.35704416424527,NA,91.98095886309008,NA,NA,NA,NA,NA,NA,NA
686700,82.16091534017002,NA,93.68780803235022,NA,101.1825765507544,NA,104.83885136884216,NA,99.74611176618863,NA,NA,NA,NA,NA,NA,NA
686701,94.92185247864944,99.60851730271145,102.55149866861842,93.29883313916265,104.73191170567542,104.22587697826805,NA,NA,102.23428298318107,Ryan Bergert,- - -,76.1,3.655022077603541,3.999765196779668,4.677263112589902,0.11764706
686730,90.6965447336436,NA,98.30510214212958,94.46482980629429,NA,102.80844318858513,96.80356074232934,NA,96.53383960281029,Carson Spiers,"<a href=""leaders.aspx?pos=all&stats=pit&lg=all&qual=0&type=strType&season=2025&month=0&season1=2025&ind=1&team=18&rost=0&age=0"">CIN</a>",13.1,6.07500014483929,6.210136391520502,5.597745349111772,0.06666667
686747,89.24716235907589,NA,95.5538777143062,95.3716181959301,NA,99.02540842268597,NA,NA,95.52921623622571,Joe La Sorsa,"<a href=""leaders.aspx?pos=all&stats=pit&lg=all&qual=0&type=strType&season=2025&month=0&season1=2025&ind=1&team=18&rost=0&age=0"">CIN</a>",6.2,10.80000102996836,11.235137090683057,6.672789216652193,0
686751,NA,106.777134799707,103.26850640255736,NA,108.9242299912993,NA,NA,NA,105.08660904547983,Seth Johnson,"<a href=""leaders.aspx?pos=all&stats=pit&lg=all&qual=0&type=strType&season=2025&month=0&season1=2025&ind=1&team=26&rost=0&age=0"">PHI</a>",12.2,4.263158108719178,4.477241648729493,2.8588893394095285,0.24074074
686752,109.70438930022821,106.51305771916255,107.03004899153726,94.65477661310273,108.10759490314594,NA,98.46368047468927,NA,107.0467303193123,Ryan Pepiot,"<a href=""leaders.aspx?pos=all&stats=pit&lg=all&qual=0&type=strType&season=2025&month=0&season1=2025&ind=1&team=12&rost=0&age=0"">TBR</a>",167.2,3.864811367683266,4.357800408291771,4.070605507257234,0.15611193
686753,95.61954194790827,NA,95.62547460843038,98.87181337820923,105.52328444702258,NA,NA,NA,99.18068042330172,Drey Jameson,"<a href=""leaders.aspx?pos=all&stats=pit&lg=all&qual=0&type=strType&season=2025&month=0&season1=2025&ind=1&team=15&rost=0&age=0"">ARI</a>",3,3,6.135136318206788,7.676875633001329,-0.23076923
686790,90.60496766126846,104.54796549678576,NA,95.36588884118497,89.88595013835713,NA,NA,NA,99.52513133970474,Trevor McDonald,"<a href=""leaders.aspx?pos=all&stats=pit&lg=all&qual=0&type=strType&season=2025&month=0&season1=2025&ind=1&team=30&rost=0&age=0"">SFG</a>",15,1.8,2.535136318206787,2.6962958614031476,0.2
686799,89.08176330289251,NA,93.3896849021288,93.89089487195834,106.21946667861783,103.35373740874047,NA,NA,95.50544198619626,Jack Kochanowicz,"<a href=""leaders.aspx?pos=all&stats=pit&lg=all&qual=0&type=strType&season=2025&month=0&season1=2025&ind=1&team=1&rost=0&age=0"">LAA</a>",111,6.810811278940237,6.054055437752603,5.178003863003365,0.02734375
686826,97.6154782062201,96.41888820831899,89.87938006720205,89.85237495785977,100.78044083272599,NA,95.80623556654191,NA,94.23348318442095,Bryce Jarvis,"<a href=""leaders.aspx?pos=all&stats=pit&lg=all&qual=0&type=strType&season=2025&month=0&season1=2025&ind=1&team=15&rost=0&age=0"">ARI</a>",22,5.727273720355245,4.49877291829137,4.898496567539345,0.1122449
686830,81.70349943650177,100.6894662607572,NA,NA,84.67492490793492,NA,NA,NA,89.0226302017313,NA,NA,NA,NA,NA,NA,NA
686930,103.2082972608697,100.92184979383501,99.17394510861637,NA,NA,112.87136123710826,NA,NA,102.79018612214331,Mason Barnett,"<a href=""leaders.aspx?pos=all&stats=pit&lg=all&qual=0&type=strType&season=2025&month=0&season1=2025&ind=1&team=10&rost=0&age=0"">ATH</a>",22.1,6.850746658709322,4.881405074348379,5.3441957607018455,0.06730769
686973,103.0657039345972,NA,106.52545601350062,99.9730462135521,105.37461300350951,NA,NA,112.14147060929812,107.78503063605318,Louis Varland,- - -,72.2,2.972477480334008,3.1351363182067873,3.1013550257474947,0.17905405
686993,NA,NA,103.24333609764369,NA,NA,103.14455556934942,103.68657746401536,NA,103.37313068570748,Justin Sterner,"<a href=""leaders.aspx?pos=all&stats=pit&lg=all&qual=0&type=strType&season=2025&month=0&season1=2025&ind=1&team=10&rost=0&age=0"">ATH</a>",65,3.184615945308265,4.273598057109258,4.1948424201411205,0.18421053
687003,92.2251898748425,NA,83.4975294696643,89.2978734922135,88.05503723577122,93.1604825542452,NA,NA,90.54568725198597,Brian Van Belle,"<a href=""leaders.aspx?pos=all&stats=pit&lg=all&qual=0&type=strType&season=2025&month=0&season1=2025&ind=1&team=12&rost=0&age=0"">TBR</a>",8.1,5.40000020599366,4.815136382293704,3.9152409612695562,0.16666667
687064,95.57689158000463,101.9316850855601,97.67576123413984,NA,97.76289098217065,NA,100.57467078365428,NA,98.98295590617354,Brandon Young,"<a href=""leaders.aspx?pos=all&stats=pit&lg=all&qual=0&type=strType&season=2025&month=0&season1=2025&ind=1&team=2&rost=0&age=0"">BAL</a>",57.2,6.2427748417837705,5.354789595285461,4.521062715204664,0.09765625
687074,NA,NA,100.33720585289747,NA,104.99396065618599,NA,96.9147351824319,NA,100.30342534042558,Tyler Owens,"<a href=""leaders.aspx?pos=all&stats=pit&lg=all&qual=0&type=strType&season=2025&month=0&season1=2025&ind=1&team=6&rost=0&age=0"">DET</a>",3,3,5.468469651540121,6.496295861403148,-0.13333333
687075,94.26300209413233,98.76813630659875,93.69986722395743,96.59127767893676,96.20691320382082,108.54646040739397,NA,NA,98.29546607593988,Brandon Sproat,"<a href=""leaders.aspx?pos=all&stats=pit&lg=all&qual=0&type=strType&season=2025&month=0&season1=2025&ind=1&team=25&rost=0&age=0"">NYM</a>",20.2,4.7903227280131535,2.796426630367473,3.8408307144547864,0.11904762
687134,NA,102.67769770971684,93.21048776167626,NA,104.11645355634835,NA,102.10388254032827,NA,97.02746861580488,Bradley Blalock,"<a href=""leaders.aspx?pos=all&stats=pit&lg=all&qual=0&type=strType&season=2025&month=0&season1=2025&ind=1&team=19&rost=0&age=0"">COL</a>",58.2,9.357954951110967,7.311272862873794,5.672878777618786,0.01454546
687166,NA,100.6173301117737,102.01027377094717,92.86688385208458,109.5189648640671,NA,NA,NA,102.98625411758317,Austin Pope,"<a href=""leaders.aspx?pos=all&stats=pit&lg=all&qual=0&type=strType&season=2025&month=0&season1=2025&ind=1&team=15&rost=0&age=0"">ARI</a>",2,0,3.6351363182067873,4.4060059756040575,0
687198,NA,NA,85.94691807116044,84.0475147642785,NA,NA,95.91061188077155,NA,91.11008518760856,NA,NA,NA,NA,NA,NA,NA
687209,NA,NA,113.11224779376833,NA,119.82165823234574,NA,100.01007089248955,NA,111.3584157322032,Zach Maxwell,"<a href=""leaders.aspx?pos=all&stats=pit&lg=all&qual=0&type=strType&season=2025&month=0&season1=2025&ind=1&team=18&rost=0&age=0"">CIN</a>",10,4.500000429153483,5.635136556625389,3.122701700336016,0.20930233
687223,89.30996727103725,NA,97.54509511440007,NA,NA,98.76338774523727,94.77193304858275,NA,97.30218662856039,Carson Palmquist,"<a href=""leaders.aspx?pos=all&stats=pit&lg=all&qual=0&type=strType&season=2025&month=0&season1=2025&ind=1&team=19&rost=0&age=0"">COL</a>",34.1,8.912622184440666,7.795330924450274,6.568509673285101,0.01142857
687273,96.61205490635298,100.00150505002354,98.09674728230881,110.92350911869143,101.06252124222807,NA,NA,NA,98.98512704823291,NA,NA,NA,NA,NA,NA,NA
687287,94.33280043696513,99.67731975996593,89.0233678983228,89.46153444365743,101.25269824174362,NA,100.19074350052071,NA,96.53386249383087,Patrick Monteverde,"<a href=""leaders.aspx?pos=all&stats=pit&lg=all&qual=0&type=strType&season=2025&month=0&season1=2025&ind=1&team=20&rost=0&age=0"">MIA</a>",3.2,9.818183520608992,1.771499718122205,4.714820738542629,0.15
687330,NA,NA,97.17626342170776,106.16339892217522,NA,105.28013740381913,95.24906469134223,NA,103.70946468639855,Kevin Kelly,"<a href=""leaders.aspx?pos=all&stats=pit&lg=all&qual=0&type=strType&season=2025&month=0&season1=2025&ind=1&team=12&rost=0&age=0"">TBR</a>",39.2,5.899161176706825,5.656145368081498,3.839002258727211,0.15204678
687362,99.08187672864995,92.84139410226622,100.41931352489874,NA,NA,96.55040861362293,98.22514053231107,NA,98.48069142560222,Connor Gillispie,"<a href=""leaders.aspx?pos=all&stats=pit&lg=all&qual=0&type=strType&season=2025&month=0&season1=2025&ind=1&team=20&rost=0&age=0"">MIA</a>",26,8.653846153846153,5.750520933591403,5.063129905783214,0.09756098
687377,93.73149880973729,NA,105.11866404203111,101.65667568838695,106.82383249602297,NA,NA,NA,102.62046436715235,Orlando Ribalta,"<a href=""leaders.aspx?pos=all&stats=pit&lg=all&qual=0&type=strType&season=2025&month=0&season1=2025&ind=1&team=24&rost=0&age=0"">WSN</a>",24.1,7.027398729172533,6.505000036289522,5.643808951378028,0.06666667
687396,NA,NA,104.15468947272672,90.08555104134228,102.1193024663363,NA,NA,NA,103.97713769634498,Brent Headrick,"<a href=""leaders.aspx?pos=all&stats=pit&lg=all&qual=0&type=strType&season=2025&month=0&season1=2025&ind=1&team=9&rost=0&age=0"">NYY</a>",23,3.130435561412868,3.830788665187425,3.245722557452137,0.25
687424,NA,NA,94.11767833083147,NA,102.57227797225653,NA,NA,NA,98.3793464427693,Anthony Maldonado,"<a href=""leaders.aspx?pos=all&stats=pit&lg=all&qual=0&type=strType&season=2025&month=0&season1=2025&ind=1&team=10&rost=0&age=0"">ATH</a>",6,12.000001907348937,9.801804044511751,5.871368944443485,0.06060606
687473,97.53580496556776,96.69452605414811,104.46920192125012,100.46600772085804,96.30073676039387,98.55512006423041,100.18034190031328,NA,101.18487242068058,Ryan Gusto,- - -,101.2,5.665573912212782,4.610546191178866,4.605320505955879,0.13465784
687589,90.6233292704042,NA,89.07062383338584,88.28605178869418,97.56896105207831,96.58416689476616,88.90893762529345,NA,93.75025975720526,Dom Hamel,"<a href=""leaders.aspx?pos=all&stats=pit&lg=all&qual=0&type=strType&season=2025&month=0&season1=2025&ind=1&team=25&rost=0&age=0"">NYM</a>",1,0,6.135136318206787,7.676875633001328,0
687606,98.17262536959866,NA,98.10017713428631,85.43446363211075,99.0143490656833,NA,94.69944362931459,NA,97.15723869531834,Paxton Schultz,"<a href=""leaders.aspx?pos=all&stats=pit&lg=all&qual=0&type=strType&season=2025&month=0&season1=2025&ind=1&team=14&rost=0&age=0"">TOR</a>",24.2,4.378378829788912,4.067568846772945,3.7720461188332894,0.18181818
687765,85.7892161284348,100.68584889550525,NA,89.88851606778096,107.10403805399679,NA,107.30888863799458,NA,104.17983123675131,Mitch Spence,"<a href=""leaders.aspx?pos=all&stats=pit&lg=all&qual=0&type=strType&season=2025&month=0&season1=2025&ind=1&team=10&rost=0&age=0"">ATH</a>",84.2,5.102362817762819,5.095766475032315,4.35076830194775,0.10666667
687798,100.38868751134842,NA,91.24062229069936,NA,95.63890561449075,NA,NA,NA,97.02268031134156,NA,NA,NA,NA,NA,NA,NA
687817,NA,NA,82.75150808807761,NA,93.04668615897651,NA,NA,NA,90.47289164125179,NA,NA,NA,NA,NA,NA,NA
687830,101.48420937659516,NA,104.88311741676942,101.58844480469459,100.75928393905534,NA,100.96089817075016,NA,102.25875233700903,Sawyer Gipson-Long,"<a href=""leaders.aspx?pos=all&stats=pit&lg=all&qual=0&type=strType&season=2025&month=0&season1=2025&ind=1&team=6&rost=0&age=0"">DET</a>",31.1,7.18085157380166,5.5606684053575695,4.111288322495035,0.15037594
687847,89.22613965041432,NA,100.20925540120095,NA,107.63791589093958,NA,NA,NA,103.00465071318698,Marc Church,"<a href=""leaders.aspx?pos=all&stats=pit&lg=all&qual=0&type=strType&season=2025&month=0&season1=2025&ind=1&team=13&rost=0&age=0"">TEX</a>",4.2,3.8571433826369397,4.849422266045427,6.831658797982417,-0.04347826
687849,NA,107.98664399459491,106.02196517269468,92.87974836465014,108.8873588181105,NA,NA,NA,106.78434754919878,Zak Kent,"<a href=""leaders.aspx?pos=all&stats=pit&lg=all&qual=0&type=strType&season=2025&month=0&season1=2025&ind=1&team=5&rost=0&age=0"">CLE</a>",17.2,4.584906320378476,3.587966572071328,4.684751198483756,0.10526316
687863,NA,NA,110.77200721370612,NA,111.8624446087015,112.16757649144975,NA,NA,111.44307781580503,Porter Hodge,"<a href=""leaders.aspx?pos=all&stats=pit&lg=all&qual=0&type=strType&season=2025&month=0&season1=2025&ind=1&team=17&rost=0&age=0"">CHC</a>",33,6.272727997835101,5.892712394549754,4.0291550679951005,0.14965986
687866,NA,NA,91.01398815848437,NA,98.62055434046243,NA,102.51651333310657,NA,94.84044022488717,NA,NA,NA,NA,NA,NA,NA
687888,94.53180238147954,NA,86.19761109196517,93.86338730706677,NA,97.24723428624948,96.47896321878093,NA,93.98788636999689,Brandon Walter,"<a href=""leaders.aspx?pos=all&stats=pit&lg=all&qual=0&type=strType&season=2025&month=0&season1=2025&ind=1&team=21&rost=0&age=0"">HOU</a>",53.2,3.3540374260203403,4.01091275722321,3.13986780288265,0.22641509
687911,85.89385513723347,89.784184586988,89.51365467190755,85.44657298954301,92.55431753853557,99.2904131517335,NA,NA,92.2413663462321,Bryan King,"<a href=""leaders.aspx?pos=all&stats=pit&lg=all&qual=0&type=strType&season=2025&month=0&season1=2025&ind=1&team=21&rost=0&age=0"">HOU</a>",68,2.779412388389226,3.67925408736235,3.3319012553129337,0.21090909
687916,NA,NA,97.54304041465217,NA,104.3670282832151,NA,104.07722189586116,NA,101.17290982274699,NA,NA,NA,NA,NA,NA,NA
687922,97.71088452702725,NA,94.90039892156332,NA,103.47147833346706,99.79759276156166,94.79285279926403,NA,96.9553168066717,Easton Lucas,"<a href=""leaders.aspx?pos=all&stats=pit&lg=all&qual=0&type=strType&season=2025&month=0&season1=2025&ind=1&team=14&rost=0&age=0"">TOR</a>",24.1,6.657535116317843,5.395410586092474,4.751670422819752,0.10185185
687931,103.51020357890623,102.55801882711881,NA,94.40865050450115,104.18093413442354,NA,NA,NA,99.07078644755286,Carson Whisenhunt,"<a href=""leaders.aspx?pos=all&stats=pit&lg=all&qual=0&type=strType&season=2025&month=0&season1=2025&ind=1&team=30&rost=0&age=0"">SFG</a>",23.1,5.014285987542615,6.906565095161916,5.4798695943721105,0.03921569
687956,99.96137078402751,NA,95.27728343240055,NA,100.54548451740709,NA,NA,NA,97.39958586540979,NA,NA,NA,NA,NA,NA,NA
687985,101.76688766969158,98.1462947686635,90.42742159769844,NA,NA,NA,NA,NA,96.17676919517983,NA,NA,NA,NA,NA,NA,NA
688107,100.8095593606818,NA,93.52963103130206,90.2474985336841,NA,103.94045422783992,92.930320959018,NA,97.63283320322755,Robert Gasser,"<a href=""leaders.aspx?pos=all&stats=pit&lg=all&qual=0&type=strType&season=2025&month=0&season1=2025&ind=1&team=23&rost=0&age=0"">MIL</a>",5.2,3.176470944625736,6.841019086936813,6.995546251300917,0.03448276
688138,97.17957917357867,98.98575800474029,90.62182447128643,92.9250214178856,NA,106.67158117721014,99.09605646981454,NA,98.65659842083889,Logan Evans,"<a href=""leaders.aspx?pos=all&stats=pit&lg=all&qual=0&type=strType&season=2025&month=0&season1=2025&ind=1&team=11&rost=0&age=0"">SEA</a>",81.1,4.315574040370631,5.053169225038179,4.870881485926999,0.08
688158,118.5012507105942,102.78102274390457,105.45119799358777,103.20864505214598,105.69259200274426,NA,NA,NA,104.44568914163553,David Morgan,"<a href=""leaders.aspx?pos=all&stats=pit&lg=all&qual=0&type=strType&season=2025&month=0&season1=2025&ind=1&team=29&rost=0&age=0"">SDP</a>",47.1,2.6619722779321466,3.7055589491922474,3.9424176912125355,0.13989637
688297,NA,NA,89.76694307186777,101.19670466515437,NA,NA,100.83957800517723,NA,97.81522488909259,Chris Roycroft,"<a href=""leaders.aspx?pos=all&stats=pit&lg=all&qual=0&type=strType&season=2025&month=0&season1=2025&ind=1&team=28&rost=0&age=0"">STL</a>",20.2,7.838712088896256,4.828685226301657,5.361027820153852,0.02970297
688328,NA,102.21927315443486,95.37175130433636,NA,103.11484646103503,NA,NA,NA,99.87431666929953,NA,NA,NA,NA,NA,NA,NA
688497,95.17089721743702,96.12829308546911,96.0417230888438,NA,100.23812482570771,NA,NA,NA,96.55542576098601,Taylor Rashi,"<a href=""leaders.aspx?pos=all&stats=pit&lg=all&qual=0&type=strType&season=2025&month=0&season1=2025&ind=1&team=15&rost=0&age=0"">ARI</a>",16.1,4.4081636084859115,1.9106464269607009,2.9489607402071214,0.19444444
688642,NA,NA,99.09402779381628,NA,NA,101.46150612221102,97.03056606182,NA,97.19432741631688,Zach Agnos,"<a href=""leaders.aspx?pos=all&stats=pit&lg=all&qual=0&type=strType&season=2025&month=0&season1=2025&ind=1&team=19&rost=0&age=0"">COL</a>",31.1,6.606384051121497,5.624498424426482,5.6658215333524,0.01449275
688883,91.64605675044719,101.18491114252195,96.98920196292592,NA,NA,NA,NA,NA,97.09979522104169,NA,NA,NA,NA,NA,NA,NA
689017,96.67299155888522,NA,102.09280412513107,NA,104.57936394078925,NA,NA,101.15191277582922,100.88891602133394,Landon Knack,"<a href=""leaders.aspx?pos=all&stats=pit&lg=all&qual=0&type=strType&season=2025&month=0&season1=2025&ind=1&team=22&rost=0&age=0"">LAD</a>",42.1,4.8897641467120065,5.709939661161419,4.605701538845515,0.12432433
689147,NA,NA,104.65496458397942,97.8552728777815,NA,118.20686931563404,NA,NA,109.83711606629647,Orion Kerkering,"<a href=""leaders.aspx?pos=all&stats=pit&lg=all&qual=0&type=strType&season=2025&month=0&season1=2025&ind=1&team=26&rost=0&age=0"">PHI</a>",60,3.3000004196167527,3.8184697384304584,4.188687376533484,0.14285714
689225,101.26962094317595,NA,102.25266647835872,96.70994604665948,106.17665232596936,NA,NA,NA,101.47492654927846,Beau Brieske,"<a href=""leaders.aspx?pos=all&stats=pit&lg=all&qual=0&type=strType&season=2025&month=0&season1=2025&ind=1&team=6&rost=0&age=0"">DET</a>",22,6.545455396668095,6.271500362443584,5.629563796608338,0.03883495
689233,NA,NA,89.02544358287452,NA,NA,NA,NA,NA,89.02544358287452,NA,NA,NA,NA,NA,NA,NA
689254,NA,NA,NA,89.6524316641157,NA,105.57858383688732,101.81275375944409,NA,103.41507874086052,Mason Fluharty,"<a href=""leaders.aspx?pos=all&stats=pit&lg=all&qual=0&type=strType&season=2025&month=0&season1=2025&ind=1&team=14&rost=0&age=0"">TOR</a>",52.2,4.443039476480428,3.9705796385706282,4.12888478629145,0.14883721
689266,81.35910934325437,NA,NA,90.98248833725681,91.47971027100394,NA,89.96458483626748,NA,90.25073701535653,Dylan Dodd,"<a href=""leaders.aspx?pos=all&stats=pit&lg=all&qual=0&type=strType&season=2025&month=0&season1=2025&ind=1&team=16&rost=0&age=0"">ATL</a>",35,3.6000007847378943,3.7922793185954506,3.432826003184114,0.18382353
689337,NA,91.68886040453127,NA,95.52035111797491,95.89037052777084,NA,98.38913123617236,NA,94.8034735541075,NA,NA,NA,NA,NA,NA,NA
689520,96.33992381499773,NA,99.327615922946,NA,93.90362614148728,NA,99.94321094531412,NA,98.48729391891301,Cody Laweryson,"<a href=""leaders.aspx?pos=all&stats=pit&lg=all&qual=0&type=strType&season=2025&month=0&season1=2025&ind=1&team=8&rost=0&age=0"">MIN</a>",7.2,1.1739131408287662,1.3090492102509286,2.5156279044973613,0.26923077
689557,NA,NA,105.03940340511964,NA,104.18323527142421,NA,102.52619362028966,NA,104.42720359925697,NA,NA,NA,NA,NA,NA,NA
689690,102.06473392940072,NA,104.995435601517,103.728289869162,NA,103.84141512909028,NA,NA,103.74888249876142,Alek Jacob,"<a href=""leaders.aspx?pos=all&stats=pit&lg=all&qual=0&type=strType&season=2025&month=0&season1=2025&ind=1&team=29&rost=0&age=0"">SDP</a>",33.1,5.130001369858154,5.8951370552064954,5.775241636495103,0.05882353
689821,NA,99.55470568393471,NA,96.65752816382785,101.02311045392662,NA,NA,NA,98.3749010647833,NA,NA,NA,NA,NA,NA,NA
689958,NA,NA,112.87657676110635,NA,104.30024420282128,NA,NA,NA,109.23163542383519,Andrew Walters,"<a href=""leaders.aspx?pos=all&stats=pit&lg=all&qual=0&type=strType&season=2025&month=0&season1=2025&ind=1&team=5&rost=0&age=0"">CLE</a>",1.1,13.500003218651585,9.885137927532579,3.6040498882922103,0.33333333
690294,87.87141476770418,NA,91.84946292712347,75.90791134215196,101.02077720692526,NA,NA,NA,91.05504063515465,NA,NA,NA,NA,NA,NA,NA
690382,NA,NA,97.63153001253576,96.53482285370502,NA,107.49249396961453,104.08568167646716,NA,101.05806361661689,Michael Darrell-Hicks,- - -,9.2,7.448276351946887,4.3765157101979355,4.786081164315313,0.09302326
690544,NA,NA,101.76904564647629,93.65251908427574,NA,111.93153240746628,108.15127461457108,NA,104.69976348639206,Bailey Horn,"<a href=""leaders.aspx?pos=all&stats=pit&lg=all&qual=0&type=strType&season=2025&month=0&season1=2025&ind=1&team=6&rost=0&age=0"">DET</a>",11.1,1.5882356059593101,4.370430678397362,4.311658418477415,0.06
690829,131.52087551973204,NA,103.60187875694153,102.26016805438029,110.69075574438051,NA,NA,NA,103.3808780682702,Ben Joyce,"<a href=""leaders.aspx?pos=all&stats=pit&lg=all&qual=0&type=strType&season=2025&month=0&season1=2025&ind=1&team=1&rost=0&age=0"">LAA</a>",4.1,6.230771059115794,6.365906497007569,6.212194417677102,0
690916,101.20481369092377,100.9993855623297,106.79521167334954,91.61539775679877,105.50188469095262,105.63430183994862,NA,NA,104.20369631305118,Richard Fitts,"<a href=""leaders.aspx?pos=all&stats=pit&lg=all&qual=0&type=strType&season=2025&month=0&season1=2025&ind=1&team=3&rost=0&age=0"">BOS</a>",45,5,5.801802984873454,4.268547142876519,0.12307692
690925,NA,NA,103.93277733330211,NA,114.2295644775742,NA,NA,NA,108.52745351896128,Clayton Beeter,- - -,25.1,4.263158750666317,4.200926005873367,4.000331160026067,0.14423077
690928,NA,97.75665335976214,99.49873709390215,91.41825896266428,105.72997544618322,102.17574019554856,NA,NA,101.17775632563358,Hunter Dobbins,"<a href=""leaders.aspx?pos=all&stats=pit&lg=all&qual=0&type=strType&season=2025&month=0&season1=2025&ind=1&team=3&rost=0&age=0"">BOS</a>",61,4.131147540983607,3.8728412362395743,4.110617611447319,0.109375
690953,103.46569272524478,105.32082850833068,104.6174812021977,95.09922064159456,104.54906412389548,110.04535529681542,NA,NA,103.5530133952262,Mick Abel,- - -,39,6.230769230769231,5.109495292565761,4.340353936415452,0.13218391
690986,97.6613515359104,NA,100.91265363158975,94.82519475578142,NA,NA,96.32279163089856,NA,99.750542514481,Kyle Harrison,- - -,35.2,4.037383357492935,3.723921391174507,3.9518045773202353,0.15384615
690990,93.70887253533527,104.53060261443058,104.89445846741896,89.9191846914967,NA,102.4552035245775,NA,NA,102.03548016011419,Cade Horton,"<a href=""leaders.aspx?pos=all&stats=pit&lg=all&qual=0&type=strType&season=2025&month=0&season1=2025&ind=1&team=17&rost=0&age=0"">CHC</a>",118,2.6694916980220795,3.5842888896200265,4.272579494519117,0.13445378
690997,94.70793307305726,101.29187452050112,102.72021206306061,98.62509086668442,NA,105.4286616707073,98.07032203185636,NA,100.94348241178098,Nolan McLean,"<a href=""leaders.aspx?pos=all&stats=pit&lg=all&qual=0&type=strType&season=2025&month=0&season1=2025&ind=1&team=25&rost=0&age=0"">NYM</a>",48,2.0625,2.968469651540121,2.784484251836936,0.21808511
691008,98.68502590543423,100.25009958969497,89.8613791286325,NA,NA,96.18962161918975,NA,NA,95.29262008272934,NA,NA,NA,NA,NA,NA,NA
691032,NA,NA,97.10777796710805,98.1785373698092,100.71811023526712,101.18733906588575,101.36412798068238,NA,99.2173538540582,NA,NA,NA,NA,NA,NA,NA
691094,90.80402059865216,92.50551121312593,NA,99.17954592298555,95.24268486766384,NA,91.10920381888181,NA,95.60365256983242,Randy Wynne,"<a href=""leaders.aspx?pos=all&stats=pit&lg=all&qual=0&type=strType&season=2025&month=0&season1=2025&ind=1&team=18&rost=0&age=0"">CIN</a>",3,3,6.468469651540121,5.218614947795869,0.15384615
691172,99.26312540065913,NA,92.26251766632672,98.10156608406442,105.26255709755779,NA,NA,NA,99.62754020845063,Yosver Zulueta,"<a href=""leaders.aspx?pos=all&stats=pit&lg=all&qual=0&type=strType&season=2025&month=0&season1=2025&ind=1&team=18&rost=0&age=0"">CIN</a>",7.1,6.1363647003806205,5.18059121833366,5.510235795666864,0.03125
691251,NA,NA,88.56906595222651,94.52595325924686,100.47647704752922,NA,NA,NA,93.38057201982757,Andry Lara,"<a href=""leaders.aspx?pos=all&stats=pit&lg=all&qual=0&type=strType&season=2025&month=0&season1=2025&ind=1&team=24&rost=0&age=0"">WSN</a>",14.1,8.79069845427566,5.437462103850413,5.021830282721982,0.02564103
691441,96.55704709309695,112.7013979128234,99.719401191714,91.30432413466491,NA,108.32241673103259,NA,NA,103.24897609276148,Cristian Mena,"<a href=""leaders.aspx?pos=all&stats=pit&lg=all&qual=0&type=strType&season=2025&month=0&season1=2025&ind=1&team=15&rost=0&age=0"">ARI</a>",6.2,1.350000128746045,4.035136404037484,3.010179895166739,0.19230769
691548,95.54338944902088,NA,93.340263416908,100.87140714626612,103.25366919594096,NA,NA,NA,101.77216723137114,Rolddy Muñoz,"<a href=""leaders.aspx?pos=all&stats=pit&lg=all&qual=0&type=strType&season=2025&month=0&season1=2025&ind=1&team=16&rost=0&age=0"">ATL</a>",3.2,12.272729400761241,9.680591998612783,6.976085701370133,0
691582,NA,91.48460303034197,NA,93.72404762229135,96.93536834117972,NA,103.29202399842669,NA,95.1925674123406,NA,NA,NA,NA,NA,NA,NA
691587,100.32649361104217,102.56929825995188,111.35848052770092,98.41679767543161,105.03631986892373,109.99960215296124,NA,NA,108.21040520974206,Eury Pérez,"<a href=""leaders.aspx?pos=all&stats=pit&lg=all&qual=0&type=strType&season=2025&month=0&season1=2025&ind=1&team=20&rost=0&age=0"">MIA</a>",95.1,4.248251974906227,3.670101381713497,4.071421196804374,0.18961039
691634,NA,NA,99.48548539592147,NA,93.71992955206264,NA,NA,NA,97.56363344796853,NA,NA,NA,NA,NA,NA,NA
691669,NA,NA,NA,90.8011081470118,NA,NA,NA,NA,90.8011081470118,NA,NA,NA,NA,NA,NA,NA
691769,NA,NA,99.28328591104977,NA,94.89666883106412,NA,NA,NA,98.2329691454194,Philip Abner,"<a href=""leaders.aspx?pos=all&stats=pit&lg=all&qual=0&type=strType&season=2025&month=0&season1=2025&ind=1&team=15&rost=0&age=0"">ARI</a>",3.2,4.909094633152532,2.862408838587202,5.385256903913248,0.11111111
691799,NA,117.93306723499258,114.698733679553,NA,122.62719437596171,NA,104.57927236714309,NA,114.25844122299063,Grant Taylor,"<a href=""leaders.aspx?pos=all&stats=pit&lg=all&qual=0&type=strType&season=2025&month=0&season1=2025&ind=1&team=4&rost=0&age=0"">CHW</a>",36.2,4.909091249576308,1.4169543808550793,2.3419980338911035,0.24840764
691951,96.6631890607318,90.76629156886855,92.60526158688423,NA,97.01546855789525,NA,NA,NA,94.12399804206848,Sam Aldegheri,"<a href=""leaders.aspx?pos=all&stats=pit&lg=all&qual=0&type=strType&season=2025&month=0&season1=2025&ind=1&team=1&rost=0&age=0"">LAA</a>",13.2,7.902439943457806,7.305868510587297,6.708413779825985,0.02739726
692024,NA,NA,98.480246898414,NA,107.0149661547863,NA,NA,NA,103.12308915951093,Alex Carrillo,"<a href=""leaders.aspx?pos=all&stats=pit&lg=all&qual=0&type=strType&season=2025&month=0&season1=2025&ind=1&team=25&rost=0&age=0"">NYM</a>",4.2,13.50000183922929,14.492280722637776,6.9835223702377665,0.09090909
692030,93.57443691786499,NA,92.42013655719651,NA,NA,105.78438071071139,89.37810761471864,NA,92.00438524970399,Jose Corniell,"<a href=""leaders.aspx?pos=all&stats=pit&lg=all&qual=0&type=strType&season=2025&month=0&season1=2025&ind=1&team=13&rost=0&age=0"">TEX</a>",1.2,16.20000617981193,11.535139522553713,7.435312314100646,0
692064,102.28785940178915,NA,95.80948445196228,105.66740736263672,102.55247362682051,NA,NA,NA,102.87963515403368,NA,NA,NA,NA,NA,NA,NA
692230,97.91309093466572,95.85453774196614,93.97892927786629,94.25844763991275,99.15756214320812,NA,95.57318375810476,NA,96.26898200083996,Carlos Rodriguez,"<a href=""leaders.aspx?pos=all&stats=pit&lg=all&qual=0&type=strType&season=2025&month=0&season1=2025&ind=1&team=23&rost=0&age=0"">MIL</a>",9.2,6.517241807953526,4.997205406193509,6.204222282481092,0.04
692285,101.62367140619939,NA,93.39895764127861,NA,99.7169839647455,103.11383814967617,NA,NA,97.86416444402639,Luis Guerrero,"<a href=""leaders.aspx?pos=all&stats=pit&lg=all&qual=0&type=strType&season=2025&month=0&season1=2025&ind=1&team=3&rost=0&age=0"">BOS</a>",17.1,4.153846915657138,4.404367320213135,5.91645807934665,-0.05555556
692838,NA,NA,99.5700663146014,NA,102.69495481929506,NA,105.99512987520856,NA,101.24864756735043,NA,NA,NA,NA,NA,NA,NA
693312,87.43411454184061,108.93911767086195,103.88394342966905,104.5704419192803,112.12013165994765,NA,NA,NA,107.02257502767165,Kyle Nicolas,"<a href=""leaders.aspx?pos=all&stats=pit&lg=all&qual=0&type=strType&season=2025&month=0&season1=2025&ind=1&team=27&rost=0&age=0"">PIT</a>",38,4.736843056295908,3.9509259556799714,4.872070538256639,0.09580838
693313,NA,101.50764685041428,96.79146198068607,96.35251643293176,105.99700960216688,NA,93.47717489349017,NA,98.2686191998572,Carson Seymour,"<a href=""leaders.aspx?pos=all&stats=pit&lg=all&qual=0&type=strType&season=2025&month=0&season1=2025&ind=1&team=30&rost=0&age=0"">SFG</a>",36,4.750000125832031,6.107358619166011,4.441923981919227,0.08333333
693433,96.68652360094576,NA,98.24286628028746,97.13084969872023,99.55048671437045,105.1440536673394,NA,NA,98.67394215259458,Bryan Woo,"<a href=""leaders.aspx?pos=all&stats=pit&lg=all&qual=0&type=strType&season=2025&month=0&season1=2025&ind=1&team=11&rost=0&age=0"">SEA</a>",186.2,2.9410715888471106,3.4672791934499947,3.3332064052683847,0.22161423
693645,101.096924642996,105.41918796518762,101.01466242584563,93.98787436219233,NA,112.78533935429064,111.40303395516366,NA,103.43887429306467,Cam Schlittler,"<a href=""leaders.aspx?pos=all&stats=pit&lg=all&qual=0&type=strType&season=2025&month=0&season1=2025&ind=1&team=9&rost=0&age=0"">NYY</a>",73,2.958904109589041,3.7378760442341843,3.770478958218065,0.17434211
693725,88.12035835524708,NA,97.10983432772235,NA,94.50046779125347,93.40309200054365,NA,NA,95.47373469943474,NA,NA,NA,NA,NA,NA,NA
693821,87.0685234422022,NA,88.04777442875377,89.35252292894006,103.11964098104846,NA,NA,NA,93.73000710255442,Bryce Elder,"<a href=""leaders.aspx?pos=all&stats=pit&lg=all&qual=0&type=strType&season=2025&month=0&season1=2025&ind=1&team=16&rost=0&age=0"">ATL</a>",156.1,5.2963754388406725,4.548782419636484,4.042189459875144,0.11782032
693855,98.44472371620915,94.21021143811828,94.28291644959297,87.75638433911088,NA,96.10524327142723,91.52150080603518,NA,94.71928521733906,Ian Seymour,"<a href=""leaders.aspx?pos=all&stats=pit&lg=all&qual=0&type=strType&season=2025&month=0&season1=2025&ind=1&team=12&rost=0&age=0"">TBR</a>",57,3.631579068889252,3.187767898915327,3.805540822423283,0.18595041
694037,NA,99.11610707159849,106.3378223153921,112.79882758706377,110.98538681229931,NA,NA,NA,107.67599193734078,Daniel Palencia,"<a href=""leaders.aspx?pos=all&stats=pit&lg=all&qual=0&type=strType&season=2025&month=0&season1=2025&ind=1&team=17&rost=0&age=0"">CHC</a>",52.2,2.9050636418334914,3.0781742860139736,3.366220732862064,0.20930233
694297,97.66798590598697,100.83214323063486,100.42992280650516,96.24157748838606,NA,108.12428575644431,99.71455283585944,NA,100.42859647287658,Brandon Pfaadt,"<a href=""leaders.aspx?pos=all&stats=pit&lg=all&qual=0&type=strType&season=2025&month=0&season1=2025&ind=1&team=15&rost=0&age=0"">ARI</a>",176.2,5.247170113454573,4.216268455930438,4.01351885387716,0.14341591
694335,NA,NA,88.7727790905533,97.08278772994771,NA,108.42079632405554,96.7443327496453,NA,100.79939684117429,Matt Svanson,"<a href=""leaders.aspx?pos=all&stats=pit&lg=all&qual=0&type=strType&season=2025&month=0&season1=2025&ind=1&team=28&rost=0&age=0"">STL</a>",60.1,1.9392268054306208,2.7207716161916973,3.4031547727085174,0.20512821
694350,99.79134589341372,103.00320967153634,102.39816255113368,NA,NA,NA,NA,NA,101.95110650095292,Zach Brzykcy,"<a href=""leaders.aspx?pos=all&stats=pit&lg=all&qual=0&type=strType&season=2025&month=0&season1=2025&ind=1&team=24&rost=0&age=0"">WSN</a>",23,9.000001492707874,6.265571620018221,5.2874242983342015,0.10909091
694361,NA,108.01693984026305,103.17832141915845,NA,NA,117.04618811549821,100.73920890411468,NA,105.13111957072768,Will Klein,"<a href=""leaders.aspx?pos=all&stats=pit&lg=all&qual=0&type=strType&season=2025&month=0&season1=2025&ind=1&team=22&rost=0&age=0"">LAD</a>",15.1,2.347826573709109,2.743831889255269,3.5482177854789794,0.15714286
694363,97.16797417738736,NA,88.98276225438342,93.981924631318,94.66183311315116,91.91935636049404,NA,NA,93.56780428919888,Jared Shuster,"<a href=""leaders.aspx?pos=all&stats=pit&lg=all&qual=0&type=strType&season=2025&month=0&season1=2025&ind=1&team=4&rost=0&age=0"">CHW</a>",15.2,8.042554497017475,2.9436469254206568,4.813416185175894,0.08536585
694462,NA,99.40197999468512,89.90243619513947,92.78427025615049,104.01061060918899,NA,94.20491723193756,NA,98.47859751097553,Hurston Waldrep,"<a href=""leaders.aspx?pos=all&stats=pit&lg=all&qual=0&type=strType&season=2025&month=0&season1=2025&ind=1&team=16&rost=0&age=0"">ATL</a>",56.1,2.8757398072496567,3.206142239373446,3.6632970205798356,0.1441048
694477,91.73677662097407,NA,86.07815631237456,90.17434242965655,99.81539714939501,NA,101.5273167178308,NA,94.90104470446964,Chad Patrick,"<a href=""leaders.aspx?pos=all&stats=pit&lg=all&qual=0&type=strType&season=2025&month=0&season1=2025&ind=1&team=23&rost=0&age=0"">MIL</a>",119.2,3.5348190166254287,3.527893986720724,3.9837619683742664,0.17296223
694496,88.27509500209463,101.58100192743659,88.76686895402496,NA,NA,102.16451213444905,95.89565462834999,NA,94.40204897508985,NA,NA,NA,NA,NA,NA,NA
694646,NA,99.26284005342538,97.37008692881307,NA,100.81386950720805,107.7896258257316,102.20873585508517,NA,99.16337620388103,Chayce McDermott,"<a href=""leaders.aspx?pos=all&stats=pit&lg=all&qual=0&type=strType&season=2025&month=0&season1=2025&ind=1&team=2&rost=0&age=0"">BAL</a>",8.2,15.576925933714268,10.058214510968684,7.870823081995297,-0.05882353
694660,NA,NA,94.15920782062926,97.93035675662695,97.10603182000138,NA,NA,NA,96.61736422159173,NA,NA,NA,NA,NA,NA,NA
694674,NA,NA,NA,101.58152172954662,103.68861083717856,NA,88.61311101635823,NA,100.12851772188137,NA,NA,NA,NA,NA,NA,NA
694680,NA,NA,91.63870671509943,NA,NA,NA,101.5704142810344,NA,95.61138974147342,NA,NA,NA,NA,NA,NA,NA
694738,97.24851482236144,99.00526435172002,88.00306225389234,97.40919916041163,NA,NA,91.16142808388983,NA,97.46220347243039,Landen Roupp,"<a href=""leaders.aspx?pos=all&stats=pit&lg=all&qual=0&type=strType&season=2025&month=0&season1=2025&ind=1&team=30&rost=0&age=0"">SFG</a>",106.2,3.7968750905245563,3.9132613367587332,4.10473978540101,0.1197479
694819,114.5392468910905,120.71340869247622,113.62262305475251,NA,111.09950570863829,NA,NA,NA,114.13583714595183,Jacob Misiorowski,"<a href=""leaders.aspx?pos=all&stats=pit&lg=all&qual=0&type=strType&season=2025&month=0&season1=2025&ind=1&team=23&rost=0&age=0"">MIL</a>",66,4.363636552794914,3.6199848240728887,3.656045624436435,0.20512821
694851,120.08553754483268,NA,97.98073726300495,NA,103.53849503594485,NA,NA,NA,108.63672694163927,Andrew Hoffmann,- - -,12,6.000001430511816,5.801803620656482,6.20470257470598,0.03278689
694855,95.74487617049367,NA,NA,102.96160347005443,96.58236537564338,NA,NA,NA,98.55583505847267,NA,NA,NA,NA,NA,NA,NA
694900,NA,NA,97.31352129305822,NA,104.50574181477126,NA,NA,NA,99.92887421004477,NA,NA,NA,NA,NA,NA,NA
694918,100.31464512078105,NA,96.7834306719441,95.52422379053803,105.95023038086119,109.7837348203445,106.67090166348089,NA,101.12895940894708,Blade Tidwell,"<a href=""leaders.aspx?pos=all&stats=pit&lg=all&qual=0&type=strType&season=2025&month=0&season1=2025&ind=1&team=25&rost=0&age=0"">NYM</a>",15,9.000001144409325,7.468470202552018,6.571368946470596,0
694973,100.40987266344358,100.35323455788755,98.46340366924039,101.29574185722467,103.56997315706714,107.13367878142142,NA,NA,101.77677011517596,Paul Skenes,"<a href=""leaders.aspx?pos=all&stats=pit&lg=all&qual=0&type=strType&season=2025&month=0&season1=2025&ind=1&team=27&rost=0&age=0"">PIT</a>",187.2,1.966252326829945,2.362489739913177,3.029963883239011,0.23738063
695071,NA,NA,88.53224631988928,NA,103.97869720720144,NA,NA,NA,94.32466540263134,NA,NA,NA,NA,NA,NA,NA
695243,113.29825012674944,NA,114.6413640672105,NA,114.36078722601134,NA,NA,NA,114.48570144039006,Mason Miller,- - -,61.2,2.6270273791272545,2.2270280883850204,2.273025875917015,0.32478633
695378,94.64249254109285,NA,NA,92.47732495407006,NA,101.92521413902766,NA,NA,96.20817114683048,NA,NA,NA,NA,NA,NA,NA
695418,96.03097278003271,NA,97.21721113563656,98.71441627241627,100.65297918683967,NA,NA,NA,98.01838486673893,Brad Lord,"<a href=""leaders.aspx?pos=all&stats=pit&lg=all&qual=0&type=strType&season=2025&month=0&season1=2025&ind=1&team=24&rost=0&age=0"">WSN</a>",130.2,4.339285798740111,4.229524094608614,3.9540806028345514,0.11904762
695445,93.79863720548582,NA,91.14806745717709,94.9113379893762,NA,110.48361817340052,NA,NA,99.13718882680583,Chase Lee,"<a href=""leaders.aspx?pos=all&stats=pit&lg=all&qual=0&type=strType&season=2025&month=0&season1=2025&ind=1&team=6&rost=0&age=0"">DET</a>",37.1,4.0982152628049455,4.52799379314703,3.8662469533072863,0.18243243
695505,109.9561201751412,106.63494248958929,110.11464683527085,99.80807609300778,124.34656916486139,NA,NA,NA,114.66446924532585,Chase Burns,"<a href=""leaders.aspx?pos=all&stats=pit&lg=all&qual=0&type=strType&season=2025&month=0&season1=2025&ind=1&team=18&rost=0&age=0"">CIN</a>",43.1,4.569231003868522,2.6505209087055803,2.6804006918437713,0.2712766
695534,94.63675117774824,NA,106.1950724049665,94.43275511212008,96.5215375274053,106.55015773566721,NA,NA,99.03361354184999,Chase Petty,"<a href=""leaders.aspx?pos=all&stats=pit&lg=all&qual=0&type=strType&season=2025&month=0&season1=2025&ind=1&team=18&rost=0&age=0"">CIN</a>",6,19.50000329315718,11.801804448498867,7.614412713524687,-0.025
695549,101.67703166622967,101.2764626027824,103.47122853181209,98.32872010867784,110.98265161047257,100.66446419243216,NA,NA,104.56535625033041,Jackson Jobe,"<a href=""leaders.aspx?pos=all&stats=pit&lg=all&qual=0&type=strType&season=2025&month=0&season1=2025&ind=1&team=6&rost=0&age=0"">DET</a>",49,4.224489795918367,5.1759526447374,5.143725711228896,0.05504587
696131,92.62131718476864,NA,93.08744044270159,90.87345623214854,NA,98.32685709194293,90.05545091993187,NA,94.19041543411697,Mason Black,"<a href=""leaders.aspx?pos=all&stats=pit&lg=all&qual=0&type=strType&season=2025&month=0&season1=2025&ind=1&team=30&rost=0&age=0"">SFG</a>",4,6.75,7.135136318206787,3.718614947795868,0.26315789
696136,102.37397353860925,101.37978580179521,97.28360460713698,93.53329246491859,108.3421084689575,105.93338633476056,NA,NA,100.61535970038655,Jordan Wicks,"<a href=""leaders.aspx?pos=all&stats=pit&lg=all&qual=0&type=strType&season=2025&month=0&season1=2025&ind=1&team=17&rost=0&age=0"">CHC</a>",14.1,6.2790699067020395,3.3444386484301885,3.2514964861395232,0.17910448
696146,88.62509744163474,NA,91.65269432096957,NA,97.40373435788914,NA,NA,NA,93.54301451084632,NA,NA,NA,NA,NA,NA,NA
696147,102.22998390526854,NA,88.34645501291591,99.63605993787426,108.34594073748384,NA,NA,NA,104.3945468315529,Sam Bachman,"<a href=""leaders.aspx?pos=all&stats=pit&lg=all&qual=0&type=strType&season=2025&month=0&season1=2025&ind=1&team=1&rost=0&age=0"">LAA</a>",20.1,6.196722280271293,3.626939673783874,4.200767421039378,0.08510638
696149,107.98175247977007,105.3137255636332,108.67456678480626,NA,111.93913248816652,NA,NA,NA,108.81103099649305,Bubba Chandler,"<a href=""leaders.aspx?pos=all&stats=pit&lg=all&qual=0&type=strType&season=2025&month=0&season1=2025&ind=1&team=27&rost=0&age=0"">PIT</a>",31.1,4.0212767589356755,2.6564128945239687,3.2043501767894607,0.21774194
696270,NA,NA,94.14378197074417,91.57052782199136,100.659375160852,100.74698942869027,103.84596356256402,NA,99.80467543500849,Ryan Johnson,"<a href=""leaders.aspx?pos=all&stats=pit&lg=all&qual=0&type=strType&season=2025&month=0&season1=2025&ind=1&team=1&rost=0&age=0"">LAA</a>",14.2,7.363637640456744,5.521500368354806,3.973298757705895,0.15277778
697812,96.46103139653265,NA,94.35774121075104,99.38838535237736,102.22026632797954,NA,NA,NA,98.72646179615052,Joe Rock,"<a href=""leaders.aspx?pos=all&stats=pit&lg=all&qual=0&type=strType&season=2025&month=0&season1=2025&ind=1&team=12&rost=0&age=0"">TBR</a>",7.2,2.3478262816575324,3.5264406984830425,2.836270629157963,0.25714286
698785,NA,NA,87.98054173578893,NA,98.50136406171129,NA,NA,NA,94.29303513134235,NA,NA,NA,NA,NA,NA,NA
699134,106.16568553443966,NA,103.35779993152063,100.71135599840058,NA,NA,113.88840645184328,NA,104.55762783989661,Bradgley Rodriguez,"<a href=""leaders.aspx?pos=all&stats=pit&lg=all&qual=0&type=strType&season=2025&month=0&season1=2025&ind=1&team=29&rost=0&age=0"">SDP</a>",7.2,1.1739132868545545,3.1351363182067873,4.341715162542353,0.19354839
699823,NA,NA,NA,106.23351624821393,100.30046061357078,NA,NA,NA,105.6402106847496,NA,NA,NA,NA,NA,NA,NA
699911,NA,NA,93.5907645897984,NA,96.70638972939197,NA,NA,NA,94.938850642613275,Dugan Darnell,"<a href=""leaders.aspx?pos=all&stats=pit&lg=all&qual=0&type=strType&season=2025&month=0&season1=2025&ind=1&team=19&rost=0&age=0"">COL</a>",11.2,3.8571433826369397,5.192279455613155,5.795931917196764,-0.04166667
700187,101.12696725827081,NA,101.80682956281458,98.66383888018193,NA,108.54245724095065,NA,NA,103.73521968386227,Troy Taylor,"<a href=""leaders.aspx?pos=all&stats=pit&lg=all&qual=0&type=strType&season=2025&month=0&season1=2025&ind=1&team=11&rost=0&age=0"">SEA</a>",6.2,12.150001158714405,8.235136804580735,7.804050221756832,-0.02702703
700241,97.00473067042486,99.81424885476436,90.38703971461065,93.9397557483611,99.75963473988011,100.81240385550602,93.59879277143035,NA,95.26464719133456,Michael McGreevy,"<a href=""leaders.aspx?pos=all&stats=pit&lg=all&qual=0&type=strType&season=2025&month=0&season1=2025&ind=1&team=28&rost=0&age=0"">STL</a>",95.2,4.421602816841596,4.274509148078499,4.31988429198945,0.095
700249,101.47103120363096,100.22943195074767,99.23995453156701,95.2616648006932,NA,102.18864598075182,96.2861748714124,NA,99.52902671150407,Cade Povich,"<a href=""leaders.aspx?pos=all&stats=pit&lg=all&qual=0&type=strType&season=2025&month=0&season1=2025&ind=1&team=2&rost=0&age=0"">BAL</a>",112.1,5.207715634598808,4.176679445126549,3.952355028696333,0.15368852
700270,NA,NA,93.30713499336343,NA,98.98691596856337,NA,NA,97.76030175375128,95.59102398162199,Yilber Díaz,"<a href=""leaders.aspx?pos=all&stats=pit&lg=all&qual=0&type=strType&season=2025&month=0&season1=2025&ind=1&team=15&rost=0&age=0"">ARI</a>",3,9,5.468469651540121,7.524122071266175,-0.13333333
700327,NA,NA,98.28458855409683,92.87701976885083,97.34792567092688,NA,NA,NA,94.52343221673783,NA,NA,NA,NA,NA,NA,NA
700363,NA,98.98883699997508,97.38111189499381,NA,97.03062048283702,NA,NA,NA,97.70401933594803,AJ Smith-Shawver,"<a href=""leaders.aspx?pos=all&stats=pit&lg=all&qual=0&type=strType&season=2025&month=0&season1=2025&ind=1&team=16&rost=0&age=0"">ATL</a>",44.1,3.8571429677731786,3.902053633436542,4.363596830028104,0.109375
700669,99.52716133231468,107.69118046528648,92.46399038510933,90.2825406988293,104.14702274704673,NA,NA,NA,99.15899324257907,Gordon Graceffo,"<a href=""leaders.aspx?pos=all&stats=pit&lg=all&qual=0&type=strType&season=2025&month=0&season1=2025&ind=1&team=28&rost=0&age=0"">STL</a>",43,6.279070324482614,2.9258339740573667,3.862922209193952,0.13989637
700675,86.67206743475408,104.02077033754381,83.70154859253304,91.14008803355756,NA,NA,86.95853196063081,NA,90.60551573209614,NA,NA,NA,NA,NA,NA,NA
700712,NA,NA,83.53168719013973,92.02491799768913,103.67111601268465,NA,110.91440510296611,NA,92.87707078018958,NA,NA,NA,NA,NA,NA,NA
700786,93.7502460712185,NA,85.50582595790912,95.75871762994791,100.01393610874199,NA,NA,NA,94.06975863138605,NA,NA,NA,NA,NA,NA,NA
701121,101.20057176379561,NA,100.55717474961047,96.02040373833887,NA,103.47584773265224,99.96144742292269,NA,100.85931496048678,Logan VanWey,"<a href=""leaders.aspx?pos=all&stats=pit&lg=all&qual=0&type=strType&season=2025&month=0&season1=2025&ind=1&team=21&rost=0&age=0"">HOU</a>",10.2,5.062500301748532,5.385136452317246,4.826631208933586,0.08163265
701328,NA,108.02435897108644,90.7762490181095,100.0156818119255,99.52960158233648,NA,NA,NA,95.6366009349622,NA,NA,NA,NA,NA,NA,NA
701487,99.86259555188722,95.78087769371567,97.21814146684544,NA,NA,NA,98.73252793165483,NA,98.30950116181239,Pierson Ohl,"<a href=""leaders.aspx?pos=all&stats=pit&lg=all&qual=0&type=strType&season=2025&month=0&season1=2025&ind=1&team=8&rost=0&age=0"">MIN</a>",30,5.100000162124639,4.201803018781876,3.98800614405854,0.15037594
701519,99.30325710550157,95.04750272982547,98.3480929381466,94.39288086703768,100.11379797082301,NA,102.45125386658057,NA,99.1561202951163,Travis Adams,"<a href=""leaders.aspx?pos=all&stats=pit&lg=all&qual=0&type=strType&season=2025&month=0&season1=2025&ind=1&team=8&rost=0&age=0"">MIN</a>",33.2,7.485149292300406,5.392562295249768,5.136471253772154,0.0886076
701542,103.86647078360527,101.13248518770676,101.90239051132664,101.12847807041055,NA,109.98246350777096,NA,NA,103.52814407327786,Will Warren,"<a href=""leaders.aspx?pos=all&stats=pit&lg=all&qual=0&type=strType&season=2025&month=0&season1=2025&ind=1&team=9&rost=0&age=0"">NYY</a>",162.1,4.435318414122357,4.065321152279671,3.908569263591761,0.1490858
701549,NA,NA,83.72421684826573,100.76903283908038,NA,NA,NA,NA,95.08742750880883,NA,NA,NA,NA,NA,NA,NA
701552,103.70305961875437,NA,92.30460882505453,84.40786199465472,100.7346234223755,NA,NA,NA,98.25679931706662,Andre Granillo,"<a href=""leaders.aspx?pos=all&stats=pit&lg=all&qual=0&type=strType&season=2025&month=0&season1=2025&ind=1&team=28&rost=0&age=0"">STL</a>",21,4.714286998826981,4.4208509542505094,4.913025282330004,0.12087912
701581,96.36836418177825,NA,106.21188874231497,92.52178254935204,105.34290355258727,NA,NA,NA,101.45366244285201,David Festa,"<a href=""leaders.aspx?pos=all&stats=pit&lg=all&qual=0&type=strType&season=2025&month=0&season1=2025&ind=1&team=8&rost=0&age=0"">MIN</a>",53.1,5.400000321865101,4.8788864221423935,4.493826862011287,0.14847162
701656,102.07692185975152,NA,100.12798564759356,NA,99.05280450854376,NA,95.11479157966927,NA,100.47643356053408,Logan Henderson,"<a href=""leaders.aspx?pos=all&stats=pit&lg=all&qual=0&type=strType&season=2025&month=0&season1=2025&ind=1&team=23&rost=0&age=0"">MIL</a>",25.1,1.7763158786329911,3.016715259631255,3.363843649106018,0.25252525
702056,NA,NA,103.78234848360333,NA,110.96758308955334,NA,NA,NA,109.2575256916402,Trey Yesavage,"<a href=""leaders.aspx?pos=all&stats=pit&lg=all&qual=0&type=strType&season=2025&month=0&season1=2025&ind=1&team=14&rost=0&age=0"">TOR</a>",14,3.2142857142857144,2.3494220324925017,3.2304159266608106,0.14516129
702070,101.24252266387127,104.6486089847808,91.90130532404498,NA,106.8377717429575,NA,103.3672256965321,NA,100.59523627955461,Noah Cameron,"<a href=""leaders.aspx?pos=all&stats=pit&lg=all&qual=0&type=strType&season=2025&month=0&season1=2025&ind=1&team=7&rost=0&age=0"">KCR</a>",138.1,2.9927711943760587,4.176100211902808,4.100573948729761,0.12769784
702103,108.74277654400721,NA,99.65706550044725,92.14696385639729,NA,NA,NA,NA,100.57069184235135,NA,NA,NA,NA,NA,NA,NA
702273,90.1937031936168,NA,97.71556960914755,97.06054510118518,102.49406410051381,NA,99.19947972656567,NA,98.8260122310501,NA,NA,NA,NA,NA,NA,NA
702352,91.28481214311442,NA,85.54337212459235,93.81455517009111,NA,102.78520260430916,91.56020430109822,NA,93.0662715894048,Spencer Bivens,"<a href=""leaders.aspx?pos=all&stats=pit&lg=all&qual=0&type=strType&season=2025&month=0&season1=2025&ind=1&team=30&rost=0&age=0"">SFG</a>",81,4.000000376760259,3.7030376062653425,4.262780192117939,0.10495627
702460,NA,90.97775058031732,NA,92.14967153779078,NA,NA,NA,NA,91.85669129842242,NA,NA,NA,NA,NA,NA,NA
702674,96.31086487210678,98.72552162578175,94.56726854823513,NA,100.22390730467153,NA,NA,NA,96.77580239309154,Caden Dana,"<a href=""leaders.aspx?pos=all&stats=pit&lg=all&qual=0&type=strType&season=2025&month=0&season1=2025&ind=1&team=1&rost=0&age=0"">LAA</a>",32.1,6.402062107442565,6.475342635133343,4.4779962690485124,0.10638298
702752,99.82329916536779,NA,102.99040552067089,NA,NA,NA,109.13650195071483,NA,107.15425251675205,Jonathan Pintaro,"<a href=""leaders.aspx?pos=all&stats=pit&lg=all&qual=0&type=strType&season=2025&month=0&season1=2025&ind=1&team=25&rost=0&age=0"">NYM</a>",0.2,27.000028163224034,9.135142576701018,9.135142576701018,-0.16666667
702795,108.67186682465174,NA,86.3797366787458,95.20185922389285,105.99828921455264,105.9049048930767,NA,NA,96.46284536808135,Ryan Loutos,- - -,12,12.750001013279041,8.635136755307549,6.3574556606864405,0
702878,NA,90.3751856126745,97.70512544764264,NA,NA,NA,115.31458431802616,NA,105.32794217239731,NA,NA,NA,NA,NA,NA,NA
703725,100.16512568454597,NA,NA,99.20500634103881,102.83913208613691,NA,NA,NA,99.79723213882241,NA,NA,NA,NA,NA,NA,NA
800048,100.49820381884702,94.33561297020431,92.56211958860266,85.22466394553183,102.66662528585351,NA,NA,NA,94.99866549629805,Parker Messick,"<a href=""leaders.aspx?pos=all&stats=pit&lg=all&qual=0&type=strType&season=2025&month=0&season1=2025&ind=1&team=5&rost=0&age=0"">CLE</a>",39.2,2.7226892501888273,2.983875804307408,3.1499117971925483,0.19393939
800049,93.09720020704417,99.45259881329805,102.94758937862038,93.02251922267922,105.9435292157622,104.39064045589132,NA,NA,101.19838016452388,Adam Mazur,"<a href=""leaders.aspx?pos=all&stats=pit&lg=all&qual=0&type=strType&season=2025&month=0&season1=2025&ind=1&team=20&rost=0&age=0"">MIA</a>",30,4.8,4.901802984873454,5.224122071266175,0.05035971
800311,NA,107.73696690495713,105.10069474187318,NA,NA,100.81788759105629,NA,NA,103.8800979473408,Didier Fuentes,"<a href=""leaders.aspx?pos=all&stats=pit&lg=all&qual=0&type=strType&season=2025&month=0&season1=2025&ind=1&team=16&rost=0&age=0"">ATL</a>",13,13.846154861901713,9.135136758364197,5.74423381156903,0.08695652
801128,NA,95.43518546230464,98.26887763758128,NA,99.01315200081599,NA,91.07477253316247,NA,97.38681792934986,NA,NA,NA,NA,NA,NA,NA
801139,118.2406970920055,106.17274994036397,108.95197849067692,NA,103.6177655985436,NA,102.81730386344213,NA,108.08897804980485,Payton Tolle,"<a href=""leaders.aspx?pos=all&stats=pit&lg=all&qual=0&type=strType&season=2025&month=0&season1=2025&ind=1&team=3&rost=0&age=0"">BOS</a>",16.1,6.061224607763964,6.257585358570042,3.9770531304888204,0.14864865
801216,94.51311011530791,NA,94.98493348610276,91.69445817699088,105.94733107235027,NA,NA,NA,97.23244840674045,Christian Montes De Oca,"<a href=""leaders.aspx?pos=all&stats=pit&lg=all&qual=0&type=strType&season=2025&month=0&season1=2025&ind=1&team=15&rost=0&age=0"">ARI</a>",2.2,0,2.760136228799799,4.494593371470464,0.11111111
801403,100.56307260882282,103.86843852924636,100.18093992879477,98.35558308840119,NA,NA,109.86711189517813,NA,101.96961320474777,Chase Dollander,"<a href=""leaders.aspx?pos=all&stats=pit&lg=all&qual=0&type=strType&season=2025&month=0&season1=2025&ind=1&team=19&rost=0&age=0"">COL</a>",98,6.520408670885411,5.533095688563707,4.970256466339668,0.07482993
801432,83.50843657035045,NA,95.36658428211496,NA,NA,100.04513350216769,NA,NA,96.89363403828283,NA,NA,NA,NA,NA,NA,NA
801434,NA,NA,102.85213001644564,NA,102.45077145804431,NA,98.76754989544264,NA,102.25208360375157,Paul Gervase,- - -,8.1,4.320000659179788,8.055137068939324,6.335276290914912,0.05128205
801619,NA,NA,NA,108.38840028407452,110.09939563417839,NA,NA,NA,108.69949034772976,NA,NA,NA,NA,NA,NA,NA
801870,96.46792916542626,NA,94.65124183919117,NA,101.19865130922537,NA,NA,NA,97.9382676822621,NA,NA,NA,NA,NA,NA,NA
802419,NA,NA,90.20705684241119,NA,NA,103.09956071695164,97.7984727602088,NA,95.74783349192695,Thomas Harrington,"<a href=""leaders.aspx?pos=all&stats=pit&lg=all&qual=0&type=strType&season=2025&month=0&season1=2025&ind=1&team=27&rost=0&age=0"">PIT</a>",8.2,15.576924219639427,8.442829015269112,6.611223848816984,0
802686,NA,NA,97.41260229860747,NA,NA,101.66011297153787,NA,NA,97.4252826399923,Hayden Harris,"<a href=""leaders.aspx?pos=all&stats=pit&lg=all&qual=0&type=strType&season=2025&month=0&season1=2025&ind=1&team=16&rost=0&age=0"">ATL</a>",2.2,3.3750008046628963,5.385136854648718,7.119593997319384,-0.16666667
804636,98.58368502656359,94.54701550966327,108.39096215851188,NA,102.29103507224437,NA,NA,NA,103.93312460118585,Jonah Tong,"<a href=""leaders.aspx?pos=all&stats=pit&lg=all&qual=0&type=strType&season=2025&month=0&season1=2025&ind=1&team=25&rost=0&age=0"">NYM</a>",18.2,7.714285977032729,4.313707786920121,3.9588787896928608,0.14942529
805123,103.55311735624856,96.92838973749494,105.34399928531677,NA,103.26521480768203,105.28379771168959,101.54154024778352,NA,104.69210925605084,AJ Blubaugh,"<a href=""leaders.aspx?pos=all&stats=pit&lg=all&qual=0&type=strType&season=2025&month=0&season1=2025&ind=1&team=21&rost=0&age=0"">HOU</a>",32,1.6875,4.416386318206787,4.09877787604928,0.19354839
805299,92.88554959659774,NA,NA,100.37774886437717,105.87597553861426,117.36993264987628,NA,NA,106.3211045540302,Brandyn Garcia,- - -,14.1,5.651164044039536,3.0653688608729657,4.033437947656195,0.09090909
805427,86.95787661165993,NA,94.00054357804899,100.44883071990752,97.54845732253841,NA,NA,NA,98.17168706333894,Drew Sommers,"<a href=""leaders.aspx?pos=all&stats=pit&lg=all&qual=0&type=strType&season=2025&month=0&season1=2025&ind=1&team=6&rost=0&age=0"">DET</a>",3,18.000005722047717,9.468471664853206,8.218616563790718,0
805673,97.34523012007392,99.3820388542045,103.51292044541746,96.36309281009139,105.5590645507944,NA,98.21045822260284,NA,102.07627353989481,Zebby Matthews,"<a href=""leaders.aspx?pos=all&stats=pit&lg=all&qual=0&type=strType&season=2025&month=0&season1=2025&ind=1&team=8&rost=0&age=0"">MIN</a>",79.1,5.558823885802189,3.7905985451040975,3.806448253377109,0.18079096
805871,98.67073694080142,NA,92.5620708470799,90.27896214653994,101.08202057053397,NA,NA,NA,94.33885310421167,NA,NA,NA,NA,NA,NA,NA
806185,120.44831769272113,102.50012101895925,103.26184375821245,NA,103.72708313503868,NA,NA,NA,106.04566588984832,Hayden Birdsong,"<a href=""leaders.aspx?pos=all&stats=pit&lg=all&qual=0&type=strType&season=2025&month=0&season1=2025&ind=1&team=30&rost=0&age=0"">SFG</a>",65.2,4.796954500496743,4.962547556491261,5.001982802774807,0.10402685
806188,95.08379403898061,111.53013868846035,87.166814223499,95.97232253819278,106.858014259027,104.8312287991202,NA,NA,101.57493793997136,Cade Gibson,"<a href=""leaders.aspx?pos=all&stats=pit&lg=all&qual=0&type=strType&season=2025&month=0&season1=2025&ind=1&team=20&rost=0&age=0"">MIA</a>",54.2,2.6341468316328154,3.757087653453424,4.228180141506558,0.09565217
806288,95.46518510318643,100.24455924375903,92.91751337453606,87.73905763580959,107.27077404969445,NA,100.67309437443623,NA,96.5861421081989,NA,NA,NA,NA,NA,NA,NA
806585,NA,NA,100.43934516011397,NA,97.15409165210892,NA,96.02408286830321,NA,98.68371752773088,NA,NA,NA,NA,NA,NA,NA
806960,94.93381456830564,NA,105.03119928437818,NA,110.16738710529046,109.88487635746243,NA,NA,105.47012060625342,Luis Morales,"<a href=""leaders.aspx?pos=all&stats=pit&lg=all&qual=0&type=strType&season=2025&month=0&season1=2025&ind=1&team=10&rost=0&age=0"">ATH</a>",48.2,3.143835780723038,4.6762322891494525,4.535059202978925,0.12562814
808865,98.39220805118659,96.64432365942338,90.66442771646912,86.51856803793858,NA,NA,79.6120952513468,NA,94.96115183678006,NA,NA,NA,NA,NA,NA,NA
808963,NA,NA,94.69797738814586,100.52377545420781,96.42461414022871,NA,NA,NA,101.30872017579705,Roki Sasaki,"<a href=""leaders.aspx?pos=all&stats=pit&lg=all&qual=0&type=strType&season=2025&month=0&season1=2025&ind=1&team=22&rost=0&age=0"">LAD</a>",36.1,4.458715752372943,5.804861182281945,5.525132636280106,0.03726708
808967,NA,105.35398370609298,97.96579718126884,90.03457274394842,106.13912722074608,111.41269887221112,99.56599411495678,NA,101.21270532954604,Yoshinobu Yamamoto,"<a href=""leaders.aspx?pos=all&stats=pit&lg=all&qual=0&type=strType&season=2025&month=0&season1=2025&ind=1&team=22&rost=0&age=0"">LAD</a>",173.2,2.487524138029198,2.9393589554915263,3.0454594084815447,0.20760234
809950,NA,NA,95.18545858121576,NA,100.09973889337891,NA,NA,NA,98.13402676851365,NA,NA,NA,NA,NA,NA,NA
811310,NA,NA,97.69620397866096,99.42346262161472,111.70226304719435,NA,101.40233874461029,NA,101.79688817756235,NA,NA,NA,NA,NA,NA,NA
813349,102.61515069449474,101.32754065555879,96.54806108716532,98.99833703549173,98.2580489018623,103.32159896831614,NA,NA,99.68362260096305,Connelly Early,"<a href=""leaders.aspx?pos=all&stats=pit&lg=all&qual=0&type=strType&season=2025&month=0&season1=2025&ind=1&team=3&rost=0&age=0"">BOS</a>",19.1,2.327586359983402,0.910998240889314,2.3464108007956854,0.3164557
813636,86.30058793048852,NA,91.82182398305302,NA,92.88959600218818,NA,94.46849970430097,NA,90.93033734202935,NA,NA,NA,NA,NA,NA,NA
813882,NA,NA,NA,88.46426728401244,103.64179017219347,NA,102.25494268983545,NA,92.81423259983167,NA,NA,NA,NA,NA,NA,NA
814291,100.9028306496194,95.30770499802661,NA,93.88637524784,98.3551074390352,NA,98.10216920067228,NA,97.46194660582069,NA,NA,NA,NA,NA,NA,NA
814388,93.37049912231794,NA,90.05750804014804,NA,100.97599977821272,NA,99.7727299638536,NA,96.50216584180674,NA,NA,NA,NA,NA,NA,NA
814527,NA,109.56161803647387,98.83143277087552,96.52999143902971,116.3268646982342,NA,97.80756910869347,NA,101.23020206660148,NA,NA,NA,NA,NA,NA,NA
814716,NA,104.05783938182569,87.29791812565706,NA,102.26972721214501,NA,NA,NA,95.23085071132121,NA,NA,NA,NA,NA,NA,NA
815066,NA,102.41168902617522,85.75380188502552,NA,NA,NA,NA,NA,89.91827367031296,NA,NA,NA,NA,NA,NA,NA
815083,102.88974828421816,NA,89.28562847613655,NA,97.92004576346994,NA,NA,NA,94.8520595612099,Mitch Farris,"<a href=""leaders.aspx?pos=all&stats=pit&lg=all&qual=0&type=strType&season=2025&month=0&season1=2025&ind=1&team=1&rost=0&age=0"">LAA</a>",24.1,6.657534594472315,4.7789720205456305,4.796196817460022,0.12149533
815318,87.82322136404879,94.642000713686,108.80071763224706,NA,94.64851379652185,NA,103.26818834314986,NA,101.26893082710318,NA,NA,NA,NA,NA,NA,NA
820862,105.18982466940082,NA,100.19883838071385,99.13977820754113,111.9598521135937,NA,NA,NA,105.97499660163655,José Fermin,"<a href=""leaders.aspx?pos=all&stats=pit&lg=all&qual=0&type=strType&season=2025&month=0&season1=2025&ind=1&team=1&rost=0&age=0"">LAA</a>",34.1,4.45631133978558,5.989505673102126,5.1607257374576525,0.10526316
823996,NA,NA,NA,93.49757437399529,94.19600202151017,NA,NA,NA,93.7012824378538,NA,NA,NA,NA,NA,NA,NA
827744,NA,101.85159095595634,105.42751157591273,NA,100.43879345635064,NA,NA,NA,104.00007178599299,NA,NA,NA,NA,NA,NA,NA
828353,95.65474258326299,97.97159754747676,90.67592399269715,NA,91.90050529154166,NA,NA,NA,92.02638835413292,NA,NA,NA,NA,NA,NA,NA
828496,NA,NA,105.22801828395833,NA,100.21728553181464,NA,98.62790555023358,NA,102.83715020719784,NA,NA,NA,NA,NA,NA,NA
829272,97.68494936610266,NA,92.50289525836054,93.63786275024614,97.21624987443349,100.25994861960154,NA,106.84092324053692,97.29117343416426,Shinnosuke Ogasawara,"<a href=""leaders.aspx?pos=all&stats=pit&lg=all&qual=0&type=strType&season=2025&month=0&season1=2025&ind=1&team=24&rost=0&age=0"">WSN</a>",38.2,6.982759768841146,6.160998884704617,5.16863764535786,0.07514451
